date,total_nominal,n_transactions,unique_donors,unique_programs,unique_channels,avg_donation,median_donation,max_donation,new_donors,returning_donors,day_of_week,day_of_month,week_of_year,month,quarter,year,is_weekend,is_month_end,is_month_start,is_ramadan,days_to_eid_fitr,days_to_eid_adha,dow_sin,dow_cos,month_sin,month_cos,dom_sin,dom_cos,days_since_start
2020-12-17,300000,1,1,1,1,300000.0,300000.0,300000,1,0,3,17,51,12,4,2020,0,0,0,0,147.0,215.0,0.43388373911755823,-0.900968867902419,-2.4492935982947064e-16,1.0,-0.2993631229733582,-0.9541392564000488,0
2020-12-18,100000,1,1,1,1,100000.0,100000.0,100000,1,0,4,18,51,12,4,2020,0,0,0,0,146.0,214.0,-0.433883739117558,-0.9009688679024191,-2.4492935982947064e-16,1.0,-0.4853019625310808,-0.8743466161445822,1
2020-12-19,0,0,0,0,0,0.0,0.0,0,0,0,5,19,51,12,4,2020,1,0,0,0,145.0,213.0,-0.9749279121818236,-0.2225209339563146,-2.4492935982947064e-16,1.0,-0.651372482722222,-0.7587581226927911,2
2020-12-20,0,0,0,0,0,0.0,0.0,0,0,0,6,20,51,12,4,2020,1,0,0,0,144.0,212.0,-0.7818314824680299,0.6234898018587334,-2.4492935982947064e-16,1.0,-0.7907757369376986,-0.6121059825476627,3
2020-12-21,0,0,0,0,0,0.0,0.0,0,0,0,0,21,52,12,4,2020,0,0,0,0,143.0,211.0,0.0,1.0,-2.4492935982947064e-16,1.0,-0.8978045395707417,-0.44039415155763423,4
2020-12-22,100000,1,1,1,1,100000.0,100000.0,100000,1,0,1,22,52,12,4,2020,0,0,0,0,142.0,210.0,0.7818314824680298,0.6234898018587336,-2.4492935982947064e-16,1.0,-0.9680771188662041,-0.2506525322587213,5
2020-12-23,0,0,0,0,0,0.0,0.0,0,0,0,2,23,52,12,4,2020,0,0,0,0,141.0,209.0,0.9749279121818236,-0.22252093395631434,-2.4492935982947064e-16,1.0,-0.9987165071710528,-0.05064916883871355,6
2020-12-24,0,0,0,0,0,0.0,0.0,0,0,0,3,24,52,12,4,2020,0,0,0,0,140.0,208.0,0.43388373911755823,-0.900968867902419,-2.4492935982947064e-16,1.0,-0.9884683243281114,0.15142777750457667,7
2020-12-25,0,0,0,0,0,0.0,0.0,0,0,0,4,25,52,12,4,2020,0,0,0,0,139.0,207.0,-0.433883739117558,-0.9009688679024191,-2.4492935982947064e-16,1.0,-0.9377521321470804,0.3473052528448203,8
2020-12-26,500000,1,1,1,1,500000.0,500000.0,500000,1,0,5,26,52,12,4,2020,1,0,0,0,138.0,206.0,-0.9749279121818236,-0.2225209339563146,-2.4492935982947064e-16,1.0,-0.848644257494751,0.5289640103269624,9
2020-12-27,0,0,0,0,0,0.0,0.0,0,0,0,6,27,52,12,4,2020,1,0,0,0,137.0,205.0,-0.7818314824680299,0.6234898018587334,-2.4492935982947064e-16,1.0,-0.72479278722912,0.6889669190756865,10
2020-12-28,0,0,0,0,0,0.0,0.0,0,0,0,0,28,53,12,4,2020,0,0,0,0,136.0,204.0,0.0,1.0,-2.4492935982947064e-16,1.0,-0.5712682150947924,0.8207634412072763,11
2020-12-29,600000,2,2,2,2,300000.0,300000.0,500000,2,0,1,29,53,12,4,2020,0,0,0,0,135.0,203.0,0.7818314824680298,0.6234898018587336,-2.4492935982947064e-16,1.0,-0.3943558551133187,0.9189578116202306,12
2020-12-30,0,0,0,0,0,0.0,0.0,0,0,0,2,30,53,12,4,2020,0,0,0,0,134.0,202.0,0.9749279121818236,-0.22252093395631434,-2.4492935982947064e-16,1.0,-0.20129852008866114,0.9795299412524943,13
2020-12-31,0,0,0,0,0,0.0,0.0,0,0,0,3,31,53,12,4,2020,0,1,0,0,133.0,201.0,0.43388373911755823,-0.900968867902419,-2.4492935982947064e-16,1.0,-2.4492935982947064e-16,1.0,14
2021-01-01,9301125,28,24,8,2,332183.03571428574,200000.0,2000000,24,0,4,1,53,1,1,2021,0,0,1,0,132.0,200.0,-0.433883739117558,-0.9009688679024191,0.49999999999999994,0.8660254037844387,0.20129852008866006,0.9795299412524945,15
2021-01-02,5570000,13,12,5,2,428461.53846153844,300000.0,2000000,11,1,5,2,53,1,1,2021,1,0,0,0,131.0,199.0,-0.9749279121818236,-0.2225209339563146,0.49999999999999994,0.8660254037844387,0.39435585511331855,0.9189578116202306,16
2021-01-03,695000,5,5,3,2,139000.0,50000.0,500000,5,0,6,3,53,1,1,2021,1,0,0,0,130.0,198.0,-0.7818314824680299,0.6234898018587334,0.49999999999999994,0.8660254037844387,0.5712682150947923,0.8207634412072763,17
2021-01-04,5802950,17,9,3,3,341350.0,100000.0,3000000,7,2,0,4,1,1,1,2021,0,0,0,0,129.0,197.0,0.0,1.0,0.49999999999999994,0.8660254037844387,0.7247927872291199,0.6889669190756866,18
2021-01-05,7867180,17,15,4,7,462775.29411764705,330000.0,1490250,13,2,1,5,1,1,1,2021,0,0,0,0,128.0,196.0,0.7818314824680298,0.6234898018587336,0.49999999999999994,0.8660254037844387,0.8486442574947509,0.5289640103269624,19
2021-01-06,5197939,14,13,4,1,371281.35714285716,235000.0,1793394,11,2,2,6,1,1,1,2021,0,0,0,0,127.0,195.0,0.9749279121818236,-0.22252093395631434,0.49999999999999994,0.8660254037844387,0.9377521321470804,0.3473052528448203,20
2021-01-07,4231105,12,10,4,4,352592.0833333333,227150.0,1565000,8,2,3,7,1,1,1,2021,0,0,0,0,126.0,194.0,0.43388373911755823,-0.900968867902419,0.49999999999999994,0.8660254037844387,0.9884683243281114,0.1514277775045767,21
2021-01-08,6551750,19,12,5,3,344828.94736842107,200000.0,3000000,8,4,4,8,1,1,1,2021,0,0,0,0,125.0,193.0,-0.433883739117558,-0.9009688679024191,0.49999999999999994,0.8660254037844387,0.9987165071710528,-0.05064916883871264,22
2021-01-09,12420395,16,12,6,5,776274.6875,425000.0,3500000,10,2,5,9,1,1,1,2021,1,0,0,0,124.0,192.0,-0.9749279121818236,-0.2225209339563146,0.49999999999999994,0.8660254037844387,0.9680771188662043,-0.2506525322587204,23
2021-01-10,10015769,16,8,7,3,625985.5625,50000.0,6890769,5,3,6,10,1,1,1,2021,1,0,0,0,123.0,191.0,-0.7818314824680299,0.6234898018587334,0.49999999999999994,0.8660254037844387,0.8978045395707416,-0.4403941515576344,24
2021-01-11,15922590,13,8,4,2,1224814.6153846155,50000.0,11532000,6,2,0,11,2,1,1,2021,0,0,0,0,122.0,190.0,0.0,1.0,0.49999999999999994,0.8660254037844387,0.7907757369376989,-0.6121059825476626,25
2021-01-12,556645,8,6,3,3,69580.625,44772.5,182100,2,4,1,12,2,1,1,2021,0,0,0,0,121.0,189.0,0.7818314824680298,0.6234898018587336,0.49999999999999994,0.8660254037844387,0.6513724827222223,-0.7587581226927909,26
2021-01-13,3293100,9,7,3,2,365900.0,50000.0,2000000,4,3,2,13,2,1,1,2021,0,0,0,0,120.0,188.0,0.9749279121818236,-0.22252093395631434,0.49999999999999994,0.8660254037844387,0.48530196253108104,-0.8743466161445821,27
2021-01-14,4404895,11,8,4,2,400445.0,14895.0,2500000,3,5,3,14,2,1,1,2021,0,0,0,0,119.0,187.0,0.43388373911755823,-0.900968867902419,0.49999999999999994,0.8660254037844387,0.29936312297335804,-0.9541392564000488,28
2021-01-15,5463392,21,15,8,3,260161.52380952382,150000.0,1626900,13,2,4,15,2,1,1,2021,0,0,0,0,118.0,186.0,-0.433883739117558,-0.9009688679024191,0.49999999999999994,0.8660254037844387,0.10116832198743272,-0.994869323391895,29
2021-01-16,4670011,34,22,7,5,137353.26470588235,100000.0,500000,19,3,5,16,2,1,1,2021,1,0,0,0,117.0,185.0,-0.9749279121818236,-0.2225209339563146,0.49999999999999994,0.8660254037844387,-0.10116832198743204,-0.9948693233918952,30
2021-01-17,11615077,24,18,7,4,483961.5416666667,125005.5,6700000,14,4,6,17,2,1,1,2021,1,0,0,0,116.0,184.0,-0.7818314824680299,0.6234898018587334,0.49999999999999994,0.8660254037844387,-0.2993631229733582,-0.9541392564000488,31
2021-01-18,14499179,39,29,7,5,371773.8205128205,150000.0,3000000,23,6,0,18,3,1,1,2021,0,0,0,0,115.0,183.0,0.0,1.0,0.49999999999999994,0.8660254037844387,-0.4853019625310808,-0.8743466161445822,32
2021-01-19,17660521,21,16,6,5,840977.1904761905,150000.0,5000000,11,5,1,19,3,1,1,2021,0,0,0,0,114.0,182.0,0.7818314824680298,0.6234898018587336,0.49999999999999994,0.8660254037844387,-0.651372482722222,-0.7587581226927911,33
2021-01-20,10504804,31,21,8,7,338864.6451612903,200000.0,1160252,17,4,2,20,3,1,1,2021,0,0,0,0,113.0,181.0,0.9749279121818236,-0.22252093395631434,0.49999999999999994,0.8660254037844387,-0.7907757369376986,-0.6121059825476627,34
2021-01-21,9871022,29,24,7,5,340380.0689655172,100000.0,5000000,22,2,3,21,3,1,1,2021,0,0,0,0,112.0,180.0,0.43388373911755823,-0.900968867902419,0.49999999999999994,0.8660254037844387,-0.8978045395707417,-0.44039415155763423,35
2021-01-22,41854618,74,59,9,9,565602.9459459459,150000.0,15000000,50,9,4,22,3,1,1,2021,0,0,0,0,111.0,179.0,-0.433883739117558,-0.9009688679024191,0.49999999999999994,0.8660254037844387,-0.9680771188662041,-0.2506525322587213,36
2021-01-23,18144011,55,49,9,8,329891.10909090907,100000.0,3434000,43,6,5,23,3,1,1,2021,1,0,0,0,110.0,178.0,-0.9749279121818236,-0.2225209339563146,0.49999999999999994,0.8660254037844387,-0.9987165071710528,-0.05064916883871355,37
2021-01-24,5785711,22,18,5,5,262986.86363636365,175000.0,1000000,14,4,6,24,3,1,1,2021,1,0,0,0,109.0,177.0,-0.7818314824680299,0.6234898018587334,0.49999999999999994,0.8660254037844387,-0.9884683243281114,0.15142777750457667,38
2021-01-25,4394406,36,24,8,5,122066.83333333333,50000.0,500000,15,9,0,25,4,1,1,2021,0,0,0,0,108.0,176.0,0.0,1.0,0.49999999999999994,0.8660254037844387,-0.9377521321470804,0.3473052528448203,39
2021-01-26,22050918,41,35,7,6,537827.268292683,150000.0,10350000,19,16,1,26,4,1,1,2021,0,0,0,0,107.0,175.0,0.7818314824680298,0.6234898018587336,0.49999999999999994,0.8660254037844387,-0.848644257494751,0.5289640103269624,40
2021-01-27,30761585,57,34,9,5,539676.9298245613,100123.0,10000000,23,11,2,27,4,1,1,2021,0,0,0,0,106.0,174.0,0.9749279121818236,-0.22252093395631434,0.49999999999999994,0.8660254037844387,-0.72479278722912,0.6889669190756865,41
2021-01-28,27770080,38,31,10,8,730791.5789473684,278500.0,10000000,25,6,3,28,4,1,1,2021,0,0,0,0,105.0,173.0,0.43388373911755823,-0.900968867902419,0.49999999999999994,0.8660254037844387,-0.5712682150947924,0.8207634412072763,42
2021-01-29,36686000,60,50,8,7,611433.3333333334,200000.0,10000000,37,13,4,29,4,1,1,2021,0,0,0,0,104.0,172.0,-0.433883739117558,-0.9009688679024191,0.49999999999999994,0.8660254037844387,-0.3943558551133187,0.9189578116202306,43
2021-01-30,14270814,40,30,7,6,356770.35,137504.0,2000000,25,5,5,30,4,1,1,2021,1,0,0,0,103.0,171.0,-0.9749279121818236,-0.2225209339563146,0.49999999999999994,0.8660254037844387,-0.20129852008866114,0.9795299412524943,44
2021-01-31,15107123,43,31,7,5,351328.4418604651,150000.0,3000000,26,5,6,31,4,1,1,2021,1,1,0,0,102.0,170.0,-0.7818314824680299,0.6234898018587334,0.49999999999999994,0.8660254037844387,-2.4492935982947064e-16,1.0,45
2021-02-01,8984906,46,35,5,5,195324.04347826086,100000.0,850000,22,13,0,1,5,2,1,2021,0,0,1,0,101.0,169.0,0.0,1.0,0.8660254037844386,0.5000000000000001,0.20129852008866006,0.9795299412524945,46
2021-02-02,39376106,47,36,7,6,837789.4893617021,150000.0,24225000,24,12,1,2,5,2,1,2021,0,0,0,0,100.0,168.0,0.7818314824680298,0.6234898018587336,0.8660254037844386,0.5000000000000001,0.39435585511331855,0.9189578116202306,47
2021-02-03,13037000,32,25,7,6,407406.25,225000.0,3000000,18,7,2,3,5,2,1,2021,0,0,0,0,99.0,167.0,0.9749279121818236,-0.22252093395631434,0.8660254037844386,0.5000000000000001,0.5712682150947923,0.8207634412072763,48
2021-02-04,13909564,39,28,11,5,356655.4871794872,100000.0,5997500,18,10,3,4,5,2,1,2021,0,0,0,0,98.0,166.0,0.43388373911755823,-0.900968867902419,0.8660254037844386,0.5000000000000001,0.7247927872291199,0.6889669190756866,49
2021-02-05,46456565,53,45,9,10,876538.962264151,178000.0,25000000,35,10,4,5,5,2,1,2021,0,0,0,0,97.0,165.0,-0.433883739117558,-0.9009688679024191,0.8660254037844386,0.5000000000000001,0.8486442574947509,0.5289640103269624,50
2021-02-06,15486279,28,26,7,6,553081.3928571428,225000.0,5000000,15,11,5,6,5,2,1,2021,1,0,0,0,96.0,164.0,-0.9749279121818236,-0.2225209339563146,0.8660254037844386,0.5000000000000001,0.9377521321470804,0.3473052528448203,51
2021-02-07,13490000,14,12,6,3,963571.4285714285,60000.0,10000000,8,4,6,7,5,2,1,2021,1,0,0,0,95.0,163.0,-0.7818314824680299,0.6234898018587334,0.8660254037844386,0.5000000000000001,0.9884683243281114,0.1514277775045767,52
2021-02-08,15268428,40,23,8,6,381710.7,100000.0,4625000,14,9,0,8,6,2,1,2021,0,0,0,0,94.0,162.0,0.0,1.0,0.8660254037844386,0.5000000000000001,0.9987165071710528,-0.05064916883871264,53
2021-02-09,14130347,56,51,8,5,252327.625,100000.0,4505616,37,14,1,9,6,2,1,2021,0,0,0,0,93.0,161.0,0.7818314824680298,0.6234898018587336,0.8660254037844386,0.5000000000000001,0.9680771188662043,-0.2506525322587204,54
2021-02-10,4253000,22,17,5,6,193318.18181818182,149000.0,1000000,10,7,2,10,6,2,1,2021,0,0,0,0,92.0,160.0,0.9749279121818236,-0.22252093395631434,0.8660254037844386,0.5000000000000001,0.8978045395707416,-0.4403941515576344,55
2021-02-11,5247930,23,20,6,4,228170.86956521738,100000.0,2000000,15,5,3,11,6,2,1,2021,0,0,0,0,91.0,159.0,0.43388373911755823,-0.900968867902419,0.8660254037844386,0.5000000000000001,0.7907757369376989,-0.6121059825476626,56
2021-02-12,7360750,28,22,7,5,262883.9285714286,101875.0,3000000,10,12,4,12,6,2,1,2021,0,0,0,0,90.0,158.0,-0.433883739117558,-0.9009688679024191,0.8660254037844386,0.5000000000000001,0.6513724827222223,-0.7587581226927909,57
2021-02-13,17030000,28,22,9,5,608214.2857142857,175000.0,5000000,14,8,5,13,6,2,1,2021,1,0,0,0,89.0,157.0,-0.9749279121818236,-0.2225209339563146,0.8660254037844386,0.5000000000000001,0.48530196253108104,-0.8743466161445821,58
2021-02-14,6065733,17,14,9,4,356807.82352941175,200000.0,1564000,11,3,6,14,6,2,1,2021,1,0,0,0,88.0,156.0,-0.7818314824680299,0.6234898018587334,0.8660254037844386,0.5000000000000001,0.29936312297335804,-0.9541392564000488,59
2021-02-15,5122135,24,18,5,5,213422.29166666666,100250.0,1000000,10,8,0,15,7,2,1,2021,0,0,0,0,87.0,155.0,0.0,1.0,0.8660254037844386,0.5000000000000001,0.10116832198743272,-0.994869323391895,60
2021-02-16,4159200,14,12,5,3,297085.71428571426,150000.0,1180050,7,5,1,16,7,2,1,2021,0,0,0,0,86.0,154.0,0.7818314824680298,0.6234898018587336,0.8660254037844386,0.5000000000000001,-0.10116832198743204,-0.9948693233918952,61
2021-02-17,12774124,19,16,5,5,672322.3157894737,300000.0,4825265,10,6,2,17,7,2,1,2021,0,0,0,0,85.0,153.0,0.9749279121818236,-0.22252093395631434,0.8660254037844386,0.5000000000000001,-0.2993631229733582,-0.9541392564000488,62
2021-02-18,23733000,20,17,6,8,1186650.0,300000.0,17870500,9,8,3,18,7,2,1,2021,0,0,0,0,84.0,152.0,0.43388373911755823,-0.900968867902419,0.8660254037844386,0.5000000000000001,-0.4853019625310808,-0.8743466161445822,63
2021-02-19,16861000,46,39,7,7,366543.47826086957,187500.0,3000000,25,14,4,19,7,2,1,2021,0,0,0,0,83.0,151.0,-0.433883739117558,-0.9009688679024191,0.8660254037844386,0.5000000000000001,-0.651372482722222,-0.7587581226927911,64
2021-02-20,3950000,17,17,5,5,232352.9411764706,300000.0,400000,13,4,5,20,7,2,1,2021,1,0,0,0,82.0,150.0,-0.9749279121818236,-0.2225209339563146,0.8660254037844386,0.5000000000000001,-0.7907757369376986,-0.6121059825476627,65
2021-02-21,4592000,20,20,8,7,229600.0,200000.0,1000000,12,8,6,21,7,2,1,2021,1,0,0,0,81.0,149.0,-0.7818314824680299,0.6234898018587334,0.8660254037844386,0.5000000000000001,-0.8978045395707417,-0.44039415155763423,66
2021-02-22,11168641,46,43,6,11,242796.54347826086,300000.0,750000,33,10,0,22,8,2,1,2021,0,0,0,0,80.0,148.0,0.0,1.0,0.8660254037844386,0.5000000000000001,-0.9680771188662041,-0.2506525322587213,67
2021-02-23,9129195,20,20,8,7,456459.75,300000.0,2500000,12,8,1,23,8,2,1,2021,0,0,0,0,79.0,147.0,0.7818314824680298,0.6234898018587336,0.8660254037844386,0.5000000000000001,-0.9987165071710528,-0.05064916883871355,68
2021-02-24,10798861,29,27,9,5,372374.5172413793,300000.0,1400000,20,7,2,24,8,2,1,2021,0,0,0,0,78.0,146.0,0.9749279121818236,-0.22252093395631434,0.8660254037844386,0.5000000000000001,-0.9884683243281114,0.15142777750457667,69
2021-02-25,17036671,37,33,9,9,460450.5675675676,300000.0,3500000,26,7,3,25,8,2,1,2021,0,0,0,0,77.0,145.0,0.43388373911755823,-0.900968867902419,0.8660254037844386,0.5000000000000001,-0.9377521321470804,0.3473052528448203,70
2021-02-26,34499405,85,78,17,10,405875.35294117645,300000.0,3997500,53,25,4,26,8,2,1,2021,0,0,0,0,76.0,144.0,-0.433883739117558,-0.9009688679024191,0.8660254037844386,0.5000000000000001,-0.848644257494751,0.5289640103269624,71
2021-02-27,73573804,69,57,13,10,1066287.0144927537,300000.0,11913214,39,18,5,27,8,2,1,2021,1,0,0,0,75.0,143.0,-0.9749279121818236,-0.2225209339563146,0.8660254037844386,0.5000000000000001,-0.72479278722912,0.6889669190756865,72
2021-02-28,14630842,52,49,10,7,281362.3461538461,300000.0,1616000,35,14,6,28,8,2,1,2021,1,1,0,0,74.0,142.0,-0.7818314824680299,0.6234898018587334,0.8660254037844386,0.5000000000000001,-0.5712682150947924,0.8207634412072763,73
2021-03-01,14054250,45,42,9,8,312316.6666666667,300000.0,880000,30,12,0,1,9,3,1,2021,0,0,1,0,73.0,141.0,0.0,1.0,1.0,6.123233995736766e-17,0.20129852008866006,0.9795299412524945,74
2021-03-02,13245695,37,37,6,10,357991.75675675675,300000.0,2000000,32,5,1,2,9,3,1,2021,0,0,0,0,72.0,140.0,0.7818314824680298,0.6234898018587336,1.0,6.123233995736766e-17,0.39435585511331855,0.9189578116202306,75
2021-03-03,24085000,64,63,11,12,376328.125,300000.0,1800000,45,18,2,3,9,3,1,2021,0,0,0,0,71.0,139.0,0.9749279121818236,-0.22252093395631434,1.0,6.123233995736766e-17,0.5712682150947923,0.8207634412072763,76
2021-03-04,25770000,53,47,7,12,486226.41509433964,300000.0,6500000,40,7,3,4,9,3,1,2021,0,0,0,0,70.0,138.0,0.43388373911755823,-0.900968867902419,1.0,6.123233995736766e-17,0.7247927872291199,0.6889669190756866,77
2021-03-05,49959800,121,117,10,12,412890.9090909091,300000.0,5000000,98,19,4,5,9,3,1,2021,0,0,0,0,69.0,137.0,-0.433883739117558,-0.9009688679024191,1.0,6.123233995736766e-17,0.8486442574947509,0.5289640103269624,78
2021-03-06,38465000,100,89,10,12,384650.0,300000.0,2500000,76,13,5,6,9,3,1,2021,1,0,0,0,68.0,136.0,-0.9749279121818236,-0.2225209339563146,1.0,6.123233995736766e-17,0.9377521321470804,0.3473052528448203,79
2021-03-07,19040000,57,52,10,10,334035.08771929826,300000.0,3000000,45,7,6,7,9,3,1,2021,1,0,0,0,67.0,135.0,-0.7818314824680299,0.6234898018587334,1.0,6.123233995736766e-17,0.9884683243281114,0.1514277775045767,80
2021-03-08,27225000,62,61,6,12,439112.9032258064,300000.0,3500000,56,5,0,8,10,3,1,2021,0,0,0,0,66.0,134.0,0.0,1.0,1.0,6.123233995736766e-17,0.9987165071710528,-0.05064916883871264,81
2021-03-09,32985200,90,88,7,15,366502.22222222225,300000.0,2500000,81,7,1,9,10,3,1,2021,0,0,0,0,65.0,133.0,0.7818314824680298,0.6234898018587336,1.0,6.123233995736766e-17,0.9680771188662043,-0.2506525322587204,82
2021-03-10,17165000,51,48,8,11,336568.6274509804,300000.0,1050000,41,7,2,10,10,3,1,2021,0,0,0,0,64.0,132.0,0.9749279121818236,-0.22252093395631434,1.0,6.123233995736766e-17,0.8978045395707416,-0.4403941515576344,83
2021-03-11,12920000,34,34,5,10,380000.0,300000.0,3000000,29,5,3,11,10,3,1,2021,0,0,0,0,63.0,131.0,0.43388373911755823,-0.900968867902419,1.0,6.123233995736766e-17,0.7907757369376989,-0.6121059825476626,84
2021-03-12,38704600,104,99,12,13,372159.6153846154,300000.0,6000000,81,18,4,12,10,3,1,2021,0,0,0,0,62.0,130.0,-0.433883739117558,-0.9009688679024191,1.0,6.123233995736766e-17,0.6513724827222223,-0.7587581226927909,85
2021-03-13,26230000,74,73,5,13,354459.45945945947,300000.0,5000000,66,7,5,13,10,3,1,2021,1,0,0,0,61.0,129.0,-0.9749279121818236,-0.2225209339563146,1.0,6.123233995736766e-17,0.48530196253108104,-0.8743466161445821,86
2021-03-14,63691600,56,55,6,7,1137350.0,300000.0,50000000,48,7,6,14,10,3,1,2021,1,0,0,0,60.0,128.0,-0.7818314824680299,0.6234898018587334,1.0,6.123233995736766e-17,0.29936312297335804,-0.9541392564000488,87
2021-03-15,29383679,73,72,9,13,402516.1506849315,300000.0,2150000,64,8,0,15,11,3,1,2021,0,0,0,0,59.0,127.0,0.0,1.0,1.0,6.123233995736766e-17,0.10116832198743272,-0.994869323391895,88
2021-03-16,9795000,35,35,6,10,279857.14285714284,300000.0,1000000,30,5,1,16,11,3,1,2021,0,0,0,0,58.0,126.0,0.7818314824680298,0.6234898018587336,1.0,6.123233995736766e-17,-0.10116832198743204,-0.9948693233918952,89
2021-03-17,28563000,67,66,6,12,426313.4328358209,300000.0,5000000,56,10,2,17,11,3,1,2021,0,0,0,0,57.0,125.0,0.9749279121818236,-0.22252093395631434,1.0,6.123233995736766e-17,-0.2993631229733582,-0.9541392564000488,90
2021-03-18,25414166,69,68,11,10,368321.2463768116,300000.0,1700000,63,5,3,18,11,3,1,2021,0,0,0,0,56.0,124.0,0.43388373911755823,-0.900968867902419,1.0,6.123233995736766e-17,-0.4853019625310808,-0.8743466161445822,91
2021-03-19,33368000,81,78,12,11,411950.6172839506,300000.0,5500000,68,10,4,19,11,3,1,2021,0,0,0,0,55.0,123.0,-0.433883739117558,-0.9009688679024191,1.0,6.123233995736766e-17,-0.651372482722222,-0.7587581226927911,92
2021-03-20,36090900,54,53,5,10,668350.0,300000.0,20000000,51,2,5,20,11,3,1,2021,1,0,0,0,54.0,122.0,-0.9749279121818236,-0.2225209339563146,1.0,6.123233995736766e-17,-0.7907757369376986,-0.6121059825476627,93
2021-03-21,36515006,82,80,8,11,445304.9512195122,300000.0,8000000,76,4,6,21,11,3,1,2021,1,0,0,0,53.0,121.0,-0.7818314824680299,0.6234898018587334,1.0,6.123233995736766e-17,-0.8978045395707417,-0.44039415155763423,94
2021-03-22,22325000,62,62,8,11,360080.6451612903,300000.0,5000000,53,9,0,22,12,3,1,2021,0,0,0,0,52.0,120.0,0.0,1.0,1.0,6.123233995736766e-17,-0.9680771188662041,-0.2506525322587213,95
2021-03-23,36792555,76,73,11,11,484112.5657894737,300000.0,5000000,67,6,1,23,12,3,1,2021,0,0,0,0,51.0,119.0,0.7818314824680298,0.6234898018587336,1.0,6.123233995736766e-17,-0.9987165071710528,-0.05064916883871355,96
2021-03-24,18992500,51,49,9,11,372401.96078431373,300000.0,1000000,45,4,2,24,12,3,1,2021,0,0,0,0,50.0,118.0,0.9749279121818236,-0.22252093395631434,1.0,6.123233995736766e-17,-0.9884683243281114,0.15142777750457667,97
2021-03-25,27642000,70,69,8,13,394885.71428571426,300000.0,3700000,55,14,3,25,12,3,1,2021,0,0,0,0,49.0,117.0,0.43388373911755823,-0.900968867902419,1.0,6.123233995736766e-17,-0.9377521321470804,0.3473052528448203,98
2021-03-26,40063000,126,115,11,12,317960.31746031746,300000.0,3500000,94,21,4,26,12,3,1,2021,0,0,0,0,48.0,116.0,-0.433883739117558,-0.9009688679024191,1.0,6.123233995736766e-17,-0.848644257494751,0.5289640103269624,99
2021-03-27,34822800,99,98,7,13,351745.45454545453,300000.0,1030000,81,17,5,27,12,3,1,2021,1,0,0,0,47.0,115.0,-0.9749279121818236,-0.2225209339563146,1.0,6.123233995736766e-17,-0.72479278722912,0.6889669190756865,100
2021-03-28,41488812,91,77,12,13,455921.010989011,300000.0,15000000,69,8,6,28,12,3,1,2021,1,0,0,0,46.0,114.0,-0.7818314824680299,0.6234898018587334,1.0,6.123233995736766e-17,-0.5712682150947924,0.8207634412072763,101
2021-03-29,42776500,137,128,9,14,312237.2262773723,300000.0,2000000,119,9,0,29,13,3,1,2021,0,0,0,0,45.0,113.0,0.0,1.0,1.0,6.123233995736766e-17,-0.3943558551133187,0.9189578116202306,102
2021-03-30,50457758,149,143,8,12,338642.6711409396,300000.0,3000000,133,10,1,30,13,3,1,2021,0,0,0,0,44.0,112.0,0.7818314824680298,0.6234898018587336,1.0,6.123233995736766e-17,-0.20129852008866114,0.9795299412524943,103
2021-03-31,77617948,252,245,14,15,308007.7301587302,300000.0,5000000,213,32,2,31,13,3,1,2021,0,1,0,0,43.0,111.0,0.9749279121818236,-0.22252093395631434,1.0,6.123233995736766e-17,-2.4492935982947064e-16,1.0,104
2021-04-01,51128305,139,134,12,14,367829.5323741007,300000.0,9000000,118,16,3,1,13,4,2,2021,0,0,1,0,42.0,110.0,0.43388373911755823,-0.900968867902419,0.8660254037844387,-0.4999999999999998,0.20129852008866006,0.9795299412524945,105
2021-04-02,30216000,52,52,13,11,581076.9230769231,300000.0,10000000,44,8,4,2,13,4,2,2021,0,0,0,0,41.0,109.0,-0.433883739117558,-0.9009688679024191,0.8660254037844387,-0.4999999999999998,0.39435585511331855,0.9189578116202306,106
2021-04-03,23678155,47,45,9,7,503790.5319148936,300000.0,7200000,33,12,5,3,13,4,2,2021,1,0,0,0,40.0,108.0,-0.9749279121818236,-0.2225209339563146,0.8660254037844387,-0.4999999999999998,0.5712682150947923,0.8207634412072763,107
2021-04-04,12510000,27,27,6,10,463333.3333333333,300000.0,5000000,24,3,6,4,13,4,2,2021,1,0,0,0,39.0,107.0,-0.7818314824680299,0.6234898018587334,0.8660254037844387,-0.4999999999999998,0.7247927872291199,0.6889669190756866,108
2021-04-05,24160000,65,63,14,11,371692.3076923077,300000.0,2000000,52,11,0,5,14,4,2,2021,0,0,0,0,38.0,106.0,0.0,1.0,0.8660254037844387,-0.4999999999999998,0.8486442574947509,0.5289640103269624,109
2021-04-06,13114340,32,28,15,10,409823.125,225000.0,3550000,21,7,1,6,14,4,2,2021,0,0,0,0,37.0,105.0,0.7818314824680298,0.6234898018587336,0.8660254037844387,-0.4999999999999998,0.9377521321470804,0.3473052528448203,110
2021-04-07,6585451,31,30,10,9,212433.90322580645,100000.0,1532951,29,1,2,7,14,4,2,2021,0,0,0,0,36.0,104.0,0.9749279121818236,-0.22252093395631434,0.8660254037844387,-0.4999999999999998,0.9884683243281114,0.1514277775045767,111
2021-04-08,16542125,22,21,9,8,751914.7727272727,300000.0,5550000,10,11,3,8,14,4,2,2021,0,0,0,0,35.0,103.0,0.43388373911755823,-0.900968867902419,0.8660254037844387,-0.4999999999999998,0.9987165071710528,-0.05064916883871264,112
2021-04-09,24847956,61,60,11,10,407343.54098360654,114000.0,10000000,46,14,4,9,14,4,2,2021,0,0,0,0,34.0,102.0,-0.433883739117558,-0.9009688679024191,0.8660254037844387,-0.4999999999999998,0.9680771188662043,-0.2506525322587204,113
2021-04-10,6535000,13,12,8,9,502692.3076923077,200000.0,2700000,7,5,5,10,14,4,2,2021,1,0,0,0,33.0,101.0,-0.9749279121818236,-0.2225209339563146,0.8660254037844387,-0.4999999999999998,0.8978045395707416,-0.4403941515576344,114
2021-04-11,11175000,12,11,8,7,931250.0,387500.0,3000000,8,3,6,11,14,4,2,2021,1,0,0,0,32.0,100.0,-0.7818314824680299,0.6234898018587334,0.8660254037844387,-0.4999999999999998,0.7907757369376989,-0.6121059825476626,115
2021-04-12,13580000,43,42,14,12,315813.9534883721,200000.0,1000000,37,5,0,12,15,4,2,2021,0,0,0,0,31.0,99.0,0.0,1.0,0.8660254037844387,-0.4999999999999998,0.6513724827222223,-0.7587581226927909,116
2021-04-13,54550000,60,57,23,11,909166.6666666666,250000.0,15000000,47,10,1,13,15,4,2,2021,0,0,0,1,30.0,98.0,0.7818314824680298,0.6234898018587336,0.8660254037844387,-0.4999999999999998,0.48530196253108104,-0.8743466161445821,117
2021-04-14,26935011,48,40,26,11,561146.0625,300000.0,5000000,33,7,2,14,15,4,2,2021,0,0,0,1,29.0,97.0,0.9749279121818236,-0.22252093395631434,0.8660254037844387,-0.4999999999999998,0.29936312297335804,-0.9541392564000488,118
2021-04-15,27055000,56,53,23,12,483125.0,200000.0,4500000,41,12,3,15,15,4,2,2021,0,0,0,1,28.0,96.0,0.43388373911755823,-0.900968867902419,0.8660254037844387,-0.4999999999999998,0.10116832198743272,-0.994869323391895,119
2021-04-16,110678818,118,112,21,11,937956.0847457628,300000.0,32395000,93,19,4,16,15,4,2,2021,0,0,0,1,27.0,95.0,-0.433883739117558,-0.9009688679024191,0.8660254037844387,-0.4999999999999998,-0.10116832198743204,-0.9948693233918952,120
2021-04-17,66344500,102,84,33,12,650436.274509804,171000.0,7500000,73,11,5,17,15,4,2,2021,1,0,0,1,26.0,94.0,-0.9749279121818236,-0.2225209339563146,0.8660254037844387,-0.4999999999999998,-0.2993631229733582,-0.9541392564000488,121
2021-04-18,60985097,68,65,19,11,896839.6617647059,200000.0,10000000,58,7,6,18,15,4,2,2021,1,0,0,1,25.0,93.0,-0.7818314824680299,0.6234898018587334,0.8660254037844387,-0.4999999999999998,-0.4853019625310808,-0.8743466161445822,122
2021-04-19,91569381,147,126,25,15,622920.9591836735,200000.0,6000000,106,20,0,19,16,4,2,2021,0,0,0,1,24.0,92.0,0.0,1.0,0.8660254037844387,-0.4999999999999998,-0.651372482722222,-0.7587581226927911,123
2021-04-20,149347004,98,89,23,13,1523949.0204081633,300000.0,70000000,80,9,1,20,16,4,2,2021,0,0,0,1,23.0,91.0,0.7818314824680298,0.6234898018587336,0.8660254037844387,-0.4999999999999998,-0.7907757369376986,-0.6121059825476627,124
2021-04-21,101400001,154,131,25,15,658441.564935065,250000.0,16200000,110,21,2,21,16,4,2,2021,0,0,0,1,22.0,90.0,0.9749279121818236,-0.22252093395631434,0.8660254037844387,-0.4999999999999998,-0.8978045395707417,-0.44039415155763423,125
2021-04-22,92481250,125,105,28,15,739850.0,200000.0,25000000,83,22,3,22,16,4,2,2021,0,0,0,1,21.0,89.0,0.43388373911755823,-0.900968867902419,0.8660254037844387,-0.4999999999999998,-0.9680771188662041,-0.2506525322587213,126
2021-04-23,185947501,233,200,38,14,798057.9442060086,300000.0,10000001,167,33,4,23,16,4,2,2021,0,0,0,1,20.0,88.0,-0.433883739117558,-0.9009688679024191,0.8660254037844387,-0.4999999999999998,-0.9987165071710528,-0.05064916883871355,127
2021-04-24,194353777,211,178,29,15,921107.9478672986,300000.0,10000112,149,29,5,24,16,4,2,2021,1,0,0,1,19.0,87.0,-0.9749279121818236,-0.2225209339563146,0.8660254037844387,-0.4999999999999998,-0.9884683243281114,0.15142777750457667,128
2021-04-25,126290781,179,145,31,13,705535.0893854749,262500.0,15000000,125,20,6,25,16,4,2,2021,1,0,0,1,18.0,86.0,-0.7818314824680299,0.6234898018587334,0.8660254037844387,-0.4999999999999998,-0.9377521321470804,0.3473052528448203,129
2021-04-26,179245100,210,166,29,15,853548.0952380953,325000.0,12000000,143,23,0,26,17,4,2,2021,0,0,0,1,17.0,85.0,0.0,1.0,0.8660254037844387,-0.4999999999999998,-0.848644257494751,0.5289640103269624,130
2021-04-27,311308055,270,225,36,14,1152992.7962962964,300000.0,20000000,198,27,1,27,17,4,2,2021,0,0,0,1,16.0,84.0,0.7818314824680298,0.6234898018587336,0.8660254037844387,-0.4999999999999998,-0.72479278722912,0.6889669190756865,131
2021-04-28,252058602,329,250,39,14,766135.5683890578,250000.0,10000000,220,30,2,28,17,4,2,2021,0,0,0,1,15.0,83.0,0.9749279121818236,-0.22252093395631434,0.8660254037844387,-0.4999999999999998,-0.5712682150947924,0.8207634412072763,132
2021-04-29,291814989,390,290,43,15,748243.5615384616,250000.0,10000000,256,34,3,29,17,4,2,2021,0,0,0,1,14.0,82.0,0.43388373911755823,-0.900968867902419,0.8660254037844387,-0.4999999999999998,-0.3943558551133187,0.9189578116202306,133
2021-04-30,593185835,661,505,44,14,897406.7095310136,200006.0,90000000,433,72,4,30,17,4,2,2021,0,1,0,1,13.0,81.0,-0.433883739117558,-0.9009688679024191,0.8660254037844387,-0.4999999999999998,-0.20129852008866114,0.9795299412524943,134
2021-05-01,437756924,700,499,46,16,625367.0342857143,200000.0,35307861,441,58,5,1,17,5,2,2021,1,0,1,1,12.0,80.0,-0.9749279121818236,-0.2225209339563146,0.49999999999999994,-0.8660254037844387,0.20129852008866006,0.9795299412524945,135
2021-05-02,575954031,785,542,45,16,733699.4025477706,200000.0,50000000,469,73,6,2,17,5,2,2021,1,0,0,1,11.0,79.0,-0.7818314824680299,0.6234898018587334,0.49999999999999994,-0.8660254037844387,0.39435585511331855,0.9189578116202306,136
2021-05-03,599548277,1100,721,54,16,545043.8881818182,150000.0,13000000,628,93,0,3,18,5,2,2021,0,0,0,1,10.0,78.0,0.0,1.0,0.49999999999999994,-0.8660254037844387,0.5712682150947923,0.8207634412072763,137
2021-05-04,682627373,1264,818,53,17,540053.3014240506,177500.0,20000000,697,121,1,4,18,5,2,2021,0,0,0,1,9.0,77.0,0.7818314824680298,0.6234898018587336,0.49999999999999994,-0.8660254037844387,0.7247927872291199,0.6889669190756866,138
2021-05-05,1135770892,1520,987,53,16,747217.6921052631,150000.0,250000000,856,131,2,5,18,5,2,2021,0,0,0,1,8.0,76.0,0.9749279121818236,-0.22252093395631434,0.49999999999999994,-0.8660254037844387,0.8486442574947509,0.5289640103269624,139
2021-05-06,828234104,1763,1130,57,16,469786.7861599546,150000.0,20000000,985,145,3,6,18,5,2,2021,0,0,0,1,7.0,75.0,0.43388373911755823,-0.900968867902419,0.49999999999999994,-0.8660254037844387,0.9377521321470804,0.3473052528448203,140
2021-05-07,1176364626,2523,1596,64,15,466256.292508918,150000.0,19334700,1407,189,4,7,18,5,2,2021,0,0,0,1,6.0,74.0,-0.433883739117558,-0.9009688679024191,0.49999999999999994,-0.8660254037844387,0.9884683243281114,0.1514277775045767,141
2021-05-08,1156381470,2367,1438,58,18,488543.07984790875,150000.0,28120000,1257,181,5,8,18,5,2,2021,1,0,0,1,5.0,73.0,-0.9749279121818236,-0.2225209339563146,0.49999999999999994,-0.8660254037844387,0.9987165071710528,-0.05064916883871264,142
2021-05-09,1338083167,2840,1739,61,16,471156.0447183099,150000.0,50000000,1529,210,6,9,18,5,2,2021,1,0,0,1,4.0,72.0,-0.7818314824680299,0.6234898018587334,0.49999999999999994,-0.8660254037844387,0.9680771188662043,-0.2506525322587204,143
2021-05-10,1340888625,2637,1707,51,17,508490.1877133106,150000.0,47365000,1501,206,0,10,19,5,2,2021,0,0,0,1,3.0,71.0,0.0,1.0,0.49999999999999994,-0.8660254037844387,0.8978045395707416,-0.4403941515576344,144
2021-05-11,1216629449,2409,1613,57,16,505035.05562474055,150000.0,50000000,1440,173,1,11,19,5,2,2021,0,0,0,1,2.0,70.0,0.7818314824680298,0.6234898018587336,0.49999999999999994,-0.8660254037844387,0.7907757369376989,-0.6121059825476626,145
2021-05-12,964477072,1931,1500,51,16,499470.259968928,200000.0,15000000,1299,201,2,12,19,5,2,2021,0,0,0,1,1.0,69.0,0.9749279121818236,-0.22252093395631434,0.49999999999999994,-0.8660254037844387,0.6513724827222223,-0.7587581226927909,146
2021-05-13,28447500,70,53,12,12,406392.85714285716,200000.0,3750000,41,12,3,13,19,5,2,2021,0,0,0,0,0.0,68.0,0.43388373911755823,-0.900968867902419,0.49999999999999994,-0.8660254037844387,0.48530196253108104,-0.8743466161445821,147
2021-05-14,24650000,61,57,11,13,404098.3606557377,200000.0,5000000,49,8,4,14,19,5,2,2021,0,0,0,0,353.0,67.0,-0.433883739117558,-0.9009688679024191,0.49999999999999994,-0.8660254037844387,0.29936312297335804,-0.9541392564000488,148
2021-05-15,39525000,60,56,12,11,658750.0,300000.0,4500000,50,6,5,15,19,5,2,2021,1,0,0,0,352.0,66.0,-0.9749279121818236,-0.2225209339563146,0.49999999999999994,-0.8660254037844387,0.10116832198743272,-0.994869323391895,149
2021-05-16,60044917,86,75,17,9,698196.7093023256,250000.0,10000000,59,16,6,16,19,5,2,2021,1,0,0,0,351.0,65.0,-0.7818314824680299,0.6234898018587334,0.49999999999999994,-0.8660254037844387,-0.10116832198743204,-0.9948693233918952,150
2021-05-17,42917395,76,74,11,10,564702.5657894737,200000.0,5100000,61,13,0,17,20,5,2,2021,0,0,0,0,350.0,64.0,0.0,1.0,0.49999999999999994,-0.8660254037844387,-0.2993631229733582,-0.9541392564000488,151
2021-05-18,61315000,105,91,16,9,583952.380952381,250000.0,5000000,81,10,1,18,20,5,2,2021,0,0,0,0,349.0,63.0,0.7818314824680298,0.6234898018587336,0.49999999999999994,-0.8660254037844387,-0.4853019625310808,-0.8743466161445822,152
2021-05-19,25952116,91,77,17,9,285188.0879120879,150000.0,2400000,63,14,2,19,20,5,2,2021,0,0,0,0,348.0,62.0,0.9749279121818236,-0.22252093395631434,0.49999999999999994,-0.8660254037844387,-0.651372482722222,-0.7587581226927911,153
2021-05-20,41634000,70,60,8,9,594771.4285714285,300000.0,11400000,50,10,3,20,20,5,2,2021,0,0,0,0,347.0,61.0,0.43388373911755823,-0.900968867902419,0.49999999999999994,-0.8660254037844387,-0.7907757369376986,-0.6121059825476627,154
2021-05-21,34484930,62,58,11,12,556208.5483870967,300000.0,5000000,41,17,4,21,20,5,2,2021,0,0,0,0,346.0,60.0,-0.433883739117558,-0.9009688679024191,0.49999999999999994,-0.8660254037844387,-0.8978045395707417,-0.44039415155763423,155
2021-05-22,14485000,41,34,7,10,353292.68292682926,200000.0,2000000,29,5,5,22,20,5,2,2021,1,0,0,0,345.0,59.0,-0.9749279121818236,-0.2225209339563146,0.49999999999999994,-0.8660254037844387,-0.9680771188662041,-0.2506525322587213,156
2021-05-23,17384980,40,39,6,10,434624.5,225000.0,5000000,30,9,6,23,20,5,2,2021,1,0,0,0,344.0,58.0,-0.7818314824680299,0.6234898018587334,0.49999999999999994,-0.8660254037844387,-0.9987165071710528,-0.05064916883871355,157
2021-05-24,42485000,28,26,7,10,1517321.4285714286,300000.0,15000000,17,9,0,24,21,5,2,2021,0,0,0,0,343.0,57.0,0.0,1.0,0.49999999999999994,-0.8660254037844387,-0.9884683243281114,0.15142777750457667,158
2021-05-25,24578259,31,29,11,9,792847.0645161291,300000.0,5500000,19,10,1,25,21,5,2,2021,0,0,0,0,342.0,56.0,0.7818314824680298,0.6234898018587336,0.49999999999999994,-0.8660254037844387,-0.9377521321470804,0.3473052528448203,159
2021-05-26,15418283,27,22,4,11,571047.5185185185,300000.0,3000000,15,7,2,26,21,5,2,2021,0,0,0,0,341.0,55.0,0.9749279121818236,-0.22252093395631434,0.49999999999999994,-0.8660254037844387,-0.848644257494751,0.5289640103269624,160
2021-05-27,9798600,23,21,7,10,426026.0869565217,225000.0,2410000,14,7,3,27,21,5,2,2021,0,0,0,0,340.0,54.0,0.43388373911755823,-0.900968867902419,0.49999999999999994,-0.8660254037844387,-0.72479278722912,0.6889669190756865,161
2021-05-28,25264000,58,49,11,12,435586.2068965517,200000.0,3000000,31,18,4,28,21,5,2,2021,0,0,0,0,339.0,53.0,-0.433883739117558,-0.9009688679024191,0.49999999999999994,-0.8660254037844387,-0.5712682150947924,0.8207634412072763,162
2021-05-29,6946525,21,21,6,8,330786.90476190473,200000.0,1000000,11,10,5,29,21,5,2,2021,1,0,0,0,338.0,52.0,-0.9749279121818236,-0.2225209339563146,0.49999999999999994,-0.8660254037844387,-0.3943558551133187,0.9189578116202306,163
2021-05-30,25711600,30,28,9,8,857053.3333333334,186250.0,10000000,15,13,6,30,21,5,2,2021,1,0,0,0,337.0,51.0,-0.7818314824680299,0.6234898018587334,0.49999999999999994,-0.8660254037844387,-0.20129852008866114,0.9795299412524943,164
2021-05-31,20276997,36,36,11,7,563249.9166666666,300000.0,5000000,22,14,0,31,22,5,2,2021,0,1,0,0,336.0,50.0,0.0,1.0,0.49999999999999994,-0.8660254037844387,-2.4492935982947064e-16,1.0,165
2021-06-01,5540000,18,16,9,7,307777.77777777775,250000.0,1000000,8,8,1,1,22,6,2,2021,0,0,1,0,335.0,49.0,0.7818314824680298,0.6234898018587336,1.2246467991473532e-16,-1.0,0.20129852008866006,0.9795299412524945,166
2021-06-02,14039000,14,13,6,6,1002785.7142857143,287500.0,10000000,3,10,2,2,22,6,2,2021,0,0,0,0,334.0,48.0,0.9749279121818236,-0.22252093395631434,1.2246467991473532e-16,-1.0,0.39435585511331855,0.9189578116202306,167
2021-06-03,7500000,18,17,10,7,416666.6666666667,375000.0,1000000,9,8,3,3,22,6,2,2021,0,0,0,0,333.0,47.0,0.43388373911755823,-0.900968867902419,1.2246467991473532e-16,-1.0,0.5712682150947923,0.8207634412072763,168
2021-06-04,26685109,30,28,9,8,889503.6333333333,300000.0,9524760,17,11,4,4,22,6,2,2021,0,0,0,0,332.0,46.0,-0.433883739117558,-0.9009688679024191,1.2246467991473532e-16,-1.0,0.7247927872291199,0.6889669190756866,169
2021-06-05,7600000,9,8,5,5,844444.4444444445,500000.0,2500000,5,3,5,5,22,6,2,2021,1,0,0,0,331.0,45.0,-0.9749279121818236,-0.2225209339563146,1.2246467991473532e-16,-1.0,0.8486442574947509,0.5289640103269624,170
2021-06-06,17700000,8,8,5,7,2212500.0,550000.0,10000000,4,4,6,6,22,6,2,2021,1,0,0,0,330.0,44.0,-0.7818314824680299,0.6234898018587334,1.2246467991473532e-16,-1.0,0.9377521321470804,0.3473052528448203,171
2021-06-07,3511788,8,8,7,4,438973.5,275000.0,1244788,5,3,0,7,23,6,2,2021,0,0,0,0,329.0,43.0,0.0,1.0,1.2246467991473532e-16,-1.0,0.9884683243281114,0.1514277775045767,172
2021-06-08,3421000,8,8,2,4,427625.0,345000.0,1406000,2,6,1,8,23,6,2,2021,0,0,0,0,328.0,42.0,0.7818314824680298,0.6234898018587336,1.2246467991473532e-16,-1.0,0.9987165071710528,-0.05064916883871264,173
2021-06-09,19201400,5,5,3,4,3840280.0,500000.0,16731400,4,1,2,9,23,6,2,2021,0,0,0,0,327.0,41.0,0.9749279121818236,-0.22252093395631434,1.2246467991473532e-16,-1.0,0.9680771188662043,-0.2506525322587204,174
2021-06-10,4100000,9,9,5,4,455555.55555555556,300000.0,1500000,5,4,3,10,23,6,2,2021,0,0,0,0,326.0,40.0,0.43388373911755823,-0.900968867902419,1.2246467991473532e-16,-1.0,0.8978045395707416,-0.4403941515576344,175
2021-06-11,2255000,13,13,7,9,173461.53846153847,200000.0,350000,6,7,4,11,23,6,2,2021,0,0,0,0,325.0,39.0,-0.433883739117558,-0.9009688679024191,1.2246467991473532e-16,-1.0,0.7907757369376989,-0.6121059825476626,176
2021-06-12,4481250,10,8,6,4,448125.0,375000.0,1000000,6,2,5,12,23,6,2,2021,1,0,0,0,324.0,38.0,-0.9749279121818236,-0.2225209339563146,1.2246467991473532e-16,-1.0,0.6513724827222223,-0.7587581226927909,177
2021-06-13,5250000,5,5,4,4,1050000.0,450000.0,3500000,3,2,6,13,23,6,2,2021,1,0,0,0,323.0,37.0,-0.7818314824680299,0.6234898018587334,1.2246467991473532e-16,-1.0,0.48530196253108104,-0.8743466161445821,178
2021-06-14,7244700,29,29,4,3,249817.24137931035,70000.0,3050000,7,22,0,14,24,6,2,2021,0,0,0,0,322.0,36.0,0.0,1.0,1.2246467991473532e-16,-1.0,0.29936312297335804,-0.9541392564000488,179
2021-06-15,4610000,9,9,5,5,512222.22222222225,270000.0,2375000,1,8,1,15,24,6,2,2021,0,0,0,0,321.0,35.0,0.7818314824680298,0.6234898018587336,1.2246467991473532e-16,-1.0,0.10116832198743272,-0.994869323391895,180
2021-06-16,4650000,8,8,6,4,581250.0,400000.0,2000000,3,5,2,16,24,6,2,2021,0,0,0,0,320.0,34.0,0.9749279121818236,-0.22252093395631434,1.2246467991473532e-16,-1.0,-0.10116832198743204,-0.9948693233918952,181
2021-06-17,1200000,3,3,3,2,400000.0,150000.0,1000000,1,2,3,17,24,6,2,2021,0,0,0,0,319.0,33.0,0.43388373911755823,-0.900968867902419,1.2246467991473532e-16,-1.0,-0.2993631229733582,-0.9541392564000488,182
2021-06-18,6672000,7,7,5,6,953142.8571428572,250000.0,5000000,3,4,4,18,24,6,2,2021,0,0,0,0,318.0,32.0,-0.433883739117558,-0.9009688679024191,1.2246467991473532e-16,-1.0,-0.4853019625310808,-0.8743466161445822,183
2021-06-19,16658000,2,2,2,1,8329000.0,8329000.0,16558000,2,0,5,19,24,6,2,2021,1,0,0,0,317.0,31.0,-0.9749279121818236,-0.2225209339563146,1.2246467991473532e-16,-1.0,-0.651372482722222,-0.7587581226927911,184
2021-06-20,150000,1,1,1,1,150000.0,150000.0,150000,0,1,6,20,24,6,2,2021,1,0,0,0,316.0,30.0,-0.7818314824680299,0.6234898018587334,1.2246467991473532e-16,-1.0,-0.7907757369376986,-0.6121059825476627,185
2021-06-21,4278324,9,9,5,4,475369.3333333333,208324.0,2500000,3,6,0,21,25,6,2,2021,0,0,0,0,315.0,29.0,0.0,1.0,1.2246467991473532e-16,-1.0,-0.8978045395707417,-0.44039415155763423,186
2021-06-22,50000,1,1,1,1,50000.0,50000.0,50000,0,1,1,22,25,6,2,2021,0,0,0,0,314.0,28.0,0.7818314824680298,0.6234898018587336,1.2246467991473532e-16,-1.0,-0.9680771188662041,-0.2506525322587213,187
2021-06-23,675100,3,3,3,2,225033.33333333334,260100.0,400000,2,1,2,23,25,6,2,2021,0,0,0,0,313.0,27.0,0.9749279121818236,-0.22252093395631434,1.2246467991473532e-16,-1.0,-0.9987165071710528,-0.05064916883871355,188
2021-06-24,2315600,5,5,3,2,463120.0,300000.0,1250000,0,5,3,24,25,6,2,2021,0,0,0,0,312.0,26.0,0.43388373911755823,-0.900968867902419,1.2246467991473532e-16,-1.0,-0.9884683243281114,0.15142777750457667,189
2021-06-25,17770000,26,25,11,8,683461.5384615385,325000.0,3350000,6,19,4,25,25,6,2,2021,0,0,0,0,311.0,25.0,-0.433883739117558,-0.9009688679024191,1.2246467991473532e-16,-1.0,-0.9377521321470804,0.3473052528448203,190
2021-06-26,7945048,13,13,7,2,611157.5384615385,200000.0,4600048,3,10,5,26,25,6,2,2021,1,0,0,0,310.0,24.0,-0.9749279121818236,-0.2225209339563146,1.2246467991473532e-16,-1.0,-0.848644257494751,0.5289640103269624,191
2021-06-27,2820500,8,6,5,2,352562.5,152750.0,1900000,0,6,6,27,25,6,2,2021,1,0,0,0,309.0,23.0,-0.7818314824680299,0.6234898018587334,1.2246467991473532e-16,-1.0,-0.72479278722912,0.6889669190756865,192
2021-06-28,10393000,13,12,4,6,799461.5384615385,250000.0,5000000,3,9,0,28,26,6,2,2021,0,0,0,0,308.0,22.0,0.0,1.0,1.2246467991473532e-16,-1.0,-0.5712682150947924,0.8207634412072763,193
2021-06-29,2411150,8,8,4,3,301393.75,285575.0,500000,1,7,1,29,26,6,2,2021,0,0,0,0,307.0,21.0,0.7818314824680298,0.6234898018587336,1.2246467991473532e-16,-1.0,-0.3943558551133187,0.9189578116202306,194
2021-06-30,8690000,12,12,7,5,724166.6666666666,465000.0,2800000,3,9,2,30,26,6,2,2021,0,1,0,0,306.0,20.0,0.9749279121818236,-0.22252093395631434,1.2246467991473532e-16,-1.0,-0.20129852008866114,0.9795299412524943,195
2021-07-01,11806075,22,21,8,4,536639.7727272727,237500.0,4000000,8,13,3,1,26,7,3,2021,0,0,1,0,305.0,19.0,0.43388373911755823,-0.900968867902419,-0.4999999999999997,-0.8660254037844388,0.20129852008866006,0.9795299412524945,196
2021-07-02,93277500,28,23,13,10,3331339.285714286,400000.0,63360000,8,15,4,2,26,7,3,2021,0,0,0,0,304.0,18.0,-0.433883739117558,-0.9009688679024191,-0.4999999999999997,-0.8660254037844388,0.39435585511331855,0.9189578116202306,197
2021-07-03,14378000,18,14,10,4,798777.7777777778,425000.0,2600000,5,9,5,3,26,7,3,2021,1,0,0,0,303.0,17.0,-0.9749279121818236,-0.2225209339563146,-0.4999999999999997,-0.8660254037844388,0.5712682150947923,0.8207634412072763,198
2021-07-04,7788750,9,9,4,3,865416.6666666666,150000.0,2800000,5,4,6,4,26,7,3,2021,1,0,0,0,302.0,16.0,-0.7818314824680299,0.6234898018587334,-0.4999999999999997,-0.8660254037844388,0.7247927872291199,0.6889669190756866,199
2021-07-05,4320200,12,12,7,4,360016.6666666667,200000.0,1000000,7,5,0,5,27,7,3,2021,0,0,0,0,301.0,15.0,0.0,1.0,-0.4999999999999997,-0.8660254037844388,0.8486442574947509,0.5289640103269624,200
2021-07-06,24380000,12,12,7,3,2031666.6666666667,2025000.0,8670000,4,8,1,6,27,7,3,2021,0,0,0,0,300.0,14.0,0.7818314824680298,0.6234898018587336,-0.4999999999999997,-0.8660254037844388,0.9377521321470804,0.3473052528448203,201
2021-07-07,6452512,8,8,5,6,806564.0,383000.0,2239512,3,5,2,7,27,7,3,2021,0,0,0,0,299.0,13.0,0.9749279121818236,-0.22252093395631434,-0.4999999999999997,-0.8660254037844388,0.9884683243281114,0.1514277775045767,202
2021-07-08,6900000,8,8,4,3,862500.0,450000.0,2150000,4,4,3,8,27,7,3,2021,0,0,0,0,298.0,12.0,0.43388373911755823,-0.900968867902419,-0.4999999999999997,-0.8660254037844388,0.9987165071710528,-0.05064916883871264,203
2021-07-09,10062500,14,14,8,5,718750.0,250000.0,3500000,6,8,4,9,27,7,3,2021,0,0,0,0,297.0,11.0,-0.433883739117558,-0.9009688679024191,-0.4999999999999997,-0.8660254037844388,0.9680771188662043,-0.2506525322587204,204
2021-07-10,9303011,11,8,8,5,845728.2727272727,400000.0,1990000,4,4,5,10,27,7,3,2021,1,0,0,0,296.0,10.0,-0.9749279121818236,-0.2225209339563146,-0.4999999999999997,-0.8660254037844388,0.8978045395707416,-0.4403941515576344,205
2021-07-11,2365043,6,6,5,3,394173.8333333333,112500.0,1900043,1,5,6,11,27,7,3,2021,1,0,0,0,295.0,9.0,-0.7818314824680299,0.6234898018587334,-0.4999999999999997,-0.8660254037844388,0.7907757369376989,-0.6121059825476626,206
2021-07-12,29040000,21,18,7,7,1382857.142857143,500000.0,4600000,10,8,0,12,28,7,3,2021,0,0,0,0,294.0,8.0,0.0,1.0,-0.4999999999999997,-0.8660254037844388,0.6513724827222223,-0.7587581226927909,207
2021-07-13,18896000,14,12,7,5,1349714.2857142857,1128000.0,4150000,7,5,1,13,28,7,3,2021,0,0,0,0,293.0,7.0,0.7818314824680298,0.6234898018587336,-0.4999999999999997,-0.8660254037844388,0.48530196253108104,-0.8743466161445821,208
2021-07-14,9825000,8,8,5,6,1228125.0,750000.0,3500000,2,6,2,14,28,7,3,2021,0,0,0,0,292.0,6.0,0.9749279121818236,-0.22252093395631434,-0.4999999999999997,-0.8660254037844388,0.29936312297335804,-0.9541392564000488,209
2021-07-15,15600135,13,11,7,5,1200010.3846153845,600000.0,3000000,6,5,3,15,28,7,3,2021,0,0,0,0,291.0,5.0,0.43388373911755823,-0.900968867902419,-0.4999999999999997,-0.8660254037844388,0.10116832198743272,-0.994869323391895,210
2021-07-16,70357400,22,20,7,7,3198063.6363636362,1450000.0,40000000,11,9,4,16,28,7,3,2021,0,0,0,0,290.0,4.0,-0.433883739117558,-0.9009688679024191,-0.4999999999999997,-0.8660254037844388,-0.10116832198743204,-0.9948693233918952,211
2021-07-17,25665000,11,11,7,5,2333181.8181818184,2150000.0,5600000,10,1,5,17,28,7,3,2021,1,0,0,0,289.0,3.0,-0.9749279121818236,-0.2225209339563146,-0.4999999999999997,-0.8660254037844388,-0.2993631229733582,-0.9541392564000488,212
2021-07-18,12855000,11,9,6,2,1168636.3636363635,340000.0,3000000,6,3,6,18,28,7,3,2021,1,0,0,0,288.0,2.0,-0.7818314824680299,0.6234898018587334,-0.4999999999999997,-0.8660254037844388,-0.4853019625310808,-0.8743466161445822,213
2021-07-19,60330600,29,28,8,3,2080365.5172413792,1500000.0,20000000,17,11,0,19,29,7,3,2021,0,0,0,0,287.0,1.0,0.0,1.0,-0.4999999999999997,-0.8660254037844388,-0.651372482722222,-0.7587581226927911,214
2021-07-20,6650000,5,5,3,1,1330000.0,2150000.0,2150000,4,1,1,20,29,7,3,2021,0,0,0,0,286.0,0.0,0.7818314824680298,0.6234898018587336,-0.4999999999999997,-0.8660254037844388,-0.7907757369376986,-0.6121059825476627,215
2021-07-21,7200000,6,6,3,4,1200000.0,1000000.0,2500000,3,3,2,21,29,7,3,2021,0,0,0,0,285.0,354.0,0.9749279121818236,-0.22252093395631434,-0.4999999999999997,-0.8660254037844388,-0.8978045395707417,-0.44039415155763423,216
2021-07-22,1310000,5,5,4,3,262000.0,250000.0,500000,3,2,3,22,29,7,3,2021,0,0,0,0,284.0,353.0,0.43388373911755823,-0.900968867902419,-0.4999999999999997,-0.8660254037844388,-0.9680771188662041,-0.2506525322587213,217
2021-07-23,7392200,18,17,9,7,410677.77777777775,375000.0,1000000,11,6,4,23,29,7,3,2021,0,0,0,0,283.0,352.0,-0.433883739117558,-0.9009688679024191,-0.4999999999999997,-0.8660254037844388,-0.9987165071710528,-0.05064916883871355,218
2021-07-24,3199088,4,4,2,2,799772.0,824544.0,1250000,2,2,5,24,29,7,3,2021,1,0,0,0,282.0,351.0,-0.9749279121818236,-0.2225209339563146,-0.4999999999999997,-0.8660254037844388,-0.9884683243281114,0.15142777750457667,219
2021-07-25,3170850,7,7,5,3,452978.5714285714,200000.0,1490850,3,4,6,25,29,7,3,2021,1,0,0,0,281.0,350.0,-0.7818314824680299,0.6234898018587334,-0.4999999999999997,-0.8660254037844388,-0.9377521321470804,0.3473052528448203,220
2021-07-26,1897000,4,4,4,3,474250.0,373500.0,1000000,2,2,0,26,30,7,3,2021,0,0,0,0,280.0,349.0,0.0,1.0,-0.4999999999999997,-0.8660254037844388,-0.848644257494751,0.5289640103269624,221
2021-07-27,19125200,31,31,5,2,616941.9354838709,74500.0,15694800,8,23,1,27,30,7,3,2021,0,0,0,0,279.0,348.0,0.7818314824680298,0.6234898018587336,-0.4999999999999997,-0.8660254037844388,-0.72479278722912,0.6889669190756865,222
2021-07-28,6040000,10,9,4,5,604000.0,317500.0,2500000,1,8,2,28,30,7,3,2021,0,0,0,0,278.0,347.0,0.9749279121818236,-0.22252093395631434,-0.4999999999999997,-0.8660254037844388,-0.5712682150947924,0.8207634412072763,223
2021-07-29,1462500,6,6,4,5,243750.0,281250.0,500000,0,6,3,29,30,7,3,2021,0,0,0,0,277.0,346.0,0.43388373911755823,-0.900968867902419,-0.4999999999999997,-0.8660254037844388,-0.3943558551133187,0.9189578116202306,224
2021-07-30,19607575,20,17,7,6,980378.75,206250.0,12700000,5,12,4,30,30,7,3,2021,0,0,0,0,276.0,345.0,-0.433883739117558,-0.9009688679024191,-0.4999999999999997,-0.8660254037844388,-0.20129852008866114,0.9795299412524943,225
2021-07-31,5645000,13,12,5,4,434230.76923076925,200000.0,2000000,4,8,5,31,30,7,3,2021,1,1,0,0,275.0,344.0,-0.9749279121818236,-0.2225209339563146,-0.4999999999999997,-0.8660254037844388,-2.4492935982947064e-16,1.0,226
2021-08-01,3100000,10,8,5,4,310000.0,275000.0,750000,1,7,6,1,30,8,3,2021,1,0,1,0,274.0,343.0,-0.7818314824680299,0.6234898018587334,-0.8660254037844384,-0.5000000000000004,0.20129852008866006,0.9795299412524945,227
2021-08-02,12925781,14,13,5,8,923270.0714285715,525000.0,3455781,5,8,0,2,31,8,3,2021,0,0,0,0,273.0,342.0,0.0,1.0,-0.8660254037844384,-0.5000000000000004,0.39435585511331855,0.9189578116202306,228
2021-08-03,9515000,13,13,8,6,731923.0769230769,500000.0,3000000,5,8,1,3,31,8,3,2021,0,0,0,0,272.0,341.0,0.7818314824680298,0.6234898018587336,-0.8660254037844384,-0.5000000000000004,0.5712682150947923,0.8207634412072763,229
2021-08-04,7830000,13,12,7,4,602307.6923076923,200000.0,5000000,6,6,2,4,31,8,3,2021,0,0,0,0,271.0,340.0,0.9749279121818236,-0.22252093395631434,-0.8660254037844384,-0.5000000000000004,0.7247927872291199,0.6889669190756866,230
2021-08-05,10203500,14,14,4,11,728821.4285714285,600625.0,1580000,3,11,3,5,31,8,3,2021,0,0,0,0,270.0,339.0,0.43388373911755823,-0.900968867902419,-0.8660254037844384,-0.5000000000000004,0.8486442574947509,0.5289640103269624,231
2021-08-06,57000650,17,16,9,10,3352979.411764706,300000.0,50000000,6,10,4,6,31,8,3,2021,0,0,0,0,269.0,338.0,-0.433883739117558,-0.9009688679024191,-0.8660254037844384,-0.5000000000000004,0.9377521321470804,0.3473052528448203,232
2021-08-07,1318502,6,6,3,4,219750.33333333334,150001.0,556000,2,4,5,7,31,8,3,2021,1,0,0,0,268.0,337.0,-0.9749279121818236,-0.2225209339563146,-0.8660254037844384,-0.5000000000000004,0.9884683243281114,0.1514277775045767,233
2021-08-08,1242000,8,7,4,3,155250.0,163500.0,300000,0,7,6,8,31,8,3,2021,1,0,0,0,267.0,336.0,-0.7818314824680299,0.6234898018587334,-0.8660254037844384,-0.5000000000000004,0.9987165071710528,-0.05064916883871264,234
2021-08-09,2957000,8,7,4,3,369625.0,308500.0,1000000,1,6,0,9,32,8,3,2021,0,0,0,0,266.0,335.0,0.0,1.0,-0.8660254037844384,-0.5000000000000004,0.9680771188662043,-0.2506525322587204,235
2021-08-10,572672261,8,8,4,3,71584032.625,237500.0,571265761,1,7,1,10,32,8,3,2021,0,0,0,0,265.0,334.0,0.7818314824680298,0.6234898018587336,-0.8660254037844384,-0.5000000000000004,0.8978045395707416,-0.4403941515576344,236
2021-08-11,14341419,7,7,4,5,2048774.142857143,200000.0,10997500,3,4,2,11,32,8,3,2021,0,0,0,0,264.0,333.0,0.9749279121818236,-0.22252093395631434,-0.8660254037844384,-0.5000000000000004,0.7907757369376989,-0.6121059825476626,237
2021-08-12,22915000,5,5,5,3,4583000.0,500000.0,12500000,2,3,3,12,32,8,3,2021,0,0,0,0,263.0,332.0,0.43388373911755823,-0.900968867902419,-0.8660254037844384,-0.5000000000000004,0.6513724827222223,-0.7587581226927909,238
2021-08-13,1587000,6,6,3,3,264500.0,218500.0,600000,2,4,4,13,32,8,3,2021,0,0,0,0,262.0,331.0,-0.433883739117558,-0.9009688679024191,-0.8660254037844384,-0.5000000000000004,0.48530196253108104,-0.8743466161445821,239
2021-08-14,3718000,8,7,4,5,464750.0,350000.0,1000000,2,5,5,14,32,8,3,2021,1,0,0,0,261.0,330.0,-0.9749279121818236,-0.2225209339563146,-0.8660254037844384,-0.5000000000000004,0.29936312297335804,-0.9541392564000488,240
2021-08-15,1747000,2,2,2,1,873500.0,873500.0,1722000,1,1,6,15,32,8,3,2021,1,0,0,0,260.0,329.0,-0.7818314824680299,0.6234898018587334,-0.8660254037844384,-0.5000000000000004,0.10116832198743272,-0.994869323391895,241
2021-08-16,1225000,3,3,3,3,408333.3333333333,500000.0,600000,3,0,0,16,33,8,3,2021,0,0,0,0,259.0,328.0,0.0,1.0,-0.8660254037844384,-0.5000000000000004,-0.10116832198743204,-0.9948693233918952,242
2021-08-17,210000,1,1,1,1,210000.0,210000.0,210000,0,1,1,17,33,8,3,2021,0,0,0,0,258.0,327.0,0.7818314824680298,0.6234898018587336,-0.8660254037844384,-0.5000000000000004,-0.2993631229733582,-0.9541392564000488,243
2021-08-18,880000,1,1,1,1,880000.0,880000.0,880000,0,1,2,18,33,8,3,2021,0,0,0,0,257.0,326.0,0.9749279121818236,-0.22252093395631434,-0.8660254037844384,-0.5000000000000004,-0.4853019625310808,-0.8743466161445822,244
2021-08-19,1410000,4,4,4,2,352500.0,200000.0,1000000,1,3,3,19,33,8,3,2021,0,0,0,0,256.0,325.0,0.43388373911755823,-0.900968867902419,-0.8660254037844384,-0.5000000000000004,-0.651372482722222,-0.7587581226927911,245
2021-08-20,8490000,8,7,6,4,1061250.0,590000.0,5000000,3,4,4,20,33,8,3,2021,0,0,0,0,255.0,324.0,-0.433883739117558,-0.9009688679024191,-0.8660254037844384,-0.5000000000000004,-0.7907757369376986,-0.6121059825476627,246
2021-08-21,875000,3,3,3,2,291666.6666666667,280000.0,570000,1,2,5,21,33,8,3,2021,1,0,0,0,254.0,323.0,-0.9749279121818236,-0.2225209339563146,-0.8660254037844384,-0.5000000000000004,-0.8978045395707417,-0.44039415155763423,247
2021-08-22,50000,1,1,1,1,50000.0,50000.0,50000,0,1,6,22,33,8,3,2021,1,0,0,0,253.0,322.0,-0.7818314824680299,0.6234898018587334,-0.8660254037844384,-0.5000000000000004,-0.9680771188662041,-0.2506525322587213,248
2021-08-23,1210000,3,3,3,2,403333.3333333333,300000.0,900000,1,2,0,23,34,8,3,2021,0,0,0,0,252.0,321.0,0.0,1.0,-0.8660254037844384,-0.5000000000000004,-0.9987165071710528,-0.05064916883871355,249
2021-08-24,1990000,4,4,3,2,497500.0,470000.0,800000,1,3,1,24,34,8,3,2021,0,0,0,0,251.0,320.0,0.7818314824680298,0.6234898018587336,-0.8660254037844384,-0.5000000000000004,-0.9884683243281114,0.15142777750457667,250
2021-08-25,995297,4,4,1,2,248824.25,250000.0,350297,1,3,2,25,34,8,3,2021,0,0,0,0,250.0,319.0,0.9749279121818236,-0.22252093395631434,-0.8660254037844384,-0.5000000000000004,-0.9377521321470804,0.3473052528448203,251
2021-08-26,2655825,6,6,4,5,442637.5,350000.0,925825,1,5,3,26,34,8,3,2021,0,0,0,0,249.0,318.0,0.43388373911755823,-0.900968867902419,-0.8660254037844384,-0.5000000000000004,-0.848644257494751,0.5289640103269624,252
2021-08-27,8887500,19,16,8,5,467763.15789473685,150000.0,3000000,5,11,4,27,34,8,3,2021,0,0,0,0,248.0,317.0,-0.433883739117558,-0.9009688679024191,-0.8660254037844384,-0.5000000000000004,-0.72479278722912,0.6889669190756865,253
2021-08-28,5165000,9,9,1,5,573888.8888888889,550000.0,1200000,1,8,5,28,34,8,3,2021,1,0,0,0,247.0,316.0,-0.9749279121818236,-0.2225209339563146,-0.8660254037844384,-0.5000000000000004,-0.5712682150947924,0.8207634412072763,254
2021-08-29,1208750,7,6,5,3,172678.57142857142,100000.0,500000,2,4,6,29,34,8,3,2021,1,0,0,0,246.0,315.0,-0.7818314824680299,0.6234898018587334,-0.8660254037844384,-0.5000000000000004,-0.3943558551133187,0.9189578116202306,255
2021-08-30,2760000,8,8,6,4,345000.0,297500.0,1000000,3,5,0,30,35,8,3,2021,0,0,0,0,245.0,314.0,0.0,1.0,-0.8660254037844384,-0.5000000000000004,-0.20129852008866114,0.9795299412524943,256
2021-08-31,11388900,16,16,5,8,711806.25,218750.0,7554850,4,12,1,31,35,8,3,2021,0,1,0,0,244.0,313.0,0.7818314824680298,0.6234898018587336,-0.8660254037844384,-0.5000000000000004,-2.4492935982947064e-16,1.0,257
2021-09-01,5476250,13,12,6,4,421250.0,271250.0,1000000,3,9,2,1,35,9,3,2021,0,0,1,0,243.0,312.0,0.9749279121818236,-0.22252093395631434,-1.0,-1.8369701987210297e-16,0.20129852008866006,0.9795299412524945,258
2021-09-02,4585000,11,11,7,4,416818.1818181818,250000.0,2000000,3,8,3,2,35,9,3,2021,0,0,0,0,242.0,311.0,0.43388373911755823,-0.900968867902419,-1.0,-1.8369701987210297e-16,0.39435585511331855,0.9189578116202306,259
2021-09-03,11189950,26,24,9,7,430382.6923076923,300000.0,2000000,4,20,4,3,35,9,3,2021,0,0,0,0,241.0,310.0,-0.433883739117558,-0.9009688679024191,-1.0,-1.8369701987210297e-16,0.5712682150947923,0.8207634412072763,260
2021-09-04,6771000,8,8,5,4,846375.0,237500.0,5000000,0,8,5,4,35,9,3,2021,1,0,0,0,240.0,309.0,-0.9749279121818236,-0.2225209339563146,-1.0,-1.8369701987210297e-16,0.7247927872291199,0.6889669190756866,261
2021-09-05,1540000,5,5,3,5,308000.0,375000.0,500000,2,3,6,5,35,9,3,2021,1,0,0,0,239.0,308.0,-0.7818314824680299,0.6234898018587334,-1.0,-1.8369701987210297e-16,0.8486442574947509,0.5289640103269624,262
2021-09-06,47840000,6,6,6,3,7973333.333333333,275000.0,46000000,0,6,0,6,36,9,3,2021,0,0,0,0,238.0,307.0,0.0,1.0,-1.0,-1.8369701987210297e-16,0.9377521321470804,0.3473052528448203,263
2021-09-07,2925000,10,9,7,4,292500.0,280000.0,500000,1,8,1,7,36,9,3,2021,0,0,0,0,237.0,306.0,0.7818314824680298,0.6234898018587336,-1.0,-1.8369701987210297e-16,0.9884683243281114,0.1514277775045767,264
2021-09-08,22711400,9,9,4,5,2523488.888888889,1000000.0,16375000,1,8,2,8,36,9,3,2021,0,0,0,0,236.0,305.0,0.9749279121818236,-0.22252093395631434,-1.0,-1.8369701987210297e-16,0.9987165071710528,-0.05064916883871264,265
2021-09-09,3451944,7,7,4,4,493134.85714285716,200000.0,2151944,0,7,3,9,36,9,3,2021,0,0,0,0,235.0,304.0,0.43388373911755823,-0.900968867902419,-1.0,-1.8369701987210297e-16,0.9680771188662043,-0.2506525322587204,266
2021-09-10,15825000,11,11,8,3,1438636.3636363635,200000.0,7000000,4,7,4,10,36,9,3,2021,0,0,0,0,234.0,303.0,-0.433883739117558,-0.9009688679024191,-1.0,-1.8369701987210297e-16,0.8978045395707416,-0.4403941515576344,267
2021-09-11,11128806,9,7,5,3,1236534.0,403000.0,5500806,4,3,5,11,36,9,3,2021,1,0,0,0,233.0,302.0,-0.9749279121818236,-0.2225209339563146,-1.0,-1.8369701987210297e-16,0.7907757369376989,-0.6121059825476626,268
2021-09-12,0,0,0,0,0,0.0,0.0,0,0,0,6,12,36,9,3,2021,1,0,0,0,232.0,301.0,-0.7818314824680299,0.6234898018587334,-1.0,-1.8369701987210297e-16,0.6513724827222223,-0.7587581226927909,269
2021-09-13,127725992,2,2,2,1,63862996.0,63862996.0,127710992,0,2,0,13,37,9,3,2021,0,0,0,0,231.0,300.0,0.0,1.0,-1.0,-1.8369701987210297e-16,0.48530196253108104,-0.8743466161445821,270
2021-09-14,1015000,2,2,2,2,507500.0,507500.0,1000000,0,2,1,14,37,9,3,2021,0,0,0,0,230.0,299.0,0.7818314824680298,0.6234898018587336,-1.0,-1.8369701987210297e-16,0.29936312297335804,-0.9541392564000488,271
2021-09-15,29040000,31,31,4,4,936774.1935483871,77500.0,14100000,3,28,2,15,37,9,3,2021,0,0,0,0,229.0,298.0,0.9749279121818236,-0.22252093395631434,-1.0,-1.8369701987210297e-16,0.10116832198743272,-0.994869323391895,272
2021-09-16,4161250,4,4,4,3,1040312.5,695625.0,2500000,2,2,3,16,37,9,3,2021,0,0,0,0,228.0,297.0,0.43388373911755823,-0.900968867902419,-1.0,-1.8369701987210297e-16,-0.10116832198743204,-0.9948693233918952,273
2021-09-17,2660000,6,6,5,3,443333.3333333333,300000.0,1000000,3,3,4,17,37,9,3,2021,0,0,0,0,227.0,296.0,-0.433883739117558,-0.9009688679024191,-1.0,-1.8369701987210297e-16,-0.2993631229733582,-0.9541392564000488,274
2021-09-18,0,0,0,0,0,0.0,0.0,0,0,0,5,18,37,9,3,2021,1,0,0,0,226.0,295.0,-0.9749279121818236,-0.2225209339563146,-1.0,-1.8369701987210297e-16,-0.4853019625310808,-0.8743466161445822,275
2021-09-19,250000,1,1,1,1,250000.0,250000.0,250000,0,1,6,19,37,9,3,2021,1,0,0,0,225.0,294.0,-0.7818314824680299,0.6234898018587334,-1.0,-1.8369701987210297e-16,-0.651372482722222,-0.7587581226927911,276
2021-09-20,1025000,2,2,2,2,512500.0,512500.0,1000000,1,1,0,20,38,9,3,2021,0,0,0,0,224.0,293.0,0.0,1.0,-1.0,-1.8369701987210297e-16,-0.7907757369376986,-0.6121059825476627,277
2021-09-21,2850000,3,3,3,3,950000.0,300000.0,2500000,0,3,1,21,38,9,3,2021,0,0,0,0,223.0,292.0,0.7818314824680298,0.6234898018587336,-1.0,-1.8369701987210297e-16,-0.8978045395707417,-0.44039415155763423,278
2021-09-22,1543000,3,3,2,2,514333.3333333333,365000.0,1000000,1,2,2,22,38,9,3,2021,0,0,0,0,222.0,291.0,0.9749279121818236,-0.22252093395631434,-1.0,-1.8369701987210297e-16,-0.9680771188662041,-0.2506525322587213,279
2021-09-23,360000,3,3,2,2,120000.0,125000.0,210000,0,3,3,23,38,9,3,2021,0,0,0,0,221.0,290.0,0.43388373911755823,-0.900968867902419,-1.0,-1.8369701987210297e-16,-0.9987165071710528,-0.05064916883871355,280
2021-09-24,5803830,12,12,6,4,483652.5,200000.0,3000000,1,11,4,24,38,9,3,2021,0,0,0,0,220.0,289.0,-0.433883739117558,-0.9009688679024191,-1.0,-1.8369701987210297e-16,-0.9884683243281114,0.15142777750457667,281
2021-09-25,5222500,13,12,5,4,401730.76923076925,400000.0,1000000,2,10,5,25,38,9,3,2021,1,0,0,0,219.0,288.0,-0.9749279121818236,-0.2225209339563146,-1.0,-1.8369701987210297e-16,-0.9377521321470804,0.3473052528448203,282
2021-09-26,2002797,5,5,3,5,400559.4,353797.0,1000000,0,5,6,26,38,9,3,2021,1,0,0,0,218.0,287.0,-0.7818314824680299,0.6234898018587334,-1.0,-1.8369701987210297e-16,-0.848644257494751,0.5289640103269624,283
2021-09-27,1970000,8,7,4,4,246250.0,175000.0,500000,2,5,0,27,39,9,3,2021,0,0,0,0,217.0,286.0,0.0,1.0,-1.0,-1.8369701987210297e-16,-0.72479278722912,0.6889669190756865,284
2021-09-28,24462200,12,12,6,6,2038516.6666666667,375000.0,20000000,2,10,1,28,39,9,3,2021,0,0,0,0,216.0,285.0,0.7818314824680298,0.6234898018587336,-1.0,-1.8369701987210297e-16,-0.5712682150947924,0.8207634412072763,285
2021-09-29,2347000,8,8,4,5,293375.0,303500.0,550000,3,5,2,29,39,9,3,2021,0,0,0,0,215.0,284.0,0.9749279121818236,-0.22252093395631434,-1.0,-1.8369701987210297e-16,-0.3943558551133187,0.9189578116202306,286
2021-09-30,6058750,15,15,3,7,403916.6666666667,300000.0,1400000,4,11,3,30,39,9,3,2021,0,1,0,0,214.0,283.0,0.43388373911755823,-0.900968867902419,-1.0,-1.8369701987210297e-16,-0.20129852008866114,0.9795299412524943,287
2021-10-01,7357500,25,22,8,7,294300.0,200000.0,1000000,5,17,4,1,39,10,4,2021,0,0,1,0,213.0,282.0,-0.433883739117558,-0.9009688679024191,-0.8660254037844386,0.5000000000000001,0.20129852008866006,0.9795299412524945,288
2021-10-02,2785000,10,9,6,7,278500.0,275000.0,600000,4,5,5,2,39,10,4,2021,1,0,0,0,212.0,281.0,-0.9749279121818236,-0.2225209339563146,-0.8660254037844386,0.5000000000000001,0.39435585511331855,0.9189578116202306,289
2021-10-03,1010000,4,4,3,4,252500.0,250000.0,500000,0,4,6,3,39,10,4,2021,1,0,0,0,211.0,280.0,-0.7818314824680299,0.6234898018587334,-0.8660254037844386,0.5000000000000001,0.5712682150947923,0.8207634412072763,290
2021-10-04,6516300,12,11,3,4,543025.0,350000.0,2500000,2,9,0,4,40,10,4,2021,0,0,0,0,210.0,279.0,0.0,1.0,-0.8660254037844386,0.5000000000000001,0.7247927872291199,0.6889669190756866,291
2021-10-05,2360000,13,13,6,5,181538.46153846153,150000.0,500000,6,7,1,5,40,10,4,2021,0,0,0,0,209.0,278.0,0.7818314824680298,0.6234898018587336,-0.8660254037844386,0.5000000000000001,0.8486442574947509,0.5289640103269624,292
2021-10-06,6657868,14,13,5,6,475562.0,300000.0,1800000,3,10,2,6,40,10,4,2021,0,0,0,0,208.0,277.0,0.9749279121818236,-0.22252093395631434,-0.8660254037844386,0.5000000000000001,0.9377521321470804,0.3473052528448203,293
2021-10-07,2215000,6,6,2,3,369166.6666666667,150000.0,1500000,2,4,3,7,40,10,4,2021,0,0,0,0,207.0,276.0,0.43388373911755823,-0.900968867902419,-0.8660254037844386,0.5000000000000001,0.9884683243281114,0.1514277775045767,294
2021-10-08,2810000,14,14,5,5,200714.2857142857,150000.0,750000,5,9,4,8,40,10,4,2021,0,0,0,0,206.0,275.0,-0.433883739117558,-0.9009688679024191,-0.8660254037844386,0.5000000000000001,0.9987165071710528,-0.05064916883871264,295
2021-10-09,900000,4,4,3,1,225000.0,150000.0,500000,2,2,5,9,40,10,4,2021,1,0,0,0,205.0,274.0,-0.9749279121818236,-0.2225209339563146,-0.8660254037844386,0.5000000000000001,0.9680771188662043,-0.2506525322587204,296
2021-10-10,1726000,4,4,2,2,431500.0,250000.0,1000000,0,4,6,10,40,10,4,2021,1,0,0,0,204.0,273.0,-0.7818314824680299,0.6234898018587334,-0.8660254037844386,0.5000000000000001,0.8978045395707416,-0.4403941515576344,297
2021-10-11,3450000,8,8,5,1,431250.0,325000.0,1000000,5,3,0,11,41,10,4,2021,0,0,0,0,203.0,272.0,0.0,1.0,-0.8660254037844386,0.5000000000000001,0.7907757369376989,-0.6121059825476626,298
2021-10-12,1702000,7,7,3,4,243142.85714285713,250000.0,525000,2,5,1,12,41,10,4,2021,0,0,0,0,202.0,271.0,0.7818314824680298,0.6234898018587336,-0.8660254037844386,0.5000000000000001,0.6513724827222223,-0.7587581226927909,299
2021-10-13,1150000,5,5,3,3,230000.0,200000.0,500000,2,3,2,13,41,10,4,2021,0,0,0,0,201.0,270.0,0.9749279121818236,-0.22252093395631434,-0.8660254037844386,0.5000000000000001,0.48530196253108104,-0.8743466161445821,300
2021-10-14,577250,5,5,4,2,115450.0,100000.0,200000,4,1,3,14,41,10,4,2021,0,0,0,0,200.0,269.0,0.43388373911755823,-0.900968867902419,-0.8660254037844386,0.5000000000000001,0.29936312297335804,-0.9541392564000488,301
2021-10-15,9876250,17,16,9,6,580955.8823529412,150000.0,5000000,9,7,4,15,41,10,4,2021,0,0,0,0,199.0,268.0,-0.433883739117558,-0.9009688679024191,-0.8660254037844386,0.5000000000000001,0.10116832198743272,-0.994869323391895,302
2021-10-16,1000000,1,1,1,1,1000000.0,1000000.0,1000000,0,1,5,16,41,10,4,2021,1,0,0,0,198.0,267.0,-0.9749279121818236,-0.2225209339563146,-0.8660254037844386,0.5000000000000001,-0.10116832198743204,-0.9948693233918952,303
2021-10-17,0,0,0,0,0,0.0,0.0,0,0,0,6,17,41,10,4,2021,1,0,0,0,197.0,266.0,-0.7818314824680299,0.6234898018587334,-0.8660254037844386,0.5000000000000001,-0.2993631229733582,-0.9541392564000488,304
2021-10-18,790000,1,1,1,1,790000.0,790000.0,790000,0,1,0,18,42,10,4,2021,0,0,0,0,196.0,265.0,0.0,1.0,-0.8660254037844386,0.5000000000000001,-0.4853019625310808,-0.8743466161445822,305
2021-10-19,2150000,4,4,2,3,537500.0,300000.0,1500000,3,1,1,19,42,10,4,2021,0,0,0,0,195.0,264.0,0.7818314824680298,0.6234898018587336,-0.8660254037844386,0.5000000000000001,-0.651372482722222,-0.7587581226927911,306
2021-10-20,50000,1,1,1,1,50000.0,50000.0,50000,0,1,2,20,42,10,4,2021,0,0,0,0,194.0,263.0,0.9749279121818236,-0.22252093395631434,-0.8660254037844386,0.5000000000000001,-0.7907757369376986,-0.6121059825476627,307
2021-10-21,4400000,2,2,2,1,2200000.0,2200000.0,2500000,1,1,3,21,42,10,4,2021,0,0,0,0,193.0,262.0,0.43388373911755823,-0.900968867902419,-0.8660254037844386,0.5000000000000001,-0.8978045395707417,-0.44039415155763423,308
2021-10-22,3877000,11,11,6,6,352454.54545454547,360000.0,1000000,0,11,4,22,42,10,4,2021,0,0,0,0,192.0,261.0,-0.433883739117558,-0.9009688679024191,-0.8660254037844386,0.5000000000000001,-0.9680771188662041,-0.2506525322587213,309
2021-10-23,800000,3,3,2,2,266666.6666666667,300000.0,300000,1,2,5,23,42,10,4,2021,1,0,0,0,191.0,260.0,-0.9749279121818236,-0.2225209339563146,-0.8660254037844386,0.5000000000000001,-0.9987165071710528,-0.05064916883871355,310
2021-10-24,0,0,0,0,0,0.0,0.0,0,0,0,6,24,42,10,4,2021,1,0,0,0,190.0,259.0,-0.7818314824680299,0.6234898018587334,-0.8660254037844386,0.5000000000000001,-0.9884683243281114,0.15142777750457667,311
2021-10-25,3938200,5,5,1,3,787640.0,250000.0,3000000,0,5,0,25,43,10,4,2021,0,0,0,0,189.0,258.0,0.0,1.0,-0.8660254037844386,0.5000000000000001,-0.9377521321470804,0.3473052528448203,312
2021-10-26,2665000,7,7,4,4,380714.28571428574,350000.0,780000,0,7,1,26,43,10,4,2021,0,0,0,0,188.0,257.0,0.7818314824680298,0.6234898018587336,-0.8660254037844386,0.5000000000000001,-0.848644257494751,0.5289640103269624,313
2021-10-27,1527000,6,6,3,4,254500.0,227500.0,422000,1,5,2,27,43,10,4,2021,0,0,0,0,187.0,256.0,0.9749279121818236,-0.22252093395631434,-0.8660254037844386,0.5000000000000001,-0.72479278722912,0.6889669190756865,314
2021-10-28,3720000,10,9,3,5,372000.0,250000.0,1000000,1,8,3,28,43,10,4,2021,0,0,0,0,186.0,255.0,0.43388373911755823,-0.900968867902419,-0.8660254037844386,0.5000000000000001,-0.5712682150947924,0.8207634412072763,315
2021-10-29,26108260,49,42,10,6,532821.6326530612,146000.0,9020000,9,33,4,29,43,10,4,2021,0,0,0,0,185.0,254.0,-0.433883739117558,-0.9009688679024191,-0.8660254037844386,0.5000000000000001,-0.3943558551133187,0.9189578116202306,316
2021-10-30,2824000,10,10,6,3,282400.0,169500.0,1000000,3,7,5,30,43,10,4,2021,1,0,0,0,184.0,253.0,-0.9749279121818236,-0.2225209339563146,-0.8660254037844386,0.5000000000000001,-0.20129852008866114,0.9795299412524943,317
2021-10-31,3360000,11,9,4,4,305454.54545454547,200000.0,900000,4,5,6,31,43,10,4,2021,1,1,0,0,183.0,252.0,-0.7818314824680299,0.6234898018587334,-0.8660254037844386,0.5000000000000001,-2.4492935982947064e-16,1.0,318
2021-11-01,65054400,32,30,7,7,2032950.0,300000.0,50000000,6,24,0,1,44,11,4,2021,0,0,1,0,182.0,251.0,0.0,1.0,-0.5000000000000004,0.8660254037844384,0.20129852008866006,0.9795299412524945,319
2021-11-02,6650178,14,13,6,8,475012.71428571426,325000.0,2500000,5,8,1,2,44,11,4,2021,0,0,0,0,181.0,250.0,0.7818314824680298,0.6234898018587336,-0.5000000000000004,0.8660254037844384,0.39435585511331855,0.9189578116202306,320
2021-11-03,4925000,18,17,7,6,273611.1111111111,150000.0,2000000,9,8,2,3,44,11,4,2021,0,0,0,0,180.0,249.0,0.9749279121818236,-0.22252093395631434,-0.5000000000000004,0.8660254037844384,0.5712682150947923,0.8207634412072763,321
2021-11-04,3650000,13,13,7,5,280769.23076923075,100000.0,1000000,3,10,3,4,44,11,4,2021,0,0,0,0,179.0,248.0,0.43388373911755823,-0.900968867902419,-0.5000000000000004,0.8660254037844384,0.7247927872291199,0.6889669190756866,322
2021-11-05,14201250,26,26,10,9,546201.9230769231,200000.0,7500000,8,18,4,5,44,11,4,2021,0,0,0,0,178.0,247.0,-0.433883739117558,-0.9009688679024191,-0.5000000000000004,0.8660254037844384,0.8486442574947509,0.5289640103269624,323
2021-11-06,3130500,15,13,7,6,208700.0,125000.0,510000,4,9,5,6,44,11,4,2021,1,0,0,0,177.0,246.0,-0.9749279121818236,-0.2225209339563146,-0.5000000000000004,0.8660254037844384,0.9377521321470804,0.3473052528448203,324
2021-11-07,1415000,9,9,4,3,157222.22222222222,200000.0,300000,3,6,6,7,44,11,4,2021,1,0,0,0,176.0,245.0,-0.7818314824680299,0.6234898018587334,-0.5000000000000004,0.8660254037844384,0.9884683243281114,0.1514277775045767,325
2021-11-08,4835000,12,12,5,5,402916.6666666667,182500.0,3000000,3,9,0,8,45,11,4,2021,0,0,0,0,175.0,244.0,0.0,1.0,-0.5000000000000004,0.8660254037844384,0.9987165071710528,-0.05064916883871264,326
2021-11-09,2214500,13,13,5,6,170346.15384615384,125000.0,350000,4,9,1,9,45,11,4,2021,0,0,0,0,174.0,243.0,0.7818314824680298,0.6234898018587336,-0.5000000000000004,0.8660254037844384,0.9680771188662043,-0.2506525322587204,327
2021-11-10,2875000,5,5,4,2,575000.0,250000.0,2150000,2,3,2,10,45,11,4,2021,0,0,0,0,173.0,242.0,0.9749279121818236,-0.22252093395631434,-0.5000000000000004,0.8660254037844384,0.8978045395707416,-0.4403941515576344,328
2021-11-11,13658730,14,13,7,7,975623.5714285715,250000.0,9800000,7,6,3,11,45,11,4,2021,0,0,0,0,172.0,241.0,0.43388373911755823,-0.900968867902419,-0.5000000000000004,0.8660254037844384,0.7907757369376989,-0.6121059825476626,329
2021-11-12,8203300,14,14,7,7,585950.0,337500.0,2150000,5,9,4,12,45,11,4,2021,0,0,0,0,171.0,240.0,-0.433883739117558,-0.9009688679024191,-0.5000000000000004,0.8660254037844384,0.6513724827222223,-0.7587581226927909,330
2021-11-13,6500000,6,6,6,5,1083333.3333333333,100000.0,6000000,2,4,5,13,45,11,4,2021,1,0,0,0,170.0,239.0,-0.9749279121818236,-0.2225209339563146,-0.5000000000000004,0.8660254037844384,0.48530196253108104,-0.8743466161445821,331
2021-11-14,2315000,9,8,4,5,257222.22222222222,200000.0,1000000,3,5,6,14,45,11,4,2021,1,0,0,0,169.0,238.0,-0.7818314824680299,0.6234898018587334,-0.5000000000000004,0.8660254037844384,0.29936312297335804,-0.9541392564000488,332
2021-11-15,905000,4,4,3,3,226250.0,225000.0,355000,1,3,0,15,46,11,4,2021,0,0,0,0,168.0,237.0,0.0,1.0,-0.5000000000000004,0.8660254037844384,0.10116832198743272,-0.994869323391895,333
2021-11-16,4590000,8,8,4,5,573750.0,240000.0,3150000,2,6,1,16,46,11,4,2021,0,0,0,0,167.0,236.0,0.7818314824680298,0.6234898018587336,-0.5000000000000004,0.8660254037844384,-0.10116832198743204,-0.9948693233918952,334
2021-11-17,8195000,7,7,5,4,1170714.2857142857,100000.0,6550000,0,7,2,17,46,11,4,2021,0,0,0,0,166.0,235.0,0.9749279121818236,-0.22252093395631434,-0.5000000000000004,0.8660254037844384,-0.2993631229733582,-0.9541392564000488,335
2021-11-18,2510000,4,4,4,3,627500.0,250000.0,2000000,0,4,3,18,46,11,4,2021,0,0,0,0,165.0,234.0,0.43388373911755823,-0.900968867902419,-0.5000000000000004,0.8660254037844384,-0.4853019625310808,-0.8743466161445822,336
2021-11-19,9020000,16,12,11,7,563750.0,305000.0,2250000,4,8,4,19,46,11,4,2021,0,0,0,0,164.0,233.0,-0.433883739117558,-0.9009688679024191,-0.5000000000000004,0.8660254037844384,-0.651372482722222,-0.7587581226927911,337
2021-11-20,3930000,9,9,4,5,436666.6666666667,200000.0,2500000,4,5,5,20,46,11,4,2021,1,0,0,0,163.0,232.0,-0.9749279121818236,-0.2225209339563146,-0.5000000000000004,0.8660254037844384,-0.7907757369376986,-0.6121059825476627,338
2021-11-21,1925000,9,8,7,4,213888.88888888888,200000.0,500000,4,4,6,21,46,11,4,2021,1,0,0,0,162.0,231.0,-0.7818314824680299,0.6234898018587334,-0.5000000000000004,0.8660254037844384,-0.8978045395707417,-0.44039415155763423,339
2021-11-22,35000,2,2,2,1,17500.0,17500.0,25000,0,2,0,22,47,11,4,2021,0,0,0,0,161.0,230.0,0.0,1.0,-0.5000000000000004,0.8660254037844384,-0.9680771188662041,-0.2506525322587213,340
2021-11-23,6525000,7,6,5,5,932142.8571428572,275000.0,5000000,5,1,1,23,47,11,4,2021,0,0,0,0,160.0,229.0,0.7818314824680298,0.6234898018587336,-0.5000000000000004,0.8660254037844384,-0.9987165071710528,-0.05064916883871355,341
2021-11-24,6386500,15,14,5,9,425766.6666666667,300000.0,2700000,11,3,2,24,47,11,4,2021,0,0,0,0,159.0,228.0,0.9749279121818236,-0.22252093395631434,-0.5000000000000004,0.8660254037844384,-0.9884683243281114,0.15142777750457667,342
2021-11-25,8651725,17,16,8,7,508925.0,300000.0,3000000,3,13,3,25,47,11,4,2021,0,0,0,0,158.0,227.0,0.43388373911755823,-0.900968867902419,-0.5000000000000004,0.8660254037844384,-0.9377521321470804,0.3473052528448203,343
2021-11-26,5960000,23,21,9,7,259130.4347826087,200000.0,875000,9,12,4,26,47,11,4,2021,0,0,0,0,157.0,226.0,-0.433883739117558,-0.9009688679024191,-0.5000000000000004,0.8660254037844384,-0.848644257494751,0.5289640103269624,344
2021-11-27,6958000,7,6,6,3,994000.0,100000.0,6300000,1,5,5,27,47,11,4,2021,1,0,0,0,156.0,225.0,-0.9749279121818236,-0.2225209339563146,-0.5000000000000004,0.8660254037844384,-0.72479278722912,0.6889669190756865,345
2021-11-28,1650000,6,6,4,4,275000.0,275000.0,700000,2,4,6,28,47,11,4,2021,1,0,0,0,155.0,224.0,-0.7818314824680299,0.6234898018587334,-0.5000000000000004,0.8660254037844384,-0.5712682150947924,0.8207634412072763,346
2021-11-29,9506013,30,30,6,8,316867.1,165089.0,2500000,15,15,0,29,48,11,4,2021,0,0,0,0,154.0,223.0,0.0,1.0,-0.5000000000000004,0.8660254037844384,-0.3943558551133187,0.9189578116202306,347
2021-11-30,21718200,29,27,7,7,748903.448275862,300000.0,13700000,9,18,1,30,48,11,4,2021,0,1,0,0,153.0,222.0,0.7818314824680298,0.6234898018587336,-0.5000000000000004,0.8660254037844384,-0.20129852008866114,0.9795299412524943,348
2021-12-01,10362000,35,32,6,8,296057.14285714284,200000.0,2300000,8,24,2,1,48,12,4,2021,0,0,1,0,152.0,221.0,0.9749279121818236,-0.22252093395631434,-2.4492935982947064e-16,1.0,0.20129852008866006,0.9795299412524945,349
2021-12-02,9225000,27,25,6,10,341666.6666666667,300000.0,1200000,9,16,3,2,48,12,4,2021,0,0,0,0,151.0,220.0,0.43388373911755823,-0.900968867902419,-2.4492935982947064e-16,1.0,0.39435585511331855,0.9189578116202306,350
2021-12-03,13436250,36,34,12,10,373229.1666666667,300000.0,1860000,7,27,4,3,48,12,4,2021,0,0,0,0,150.0,219.0,-0.433883739117558,-0.9009688679024191,-2.4492935982947064e-16,1.0,0.5712682150947923,0.8207634412072763,351
2021-12-04,8150000,28,26,8,9,291071.4285714286,300000.0,900000,8,18,5,4,48,12,4,2021,1,0,0,0,149.0,218.0,-0.9749279121818236,-0.2225209339563146,-2.4492935982947064e-16,1.0,0.7247927872291199,0.6889669190756866,352
2021-12-05,36826519,111,105,9,15,331770.4414414414,200000.0,4000000,57,48,6,5,48,12,4,2021,1,0,0,0,148.0,217.0,-0.7818314824680299,0.6234898018587334,-2.4492935982947064e-16,1.0,0.8486442574947509,0.5289640103269624,353
2021-12-06,58548000,183,167,11,15,319934.4262295082,250000.0,2268000,121,46,0,6,49,12,4,2021,0,0,0,0,147.0,216.0,0.0,1.0,-2.4492935982947064e-16,1.0,0.9377521321470804,0.3473052528448203,354
2021-12-07,62422326,211,195,10,11,295840.4075829384,200000.0,2000000,129,66,1,7,49,12,4,2021,0,0,0,0,146.0,215.0,0.7818314824680298,0.6234898018587336,-2.4492935982947064e-16,1.0,0.9884683243281114,0.1514277775045767,355
2021-12-08,55613625,96,92,12,15,579308.59375,200000.0,24300000,62,30,2,8,49,12,4,2021,0,0,0,0,145.0,214.0,0.9749279121818236,-0.22252093395631434,-2.4492935982947064e-16,1.0,0.9987165071710528,-0.05064916883871264,356
2021-12-09,72810000,86,78,8,13,846627.9069767442,200000.0,45000000,54,24,3,9,49,12,4,2021,0,0,0,0,144.0,213.0,0.43388373911755823,-0.900968867902419,-2.4492935982947064e-16,1.0,0.9680771188662043,-0.2506525322587204,357
2021-12-10,50360900,147,138,13,13,342591.15646258503,200000.0,3000000,97,41,4,10,49,12,4,2021,0,0,0,0,143.0,212.0,-0.433883739117558,-0.9009688679024191,-2.4492935982947064e-16,1.0,0.8978045395707416,-0.4403941515576344,358
2021-12-11,12070000,39,39,6,9,309487.1794871795,300000.0,1000000,26,13,5,11,49,12,4,2021,1,0,0,0,142.0,211.0,-0.9749279121818236,-0.2225209339563146,-2.4492935982947064e-16,1.0,0.7907757369376989,-0.6121059825476626,359
2021-12-12,17700000,39,39,7,10,453846.1538461539,300000.0,3000000,23,16,6,12,49,12,4,2021,1,0,0,0,141.0,210.0,-0.7818314824680299,0.6234898018587334,-2.4492935982947064e-16,1.0,0.6513724827222223,-0.7587581226927909,360
2021-12-13,48597003,79,63,7,10,615151.9367088608,300000.0,6500000,44,19,0,13,50,12,4,2021,0,0,0,0,140.0,209.0,0.0,1.0,-2.4492935982947064e-16,1.0,0.48530196253108104,-0.8743466161445821,361
2021-12-14,26512600,75,72,6,11,353501.3333333333,200000.0,4000000,53,19,1,14,50,12,4,2021,0,0,0,0,139.0,208.0,0.7818314824680298,0.6234898018587336,-2.4492935982947064e-16,1.0,0.29936312297335804,-0.9541392564000488,362
2021-12-15,27250000,52,51,5,11,524038.46153846156,300000.0,6650000,37,14,2,15,50,12,4,2021,0,0,0,0,138.0,207.0,0.9749279121818236,-0.22252093395631434,-2.4492935982947064e-16,1.0,0.10116832198743272,-0.994869323391895,363
2021-12-16,16528764,38,33,11,10,434967.4736842105,250000.0,5478764,24,9,3,16,50,12,4,2021,0,0,0,0,137.0,206.0,0.43388373911755823,-0.900968867902419,-2.4492935982947064e-16,1.0,-0.10116832198743204,-0.9948693233918952,364
2021-12-17,31116290,72,64,13,12,432170.69444444444,300000.0,5000000,28,36,4,17,50,12,4,2021,0,0,0,0,136.0,205.0,-0.433883739117558,-0.9009688679024191,-2.4492935982947064e-16,1.0,-0.2993631229733582,-0.9541392564000488,365
2021-12-18,10970000,29,27,5,10,378275.8620689655,300000.0,3770000,12,15,5,18,50,12,4,2021,1,0,0,0,135.0,204.0,-0.9749279121818236,-0.2225209339563146,-2.4492935982947064e-16,1.0,-0.4853019625310808,-0.8743466161445822,366
2021-12-19,6100000,13,13,2,5,469230.76923076925,300000.0,2500000,6,7,6,19,50,12,4,2021,1,0,0,0,134.0,203.0,-0.7818314824680299,0.6234898018587334,-2.4492935982947064e-16,1.0,-0.651372482722222,-0.7587581226927911,367
2021-12-20,18875750,33,33,8,10,571992.4242424242,300000.0,5000000,21,12,0,20,51,12,4,2021,0,0,0,0,133.0,202.0,0.0,1.0,-2.4492935982947064e-16,1.0,-0.7907757369376986,-0.6121059825476627,368
2021-12-21,28504500,45,37,10,12,633433.3333333334,300000.0,5000000,17,20,1,21,51,12,4,2021,0,0,0,0,132.0,201.0,0.7818314824680298,0.6234898018587336,-2.4492935982947064e-16,1.0,-0.8978045395707417,-0.44039415155763423,369
2021-12-22,36522300,45,41,8,12,811606.6666666666,300000.0,20000000,22,19,2,22,51,12,4,2021,0,0,0,0,131.0,200.0,0.9749279121818236,-0.22252093395631434,-2.4492935982947064e-16,1.0,-0.9680771188662041,-0.2506525322587213,370
2021-12-23,12695000,38,36,6,10,334078.94736842107,300000.0,2000000,22,14,3,23,51,12,4,2021,0,0,0,0,130.0,199.0,0.43388373911755823,-0.900968867902419,-2.4492935982947064e-16,1.0,-0.9987165071710528,-0.05064916883871355,371
2021-12-24,28124350,56,51,16,12,502220.53571428574,300000.0,6893350,25,26,4,24,51,12,4,2021,0,0,0,0,129.0,198.0,-0.433883739117558,-0.9009688679024191,-2.4492935982947064e-16,1.0,-0.9884683243281114,0.15142777750457667,372
2021-12-25,18253315,43,40,7,9,424495.6976744186,300000.0,3428315,21,19,5,25,51,12,4,2021,1,0,0,0,128.0,197.0,-0.9749279121818236,-0.2225209339563146,-2.4492935982947064e-16,1.0,-0.9377521321470804,0.3473052528448203,373
2021-12-26,10171000,31,25,9,7,328096.77419354836,300000.0,1600000,11,14,6,26,51,12,4,2021,1,0,0,0,127.0,196.0,-0.7818314824680299,0.6234898018587334,-2.4492935982947064e-16,1.0,-0.848644257494751,0.5289640103269624,374
2021-12-27,27081183,54,48,13,13,501503.3888888889,300000.0,5750000,27,21,0,27,52,12,4,2021,0,0,0,0,126.0,195.0,0.0,1.0,-2.4492935982947064e-16,1.0,-0.72479278722912,0.6889669190756865,375
2021-12-28,27830500,71,68,8,13,391978.8732394366,300000.0,6865000,30,38,1,28,52,12,4,2021,0,0,0,0,125.0,194.0,0.7818314824680298,0.6234898018587336,-2.4492935982947064e-16,1.0,-0.5712682150947924,0.8207634412072763,376
2021-12-29,34189000,47,44,13,10,727425.5319148937,300000.0,10000000,23,21,2,29,52,12,4,2021,0,0,0,0,124.0,193.0,0.9749279121818236,-0.22252093395631434,-2.4492935982947064e-16,1.0,-0.3943558551133187,0.9189578116202306,377
2021-12-30,33238925,60,60,8,12,553982.0833333334,300000.0,11348800,29,31,3,30,52,12,4,2021,0,0,0,0,123.0,192.0,0.43388373911755823,-0.900968867902419,-2.4492935982947064e-16,1.0,-0.20129852008866114,0.9795299412524943,378
2021-12-31,41417075,79,74,12,13,524266.7721518987,300000.0,14550000,29,45,4,31,52,12,4,2021,0,1,0,0,122.0,191.0,-0.433883739117558,-0.9009688679024191,-2.4492935982947064e-16,1.0,-2.4492935982947064e-16,1.0,379
2022-01-01,10919354,26,26,6,9,419975.1538461539,300000.0,2000000,9,17,5,1,52,1,1,2022,1,0,1,0,121.0,190.0,-0.9749279121818236,-0.2225209339563146,0.49999999999999994,0.8660254037844387,0.20129852008866006,0.9795299412524945,380
2022-01-02,17321000,32,31,10,8,541281.25,300000.0,6000000,20,11,6,2,52,1,1,2022,1,0,0,0,120.0,189.0,-0.7818314824680299,0.6234898018587334,0.49999999999999994,0.8660254037844387,0.39435585511331855,0.9189578116202306,381
2022-01-03,48075001,55,51,8,13,874090.9272727272,300000.0,16400000,27,24,0,3,1,1,1,2022,0,0,0,0,119.0,188.0,0.0,1.0,0.49999999999999994,0.8660254037844387,0.5712682150947923,0.8207634412072763,382
2022-01-04,19471500,63,62,11,12,309071.4285714286,300000.0,1850000,30,32,1,4,1,1,1,2022,0,0,0,0,118.0,187.0,0.7818314824680298,0.6234898018587336,0.49999999999999994,0.8660254037844387,0.7247927872291199,0.6889669190756866,383
2022-01-05,34237424,50,49,11,12,684748.48,300000.0,9050602,16,33,2,5,1,1,1,2022,0,0,0,0,117.0,186.0,0.9749279121818236,-0.22252093395631434,0.49999999999999994,0.8660254037844387,0.8486442574947509,0.5289640103269624,384
2022-01-06,53343822,67,56,14,12,796176.4477611941,300000.0,10000000,32,24,3,6,1,1,1,2022,0,0,0,0,116.0,185.0,0.43388373911755823,-0.900968867902419,0.49999999999999994,0.8660254037844387,0.9377521321470804,0.3473052528448203,385
2022-01-07,40653105,78,76,12,11,521193.6538461539,300000.0,10000000,33,43,4,7,1,1,1,2022,0,0,0,0,115.0,184.0,-0.433883739117558,-0.9009688679024191,0.49999999999999994,0.8660254037844387,0.9884683243281114,0.1514277775045767,386
2022-01-08,25435000,64,62,10,13,397421.875,300000.0,5000000,14,48,5,8,1,1,1,2022,1,0,0,0,114.0,183.0,-0.9749279121818236,-0.2225209339563146,0.49999999999999994,0.8660254037844387,0.9987165071710528,-0.05064916883871264,387
2022-01-09,5885000,21,21,7,10,280238.09523809527,300000.0,1000000,11,10,6,9,1,1,1,2022,1,0,0,0,113.0,182.0,-0.7818314824680299,0.6234898018587334,0.49999999999999994,0.8660254037844387,0.9680771188662043,-0.2506525322587204,388
2022-01-10,14570000,37,36,7,13,393783.7837837838,300000.0,3000000,24,12,0,10,2,1,1,2022,0,0,0,0,112.0,181.0,0.0,1.0,0.49999999999999994,0.8660254037844387,0.8978045395707416,-0.4403941515576344,389
2022-01-11,33315000,68,64,9,12,489926.4705882353,300000.0,10000000,28,36,1,11,2,1,1,2022,0,0,0,0,111.0,180.0,0.7818314824680298,0.6234898018587336,0.49999999999999994,0.8660254037844387,0.7907757369376989,-0.6121059825476626,390
2022-01-12,9240000,36,33,9,11,256666.66666666666,300000.0,1000000,16,17,2,12,2,1,1,2022,0,0,0,0,110.0,179.0,0.9749279121818236,-0.22252093395631434,0.49999999999999994,0.8660254037844387,0.6513724827222223,-0.7587581226927909,391
2022-01-13,11840500,31,30,6,6,381951.6129032258,300000.0,1595500,13,17,3,13,2,1,1,2022,0,0,0,0,109.0,178.0,0.43388373911755823,-0.900968867902419,0.49999999999999994,0.8660254037844387,0.48530196253108104,-0.8743466161445821,392
2022-01-14,9515000,30,30,6,8,317166.6666666667,300000.0,1385000,16,14,4,14,2,1,1,2022,0,0,0,0,108.0,177.0,-0.433883739117558,-0.9009688679024191,0.49999999999999994,0.8660254037844387,0.29936312297335804,-0.9541392564000488,393
2022-01-15,5885000,19,19,5,9,309736.84210526315,300000.0,1000000,5,14,5,15,2,1,1,2022,1,0,0,0,107.0,176.0,-0.9749279121818236,-0.2225209339563146,0.49999999999999994,0.8660254037844387,0.10116832198743272,-0.994869323391895,394
2022-01-16,26941800,31,29,10,8,869090.3225806452,300000.0,17500000,14,15,6,16,2,1,1,2022,1,0,0,0,106.0,175.0,-0.7818314824680299,0.6234898018587334,0.49999999999999994,0.8660254037844387,-0.10116832198743204,-0.9948693233918952,395
2022-01-17,13913500,52,49,11,10,267567.3076923077,250000.0,1700000,29,20,0,17,3,1,1,2022,0,0,0,0,105.0,174.0,0.0,1.0,0.49999999999999994,0.8660254037844387,-0.2993631229733582,-0.9541392564000488,396
2022-01-18,22803000,73,69,7,10,312369.8630136986,300000.0,2000000,32,37,1,18,3,1,1,2022,0,0,0,0,104.0,173.0,0.7818314824680298,0.6234898018587336,0.49999999999999994,0.8660254037844387,-0.4853019625310808,-0.8743466161445822,397
2022-01-19,16184904,28,28,9,11,578032.2857142857,300000.0,7000000,9,19,2,19,3,1,1,2022,0,0,0,0,103.0,172.0,0.9749279121818236,-0.22252093395631434,0.49999999999999994,0.8660254037844387,-0.651372482722222,-0.7587581226927911,398
2022-01-20,27550000,43,42,6,11,640697.6744186047,300000.0,15000000,20,22,3,20,3,1,1,2022,0,0,0,0,102.0,171.0,0.43388373911755823,-0.900968867902419,0.49999999999999994,0.8660254037844387,-0.7907757369376986,-0.6121059825476627,399
2022-01-21,24624615,60,60,9,10,410410.25,300000.0,2250000,33,27,4,21,3,1,1,2022,0,0,0,0,101.0,170.0,-0.433883739117558,-0.9009688679024191,0.49999999999999994,0.8660254037844387,-0.8978045395707417,-0.44039415155763423,400
2022-01-22,9125000,33,33,6,10,276515.1515151515,300000.0,500000,19,14,5,22,3,1,1,2022,1,0,0,0,100.0,169.0,-0.9749279121818236,-0.2225209339563146,0.49999999999999994,0.8660254037844387,-0.9680771188662041,-0.2506525322587213,401
2022-01-23,8665000,31,30,6,11,279516.12903225806,300000.0,500000,10,20,6,23,3,1,1,2022,1,0,0,0,99.0,168.0,-0.7818314824680299,0.6234898018587334,0.49999999999999994,0.8660254037844387,-0.9987165071710528,-0.05064916883871355,402
2022-01-24,21816200,51,50,5,11,427768.6274509804,300000.0,2500000,23,27,0,24,4,1,1,2022,0,0,0,0,98.0,167.0,0.0,1.0,0.49999999999999994,0.8660254037844387,-0.9884683243281114,0.15142777750457667,403
2022-01-25,30475606,72,70,12,12,423272.30555555556,300000.0,8000000,33,37,1,25,4,1,1,2022,0,0,0,0,97.0,166.0,0.7818314824680298,0.6234898018587336,0.49999999999999994,0.8660254037844387,-0.9377521321470804,0.3473052528448203,404
2022-01-26,28740100,78,76,13,14,368462.8205128205,300000.0,2755000,39,37,2,26,4,1,1,2022,0,0,0,0,96.0,165.0,0.9749279121818236,-0.22252093395631434,0.49999999999999994,0.8660254037844387,-0.848644257494751,0.5289640103269624,405
2022-01-27,23147500,54,53,11,13,428657.4074074074,300000.0,4000000,23,30,3,27,4,1,1,2022,0,0,0,0,95.0,164.0,0.43388373911755823,-0.900968867902419,0.49999999999999994,0.8660254037844387,-0.72479278722912,0.6889669190756865,406
2022-01-28,55236644,108,103,12,14,511450.4074074074,300000.0,11568000,31,72,4,28,4,1,1,2022,0,0,0,0,94.0,163.0,-0.433883739117558,-0.9009688679024191,0.49999999999999994,0.8660254037844387,-0.5712682150947924,0.8207634412072763,407
2022-01-29,29627500,58,54,10,13,510818.9655172414,300000.0,5000000,17,37,5,29,4,1,1,2022,1,0,0,0,93.0,162.0,-0.9749279121818236,-0.2225209339563146,0.49999999999999994,0.8660254037844387,-0.3943558551133187,0.9189578116202306,408
2022-01-30,17756000,60,59,5,12,295933.3333333333,300000.0,1000000,27,32,6,30,4,1,1,2022,1,0,0,0,92.0,161.0,-0.7818314824680299,0.6234898018587334,0.49999999999999994,0.8660254037844387,-0.20129852008866114,0.9795299412524943,409
2022-01-31,39594224,99,98,13,14,399941.6565656566,300000.0,8500000,50,48,0,31,5,1,1,2022,0,1,0,0,91.0,160.0,0.0,1.0,0.49999999999999994,0.8660254037844387,-2.4492935982947064e-16,1.0,410
2022-02-01,21805500,71,69,6,12,307119.71830985916,300000.0,1685000,31,38,1,1,5,2,1,2022,0,0,1,0,90.0,159.0,0.7818314824680298,0.6234898018587336,0.8660254037844386,0.5000000000000001,0.20129852008866006,0.9795299412524945,411
2022-02-02,26790111,94,89,12,14,285001.1808510638,300000.0,700000,38,51,2,2,5,2,1,2022,0,0,0,0,89.0,158.0,0.9749279121818236,-0.22252093395631434,0.8660254037844386,0.5000000000000001,0.39435585511331855,0.9189578116202306,412
2022-02-03,22096790,53,50,11,10,416920.56603773584,300000.0,2500000,9,41,3,3,5,2,1,2022,0,0,0,0,88.0,157.0,0.43388373911755823,-0.900968867902419,0.8660254037844386,0.5000000000000001,0.5712682150947923,0.8207634412072763,413
2022-02-04,31953500,78,69,16,14,409660.25641025644,300000.0,5000000,29,40,4,4,5,2,1,2022,0,0,0,0,87.0,156.0,-0.433883739117558,-0.9009688679024191,0.8660254037844386,0.5000000000000001,0.7247927872291199,0.6889669190756866,414
2022-02-05,16396250,56,54,8,12,292790.1785714286,300000.0,1000000,20,34,5,5,5,2,1,2022,1,0,0,0,86.0,155.0,-0.9749279121818236,-0.2225209339563146,0.8660254037844386,0.5000000000000001,0.8486442574947509,0.5289640103269624,415
2022-02-06,8410000,30,30,6,9,280333.3333333333,300000.0,500000,10,20,6,6,5,2,1,2022,1,0,0,0,85.0,154.0,-0.7818314824680299,0.6234898018587334,0.8660254037844386,0.5000000000000001,0.9377521321470804,0.3473052528448203,416
2022-02-07,13879500,56,54,10,11,247848.2142857143,300000.0,1000000,26,28,0,7,6,2,1,2022,0,0,0,0,84.0,153.0,0.0,1.0,0.8660254037844386,0.5000000000000001,0.9884683243281114,0.1514277775045767,417
2022-02-08,13385000,47,45,7,10,284787.2340425532,300000.0,1000000,18,27,1,8,6,2,1,2022,0,0,0,0,83.0,152.0,0.7818314824680298,0.6234898018587336,0.8660254037844386,0.5000000000000001,0.9987165071710528,-0.05064916883871264,418
2022-02-09,14280556,41,40,7,8,348306.243902439,300000.0,2500000,12,28,2,9,6,2,1,2022,0,0,0,0,82.0,151.0,0.9749279121818236,-0.22252093395631434,0.8660254037844386,0.5000000000000001,0.9680771188662043,-0.2506525322587204,419
2022-02-10,20645558,57,52,11,11,362202.77192982455,300000.0,2500000,20,32,3,10,6,2,1,2022,0,0,0,0,81.0,150.0,0.43388373911755823,-0.900968867902419,0.8660254037844386,0.5000000000000001,0.8978045395707416,-0.4403941515576344,420
2022-02-11,24464046,66,65,15,14,370667.36363636365,300000.0,2700023,25,40,4,11,6,2,1,2022,0,0,0,0,80.0,149.0,-0.433883739117558,-0.9009688679024191,0.8660254037844386,0.5000000000000001,0.7907757369376989,-0.6121059825476626,421
2022-02-12,18880000,50,50,9,7,377600.0,300000.0,3000000,27,23,5,12,6,2,1,2022,1,0,0,0,79.0,148.0,-0.9749279121818236,-0.2225209339563146,0.8660254037844386,0.5000000000000001,0.6513724827222223,-0.7587581226927909,422
2022-02-13,8785000,35,33,5,9,251000.0,300000.0,1000000,15,18,6,13,6,2,1,2022,1,0,0,0,78.0,147.0,-0.7818314824680299,0.6234898018587334,0.8660254037844386,0.5000000000000001,0.48530196253108104,-0.8743466161445821,423
2022-02-14,10622230,32,32,6,9,331944.6875,300000.0,1000000,17,15,0,14,7,2,1,2022,0,0,0,0,77.0,146.0,0.0,1.0,0.8660254037844386,0.5000000000000001,0.29936312297335804,-0.9541392564000488,424
2022-02-15,27367100,39,39,9,11,701720.5128205129,300000.0,10000000,15,24,1,15,7,2,1,2022,0,0,0,0,76.0,145.0,0.7818314824680298,0.6234898018587336,0.8660254037844386,0.5000000000000001,0.10116832198743272,-0.994869323391895,425
2022-02-16,28594250,26,26,7,11,1099778.8461538462,300000.0,20000000,13,13,2,16,7,2,1,2022,0,0,0,0,75.0,144.0,0.9749279121818236,-0.22252093395631434,0.8660254037844386,0.5000000000000001,-0.10116832198743204,-0.9948693233918952,426
2022-02-17,29684000,33,33,7,11,899515.1515151515,300000.0,13175000,14,19,3,17,7,2,1,2022,0,0,0,0,74.0,143.0,0.43388373911755823,-0.900968867902419,0.8660254037844386,0.5000000000000001,-0.2993631229733582,-0.9541392564000488,427
2022-02-18,14873000,64,62,11,12,232390.625,300000.0,1000000,34,28,4,18,7,2,1,2022,0,0,0,0,73.0,142.0,-0.433883739117558,-0.9009688679024191,0.8660254037844386,0.5000000000000001,-0.4853019625310808,-0.8743466161445822,428
2022-02-19,8415200,28,23,9,6,300542.85714285716,300000.0,1000000,5,18,5,19,7,2,1,2022,1,0,0,0,72.0,141.0,-0.9749279121818236,-0.2225209339563146,0.8660254037844386,0.5000000000000001,-0.651372482722222,-0.7587581226927911,429
2022-02-20,4571090,12,12,3,6,380924.1666666667,300000.0,1721090,5,7,6,20,7,2,1,2022,1,0,0,0,71.0,140.0,-0.7818314824680299,0.6234898018587334,0.8660254037844386,0.5000000000000001,-0.7907757369376986,-0.6121059825476627,430
2022-02-21,18067200,55,54,8,11,328494.54545454547,120000.0,6000000,21,33,0,21,8,2,1,2022,0,0,0,0,70.0,139.0,0.0,1.0,0.8660254037844386,0.5000000000000001,-0.8978045395707417,-0.44039415155763423,431
2022-02-22,16419875,37,37,7,11,443780.4054054054,300000.0,4000000,23,14,1,22,8,2,1,2022,0,0,0,0,69.0,138.0,0.7818314824680298,0.6234898018587336,0.8660254037844386,0.5000000000000001,-0.9680771188662041,-0.2506525322587213,432
2022-02-23,15133500,51,38,10,9,296735.29411764705,250000.0,2294700,15,23,2,23,8,2,1,2022,0,0,0,0,68.0,137.0,0.9749279121818236,-0.22252093395631434,0.8660254037844386,0.5000000000000001,-0.9987165071710528,-0.05064916883871355,433
2022-02-24,26207500,35,33,7,10,748785.7142857143,300000.0,9000000,18,15,3,24,8,2,1,2022,0,0,0,0,67.0,136.0,0.43388373911755823,-0.900968867902419,0.8660254037844386,0.5000000000000001,-0.9884683243281114,0.15142777750457667,434
2022-02-25,27606011,69,65,14,11,400087.115942029,214500.0,5000000,23,42,4,25,8,2,1,2022,0,0,0,0,66.0,135.0,-0.433883739117558,-0.9009688679024191,0.8660254037844386,0.5000000000000001,-0.9377521321470804,0.3473052528448203,435
2022-02-26,43528600,120,114,12,12,362738.3333333333,300000.0,6000000,52,62,5,26,8,2,1,2022,1,0,0,0,65.0,134.0,-0.9749279121818236,-0.2225209339563146,0.8660254037844386,0.5000000000000001,-0.848644257494751,0.5289640103269624,436
2022-02-27,24020750,86,80,10,14,279311.0465116279,300000.0,1000000,39,41,6,27,8,2,1,2022,1,0,0,0,64.0,133.0,-0.7818314824680299,0.6234898018587334,0.8660254037844386,0.5000000000000001,-0.72479278722912,0.6889669190756865,437
2022-02-28,40008014,146,141,11,13,274027.4931506849,300000.0,1837014,64,77,0,28,9,2,1,2022,0,1,0,0,63.0,132.0,0.0,1.0,0.8660254037844386,0.5000000000000001,-0.5712682150947924,0.8207634412072763,438
2022-03-01,34586075,96,93,11,14,360271.6145833333,250000.0,8748000,36,57,1,1,9,3,1,2022,0,0,1,0,62.0,131.0,0.7818314824680298,0.6234898018587336,1.0,6.123233995736766e-17,0.20129852008866006,0.9795299412524945,439
2022-03-02,41809000,84,80,14,11,497726.1904761905,300000.0,11000000,34,46,2,2,9,3,1,2022,0,0,0,0,61.0,130.0,0.9749279121818236,-0.22252093395631434,1.0,6.123233995736766e-17,0.39435585511331855,0.9189578116202306,440
2022-03-03,16887100,47,44,13,10,359300.0,250000.0,1800000,13,31,3,3,9,3,1,2022,0,0,0,0,60.0,129.0,0.43388373911755823,-0.900968867902419,1.0,6.123233995736766e-17,0.5712682150947923,0.8207634412072763,441
2022-03-04,27561057,74,70,18,12,372446.7162162162,200000.0,5750000,25,45,4,4,9,3,1,2022,0,0,0,0,59.0,128.0,-0.433883739117558,-0.9009688679024191,1.0,6.123233995736766e-17,0.7247927872291199,0.6889669190756866,442
2022-03-05,12265070,42,41,12,10,292025.4761904762,100000.0,2000000,21,20,5,5,9,3,1,2022,1,0,0,0,58.0,127.0,-0.9749279121818236,-0.2225209339563146,1.0,6.123233995736766e-17,0.8486442574947509,0.5289640103269624,443
2022-03-06,10413523,28,24,6,8,371911.53571428574,281250.0,2000000,7,17,6,6,9,3,1,2022,1,0,0,0,57.0,126.0,-0.7818314824680299,0.6234898018587334,1.0,6.123233995736766e-17,0.9377521321470804,0.3473052528448203,444
2022-03-07,12725000,34,34,12,9,374264.70588235295,200000.0,2000000,14,20,0,7,10,3,1,2022,0,0,0,0,56.0,125.0,0.0,1.0,1.0,6.123233995736766e-17,0.9884683243281114,0.1514277775045767,445
2022-03-08,12921479,49,45,9,8,263703.6530612245,300000.0,1006654,24,21,1,8,10,3,1,2022,0,0,0,0,55.0,124.0,0.7818314824680298,0.6234898018587336,1.0,6.123233995736766e-17,0.9987165071710528,-0.05064916883871264,446
2022-03-09,16526124,35,32,10,9,472174.97142857144,300000.0,2015000,12,20,2,9,10,3,1,2022,0,0,0,0,54.0,123.0,0.9749279121818236,-0.22252093395631434,1.0,6.123233995736766e-17,0.9680771188662043,-0.2506525322587204,447
2022-03-10,10920853,31,31,9,9,352285.5806451613,300000.0,1208433,9,22,3,10,10,3,1,2022,0,0,0,0,53.0,122.0,0.43388373911755823,-0.900968867902419,1.0,6.123233995736766e-17,0.8978045395707416,-0.4403941515576344,448
2022-03-11,22349100,69,68,18,11,323900.0,200000.0,4650000,32,36,4,11,10,3,1,2022,0,0,0,0,52.0,121.0,-0.433883739117558,-0.9009688679024191,1.0,6.123233995736766e-17,0.7907757369376989,-0.6121059825476626,449
2022-03-12,8880000,35,33,7,8,253714.2857142857,300000.0,1000000,13,20,5,12,10,3,1,2022,1,0,0,0,51.0,120.0,-0.9749279121818236,-0.2225209339563146,1.0,6.123233995736766e-17,0.6513724827222223,-0.7587581226927909,450
2022-03-13,19775000,32,30,9,9,617968.75,300000.0,2600000,15,15,6,13,10,3,1,2022,1,0,0,0,50.0,119.0,-0.7818314824680299,0.6234898018587334,1.0,6.123233995736766e-17,0.48530196253108104,-0.8743466161445821,451
2022-03-14,9105000,34,32,5,10,267794.1176470588,300000.0,1100000,15,17,0,14,11,3,1,2022,0,0,0,0,49.0,118.0,0.0,1.0,1.0,6.123233995736766e-17,0.29936312297335804,-0.9541392564000488,452
2022-03-15,23931428,49,48,14,11,488396.48979591834,300000.0,1700000,23,25,1,15,11,3,1,2022,0,0,0,0,48.0,117.0,0.7818314824680298,0.6234898018587336,1.0,6.123233995736766e-17,0.10116832198743272,-0.994869323391895,453
2022-03-16,11600000,21,19,9,8,552380.9523809524,185000.0,5000000,7,12,2,16,11,3,1,2022,0,0,0,0,47.0,116.0,0.9749279121818236,-0.22252093395631434,1.0,6.123233995736766e-17,-0.10116832198743204,-0.9948693233918952,454
2022-03-17,15258550,48,47,9,13,317886.4583333333,290000.0,1300000,29,18,3,17,11,3,1,2022,0,0,0,0,46.0,115.0,0.43388373911755823,-0.900968867902419,1.0,6.123233995736766e-17,-0.2993631229733582,-0.9541392564000488,455
2022-03-18,15195000,52,50,16,12,292211.53846153844,300000.0,1379000,23,27,4,18,11,3,1,2022,0,0,0,0,45.0,114.0,-0.433883739117558,-0.9009688679024191,1.0,6.123233995736766e-17,-0.4853019625310808,-0.8743466161445822,456
2022-03-19,4449300,12,12,7,6,370775.0,300000.0,1000000,4,8,5,19,11,3,1,2022,1,0,0,0,44.0,113.0,-0.9749279121818236,-0.2225209339563146,1.0,6.123233995736766e-17,-0.651372482722222,-0.7587581226927911,457
2022-03-20,6607000,16,16,9,7,412937.5,350000.0,1500000,9,7,6,20,11,3,1,2022,1,0,0,0,43.0,112.0,-0.7818314824680299,0.6234898018587334,1.0,6.123233995736766e-17,-0.7907757369376986,-0.6121059825476627,458
2022-03-21,12970000,17,15,6,8,762941.1764705882,300000.0,3000000,7,8,0,21,12,3,1,2022,0,0,0,0,42.0,111.0,0.0,1.0,1.0,6.123233995736766e-17,-0.8978045395707417,-0.44039415155763423,459
2022-03-22,25500843,23,21,9,11,1108732.3043478262,300000.0,6731843,9,12,1,22,12,3,1,2022,0,0,0,0,41.0,110.0,0.7818314824680298,0.6234898018587336,1.0,6.123233995736766e-17,-0.9680771188662041,-0.2506525322587213,460
2022-03-23,3520000,14,13,5,8,251428.57142857142,255000.0,680000,3,10,2,23,12,3,1,2022,0,0,0,0,40.0,109.0,0.9749279121818236,-0.22252093395631434,1.0,6.123233995736766e-17,-0.9987165071710528,-0.05064916883871355,461
2022-03-24,13079000,27,23,9,9,484407.4074074074,300000.0,3500000,9,14,3,24,12,3,1,2022,0,0,0,0,39.0,108.0,0.43388373911755823,-0.900968867902419,1.0,6.123233995736766e-17,-0.9884683243281114,0.15142777750457667,462
2022-03-25,24891123,60,57,17,10,414852.05,200000.0,4050000,22,35,4,25,12,3,1,2022,0,0,0,0,38.0,107.0,-0.433883739117558,-0.9009688679024191,1.0,6.123233995736766e-17,-0.9377521321470804,0.3473052528448203,463
2022-03-26,12664420,30,30,11,8,422147.3333333333,250000.0,2400000,9,21,5,26,12,3,1,2022,1,0,0,0,37.0,106.0,-0.9749279121818236,-0.2225209339563146,1.0,6.123233995736766e-17,-0.848644257494751,0.5289640103269624,464
2022-03-27,6914957,18,16,7,7,384164.27777777775,175000.0,2000000,5,11,6,27,12,3,1,2022,1,0,0,0,36.0,105.0,-0.7818314824680299,0.6234898018587334,1.0,6.123233995736766e-17,-0.72479278722912,0.6889669190756865,465
2022-03-28,19087825,56,48,14,10,340854.01785714284,193750.0,2500000,26,22,0,28,13,3,1,2022,0,0,0,0,35.0,104.0,0.0,1.0,1.0,6.123233995736766e-17,-0.5712682150947924,0.8207634412072763,466
2022-03-29,26027026,55,53,16,13,473218.65454545454,225000.0,5654800,28,25,1,29,13,3,1,2022,0,0,0,0,34.0,103.0,0.7818314824680298,0.6234898018587336,1.0,6.123233995736766e-17,-0.3943558551133187,0.9189578116202306,467
2022-03-30,14981909,47,46,16,10,318764.02127659577,242225.0,1000000,24,22,2,30,13,3,1,2022,0,0,0,0,33.0,102.0,0.9749279121818236,-0.22252093395631434,1.0,6.123233995736766e-17,-0.20129852008866114,0.9795299412524943,468
2022-03-31,18450500,64,62,9,12,288289.0625,300000.0,2000000,41,21,3,31,13,3,1,2022,0,1,0,0,32.0,101.0,0.43388373911755823,-0.900968867902419,1.0,6.123233995736766e-17,-2.4492935982947064e-16,1.0,469
2022-04-01,34486558,123,118,18,11,280378.52032520325,150000.0,5000000,53,65,4,1,13,4,2,2022,0,0,1,0,31.0,100.0,-0.433883739117558,-0.9009688679024191,0.8660254037844387,-0.4999999999999998,0.20129852008866006,0.9795299412524945,470
2022-04-02,29690764,72,71,16,11,412371.72222222225,228500.0,3002500,40,31,5,2,13,4,2,2022,1,0,0,0,30.0,99.0,-0.9749279121818236,-0.2225209339563146,0.8660254037844387,-0.4999999999999998,0.39435585511331855,0.9189578116202306,471
2022-04-03,45464428,133,121,21,12,341837.80451127817,170000.0,3000000,80,41,6,3,13,4,2,2022,1,0,0,1,29.0,98.0,-0.7818314824680299,0.6234898018587334,0.8660254037844387,-0.4999999999999998,0.5712682150947923,0.8207634412072763,472
2022-04-04,52209855,128,107,25,13,407889.4921875,150000.0,7000000,57,50,0,4,14,4,2,2022,0,0,0,1,28.0,97.0,0.0,1.0,0.8660254037844387,-0.4999999999999998,0.7247927872291199,0.6889669190756866,473
2022-04-05,53217566,117,100,22,13,454850.99145299144,165000.0,5000000,54,46,1,5,14,4,2,2022,0,0,0,1,27.0,96.0,0.7818314824680298,0.6234898018587336,0.8660254037844387,-0.4999999999999998,0.8486442574947509,0.5289640103269624,474
2022-04-06,49521402,113,97,28,15,438242.49557522126,150000.0,10000000,46,51,2,6,14,4,2,2022,0,0,0,1,26.0,95.0,0.9749279121818236,-0.22252093395631434,0.8660254037844387,-0.4999999999999998,0.9377521321470804,0.3473052528448203,475
2022-04-07,105923139,140,117,28,14,756593.85,150000.0,15000000,68,49,3,7,14,4,2,2022,0,0,0,1,25.0,94.0,0.43388373911755823,-0.900968867902419,0.8660254037844387,-0.4999999999999998,0.9884683243281114,0.1514277775045767,476
2022-04-08,185312759,259,213,41,14,715493.277992278,150000.0,20000000,124,89,4,8,14,4,2,2022,0,0,0,1,24.0,93.0,-0.433883739117558,-0.9009688679024191,0.8660254037844387,-0.4999999999999998,0.9987165071710528,-0.05064916883871264,477
2022-04-09,149219801,155,142,39,15,962708.3935483871,200000.0,20000000,84,58,5,9,14,4,2,2022,1,0,0,1,23.0,92.0,-0.9749279121818236,-0.2225209339563146,0.8660254037844387,-0.4999999999999998,0.9680771188662043,-0.2506525322587204,478
2022-04-10,120233134,183,174,28,15,657011.6612021858,200000.0,10000000,114,60,6,10,14,4,2,2022,1,0,0,1,22.0,91.0,-0.7818314824680299,0.6234898018587334,0.8660254037844387,-0.4999999999999998,0.8978045395707416,-0.4403941515576344,479
2022-04-11,127466470,157,140,29,15,811888.3439490446,165000.0,10975000,85,55,0,11,15,4,2,2022,0,0,0,1,21.0,90.0,0.0,1.0,0.8660254037844387,-0.4999999999999998,0.7907757369376989,-0.6121059825476626,480
2022-04-12,173988307,186,165,29,16,935421.0053763441,250000.0,13850000,106,59,1,12,15,4,2,2022,0,0,0,1,20.0,89.0,0.7818314824680298,0.6234898018587336,0.8660254037844387,-0.4999999999999998,0.6513724827222223,-0.7587581226927909,481
2022-04-13,188286800,176,145,31,15,1069811.3636363635,200000.0,50000000,86,59,2,13,15,4,2,2022,0,0,0,1,19.0,88.0,0.9749279121818236,-0.22252093395631434,0.8660254037844387,-0.4999999999999998,0.48530196253108104,-0.8743466161445821,482
2022-04-14,186046424,230,201,32,15,808897.4956521739,300000.0,15000000,133,68,3,14,15,4,2,2022,0,0,0,1,18.0,87.0,0.43388373911755823,-0.900968867902419,0.8660254037844387,-0.4999999999999998,0.29936312297335804,-0.9541392564000488,483
2022-04-15,301114014,451,371,44,17,667658.5676274945,150000.0,20000000,267,104,4,15,15,4,2,2022,0,0,0,1,17.0,86.0,-0.433883739117558,-0.9009688679024191,0.8660254037844387,-0.4999999999999998,0.10116832198743272,-0.994869323391895,484
2022-04-16,197595501,302,226,36,16,654289.738410596,137500.0,12562500,158,68,5,16,15,4,2,2022,1,0,0,1,16.0,85.0,-0.9749279121818236,-0.2225209339563146,0.8660254037844387,-0.4999999999999998,-0.10116832198743204,-0.9948693233918952,485
2022-04-17,257364333,264,215,38,15,974864.8977272727,200000.0,20000000,139,76,6,17,15,4,2,2022,1,0,0,1,15.0,84.0,-0.7818314824680299,0.6234898018587334,0.8660254037844387,-0.4999999999999998,-0.2993631229733582,-0.9541392564000488,486
2022-04-18,354835588,376,307,43,15,943711.6702127659,250000.0,40000000,220,87,0,18,16,4,2,2022,0,0,0,1,14.0,83.0,0.0,1.0,0.8660254037844387,-0.4999999999999998,-0.4853019625310808,-0.8743466161445822,487
2022-04-19,645252276,471,370,41,15,1369962.3694267515,265000.0,250000000,274,96,1,19,16,4,2,2022,0,0,0,1,13.0,82.0,0.7818314824680298,0.6234898018587336,0.8660254037844387,-0.4999999999999998,-0.651372482722222,-0.7587581226927911,488
2022-04-20,528088064,631,458,47,15,836906.5990491284,200000.0,100000000,322,136,2,20,16,4,2,2022,0,0,0,1,12.0,81.0,0.9749279121818236,-0.22252093395631434,0.8660254037844387,-0.4999999999999998,-0.7907757369376986,-0.6121059825476627,489
2022-04-21,386824141,654,497,48,16,591474.2217125383,200000.0,20000000,378,119,3,21,16,4,2,2022,0,0,0,1,11.0,80.0,0.43388373911755823,-0.900968867902419,0.8660254037844387,-0.4999999999999998,-0.8978045395707417,-0.44039415155763423,490
2022-04-22,833753822,1289,966,57,15,646822.2048099302,150003.0,60000000,735,231,4,22,16,4,2,2022,0,0,0,1,10.0,79.0,-0.433883739117558,-0.9009688679024191,0.8660254037844387,-0.4999999999999998,-0.9680771188662041,-0.2506525322587213,491
2022-04-23,603936606,1110,800,52,15,544087.0324324324,180000.0,25000000,606,194,5,23,16,4,2,2022,1,0,0,1,9.0,78.0,-0.9749279121818236,-0.2225209339563146,0.8660254037844387,-0.4999999999999998,-0.9987165071710528,-0.05064916883871355,492
2022-04-24,751318975,1419,998,57,17,529470.7364341086,135000.0,43350000,764,234,6,24,16,4,2,2022,1,0,0,1,8.0,77.0,-0.7818314824680299,0.6234898018587334,0.8660254037844387,-0.4999999999999998,-0.9884683243281114,0.15142777750457667,493
2022-04-25,867604361,1671,1103,58,16,519212.66367444646,150000.0,13350000,834,269,0,25,17,4,2,2022,0,0,0,1,7.0,76.0,0.0,1.0,0.8660254037844387,-0.4999999999999998,-0.9377521321470804,0.3473052528448203,494
2022-04-26,1066772803,2232,1445,61,16,477944.80421146954,100000.0,30000000,1099,346,1,26,17,4,2,2022,0,0,0,1,6.0,75.0,0.7818314824680298,0.6234898018587336,0.8660254037844387,-0.4999999999999998,-0.848644257494751,0.5289640103269624,495
2022-04-27,1237057821,2659,1735,60,15,465234.23128995864,135000.0,30000000,1340,395,2,27,17,4,2,2022,0,0,0,1,5.0,74.0,0.9749279121818236,-0.22252093395631434,0.8660254037844387,-0.4999999999999998,-0.72479278722912,0.6889669190756865,496
2022-04-28,1511949830,2921,1938,67,16,517613.7726805888,140000.0,100000000,1483,455,3,28,17,4,2,2022,0,0,0,1,4.0,73.0,0.43388373911755823,-0.900968867902419,0.8660254037844387,-0.4999999999999998,-0.5712682150947924,0.8207634412072763,497
2022-04-29,2159685419,3420,2281,66,16,631486.964619883,150000.0,230000000,1793,488,4,29,17,4,2,2022,0,0,0,1,3.0,72.0,-0.433883739117558,-0.9009688679024191,0.8660254037844387,-0.4999999999999998,-0.3943558551133187,0.9189578116202306,498
2022-04-30,1631235965,3017,2083,70,16,540681.4600596619,135000.0,253820000,1719,364,5,30,17,4,2,2022,1,1,0,1,2.0,71.0,-0.9749279121818236,-0.2225209339563146,0.8660254037844387,-0.4999999999999998,-0.20129852008866114,0.9795299412524943,499
2022-05-01,1080678728,2072,1475,54,15,521563.09266409266,180000.0,34000000,1182,293,6,1,17,5,2,2022,1,0,1,1,1.0,70.0,-0.7818314824680299,0.6234898018587334,0.49999999999999994,-0.8660254037844387,0.20129852008866006,0.9795299412524945,500
2022-05-02,58204495,94,79,14,12,619196.7553191489,130000.0,11164500,66,13,0,2,18,5,2,2022,0,0,0,0,0.0,69.0,0.0,1.0,0.49999999999999994,-0.8660254037844387,0.39435585511331855,0.9189578116202306,501
2022-05-03,15069710,36,36,16,10,418603.05555555556,150000.0,4460000,27,9,1,3,18,5,2,2022,0,0,0,0,354.0,68.0,0.7818314824680298,0.6234898018587336,0.49999999999999994,-0.8660254037844387,0.5712682150947923,0.8207634412072763,502
2022-05-04,25706000,32,30,13,10,803312.5,233000.0,6000000,20,10,2,4,18,5,2,2022,0,0,0,0,353.0,67.0,0.9749279121818236,-0.22252093395631434,0.49999999999999994,-0.8660254037844387,0.7247927872291199,0.6889669190756866,503
2022-05-05,29597868,33,26,12,7,896905.0909090909,218613.0,10000000,22,4,3,5,18,5,2,2022,0,0,0,0,352.0,66.0,0.43388373911755823,-0.900968867902419,0.49999999999999994,-0.8660254037844387,0.8486442574947509,0.5289640103269624,504
2022-05-06,19740835,33,31,15,10,598207.1212121212,100000.0,10250010,13,18,4,6,18,5,2,2022,0,0,0,0,351.0,65.0,-0.433883739117558,-0.9009688679024191,0.49999999999999994,-0.8660254037844387,0.9377521321470804,0.3473052528448203,505
2022-05-07,10612692,15,14,9,8,707512.8,307692.0,7000000,6,8,5,7,18,5,2,2022,1,0,0,0,350.0,64.0,-0.9749279121818236,-0.2225209339563146,0.49999999999999994,-0.8660254037844387,0.9884683243281114,0.1514277775045767,506
2022-05-08,4610000,12,12,7,7,384166.6666666667,237500.0,1125000,5,7,6,8,18,5,2,2022,1,0,0,0,349.0,63.0,-0.7818314824680299,0.6234898018587334,0.49999999999999994,-0.8660254037844387,0.9987165071710528,-0.05064916883871264,507
2022-05-09,12867095,32,29,12,10,402096.71875,203547.5,2300000,11,18,0,9,19,5,2,2022,0,0,0,0,348.0,62.0,0.0,1.0,0.49999999999999994,-0.8660254037844387,0.9680771188662043,-0.2506525322587204,508
2022-05-10,10902050,24,22,10,8,454252.0833333333,291000.0,3000000,11,11,1,10,19,5,2,2022,0,0,0,0,347.0,61.0,0.7818314824680298,0.6234898018587336,0.49999999999999994,-0.8660254037844387,0.8978045395707416,-0.4403941515576344,509
2022-05-11,8118500,18,15,12,7,451027.77777777775,175000.0,2000000,7,8,2,11,19,5,2,2022,0,0,0,0,346.0,60.0,0.9749279121818236,-0.22252093395631434,0.49999999999999994,-0.8660254037844387,0.7907757369376989,-0.6121059825476626,510
2022-05-12,8851125,21,19,7,11,421482.14285714284,250000.0,1683625,6,13,3,12,19,5,2,2022,0,0,0,0,345.0,59.0,0.43388373911755823,-0.900968867902419,0.49999999999999994,-0.8660254037844387,0.6513724827222223,-0.7587581226927909,511
2022-05-13,9065000,35,30,18,11,259000.0,100000.0,1300000,16,14,4,13,19,5,2,2022,0,0,0,0,344.0,58.0,-0.433883739117558,-0.9009688679024191,0.49999999999999994,-0.8660254037844387,0.48530196253108104,-0.8743466161445821,512
2022-05-14,20350000,28,19,12,8,726785.7142857143,242500.0,10000000,16,3,5,14,19,5,2,2022,1,0,0,0,343.0,57.0,-0.9749279121818236,-0.2225209339563146,0.49999999999999994,-0.8660254037844387,0.29936312297335804,-0.9541392564000488,513
2022-05-15,45953313,16,16,8,8,2872082.0625,375000.0,31615000,7,9,6,15,19,5,2,2022,1,0,0,0,342.0,56.0,-0.7818314824680299,0.6234898018587334,0.49999999999999994,-0.8660254037844387,0.10116832198743272,-0.994869323391895,514
2022-05-16,685000,4,4,4,3,171250.0,80000.0,500000,2,2,0,16,20,5,2,2022,0,0,0,0,341.0,55.0,0.0,1.0,0.49999999999999994,-0.8660254037844387,-0.10116832198743204,-0.9948693233918952,515
2022-05-17,20939200,46,37,8,11,455200.0,100000.0,6400000,23,14,1,17,20,5,2,2022,0,0,0,0,340.0,54.0,0.7818314824680298,0.6234898018587336,0.49999999999999994,-0.8660254037844387,-0.2993631229733582,-0.9541392564000488,516
2022-05-18,11455400,21,21,10,9,545495.2380952381,280000.0,2088000,10,11,2,18,20,5,2,2022,0,0,0,0,339.0,53.0,0.9749279121818236,-0.22252093395631434,0.49999999999999994,-0.8660254037844387,-0.4853019625310808,-0.8743466161445822,517
2022-05-19,8912500,20,19,8,6,445625.0,187500.0,3000000,7,12,3,19,20,5,2,2022,0,0,0,0,338.0,52.0,0.43388373911755823,-0.900968867902419,0.49999999999999994,-0.8660254037844387,-0.651372482722222,-0.7587581226927911,518
2022-05-20,3099835,17,17,6,8,182343.23529411765,150000.0,500000,7,10,4,20,20,5,2,2022,0,0,0,0,337.0,51.0,-0.433883739117558,-0.9009688679024191,0.49999999999999994,-0.8660254037844387,-0.7907757369376986,-0.6121059825476627,519
2022-05-21,9650000,9,9,6,4,1072222.2222222222,400000.0,4000000,6,3,5,21,20,5,2,2022,1,0,0,0,336.0,50.0,-0.9749279121818236,-0.2225209339563146,0.49999999999999994,-0.8660254037844387,-0.8978045395707417,-0.44039415155763423,520
2022-05-22,2600000,7,5,4,4,371428.5714285714,300000.0,750000,2,3,6,22,20,5,2,2022,1,0,0,0,335.0,49.0,-0.7818314824680299,0.6234898018587334,0.49999999999999994,-0.8660254037844387,-0.9680771188662041,-0.2506525322587213,521
2022-05-23,14418000,12,12,5,5,1201500.0,384000.0,5625000,5,7,0,23,21,5,2,2022,0,0,0,0,334.0,48.0,0.0,1.0,0.49999999999999994,-0.8660254037844387,-0.9987165071710528,-0.05064916883871355,522
2022-05-24,7334000,8,7,7,4,916750.0,246500.0,4650000,3,4,1,24,21,5,2,2022,0,0,0,0,333.0,47.0,0.7818314824680298,0.6234898018587336,0.49999999999999994,-0.8660254037844387,-0.9884683243281114,0.15142777750457667,523
2022-05-25,61994236,30,28,9,9,2066474.5333333334,250000.0,50000000,6,22,2,25,21,5,2,2022,0,0,0,0,332.0,46.0,0.9749279121818236,-0.22252093395631434,0.49999999999999994,-0.8660254037844387,-0.9377521321470804,0.3473052528448203,524
2022-05-26,13592500,18,16,6,9,755138.8888888889,350000.0,5000000,6,10,3,26,21,5,2,2022,0,0,0,0,331.0,45.0,0.43388373911755823,-0.900968867902419,0.49999999999999994,-0.8660254037844387,-0.848644257494751,0.5289640103269624,525
2022-05-27,23724681,51,48,12,12,465189.82352941175,277000.0,5970015,11,37,4,27,21,5,2,2022,0,0,0,0,330.0,44.0,-0.433883739117558,-0.9009688679024191,0.49999999999999994,-0.8660254037844387,-0.72479278722912,0.6889669190756865,526
2022-05-28,5571000,8,8,4,5,696375.0,382500.0,3050000,2,6,5,28,21,5,2,2022,1,0,0,0,329.0,43.0,-0.9749279121818236,-0.2225209339563146,0.49999999999999994,-0.8660254037844387,-0.5712682150947924,0.8207634412072763,527
2022-05-29,14564200,27,23,9,8,539414.8148148148,225000.0,6189200,10,13,6,29,21,5,2,2022,1,0,0,0,328.0,42.0,-0.7818314824680299,0.6234898018587334,0.49999999999999994,-0.8660254037844387,-0.3943558551133187,0.9189578116202306,528
2022-05-30,146283700,15,15,5,6,9752246.666666666,253750.0,138000000,5,10,0,30,22,5,2,2022,0,0,0,0,327.0,41.0,0.0,1.0,0.49999999999999994,-0.8660254037844387,-0.20129852008866114,0.9795299412524943,529
2022-05-31,14560801,23,22,6,9,633078.304347826,421250.0,4500000,2,20,1,31,22,5,2,2022,0,1,0,0,326.0,40.0,0.7818314824680298,0.6234898018587336,0.49999999999999994,-0.8660254037844387,-2.4492935982947064e-16,1.0,530
2022-06-01,14401127,36,32,9,10,400031.30555555556,244041.0,1900000,6,26,2,1,22,6,2,2022,0,0,1,0,325.0,39.0,0.9749279121818236,-0.22252093395631434,1.2246467991473532e-16,-1.0,0.20129852008866006,0.9795299412524945,531
2022-06-02,7994000,32,30,7,10,249812.5,157500.0,1000000,5,25,3,2,22,6,2,2022,0,0,0,0,324.0,38.0,0.43388373911755823,-0.900968867902419,1.2246467991473532e-16,-1.0,0.39435585511331855,0.9189578116202306,532
2022-06-03,13491508,40,38,12,10,337287.7,137500.0,2900000,7,31,4,3,22,6,2,2022,0,0,0,0,323.0,37.0,-0.433883739117558,-0.9009688679024191,1.2246467991473532e-16,-1.0,0.5712682150947923,0.8207634412072763,533
2022-06-04,4442000,12,11,5,4,370166.6666666667,215000.0,1900000,1,10,5,4,22,6,2,2022,1,0,0,0,322.0,36.0,-0.9749279121818236,-0.2225209339563146,1.2246467991473532e-16,-1.0,0.7247927872291199,0.6889669190756866,534
2022-06-05,8495769,10,10,5,5,849576.9,237884.5,5000000,2,8,6,5,22,6,2,2022,1,0,0,0,321.0,35.0,-0.7818314824680299,0.6234898018587334,1.2246467991473532e-16,-1.0,0.8486442574947509,0.5289640103269624,535
2022-06-06,10782951,26,25,8,12,414728.8846153846,212500.0,1900000,9,16,0,6,23,6,2,2022,0,0,0,0,320.0,34.0,0.0,1.0,1.2246467991473532e-16,-1.0,0.9377521321470804,0.3473052528448203,536
2022-06-07,34777250,19,18,9,7,1830381.5789473683,600000.0,15000000,5,13,1,7,23,6,2,2022,0,0,0,0,319.0,33.0,0.7818314824680298,0.6234898018587336,1.2246467991473532e-16,-1.0,0.9884683243281114,0.1514277775045767,537
2022-06-08,9501850,27,25,7,7,351920.3703703704,250000.0,700000,10,15,2,8,23,6,2,2022,0,0,0,0,318.0,32.0,0.9749279121818236,-0.22252093395631434,1.2246467991473532e-16,-1.0,0.9987165071710528,-0.05064916883871264,538
2022-06-09,7195500,24,24,5,7,299812.5,150000.0,1500000,8,16,3,9,23,6,2,2022,0,0,0,0,317.0,31.0,0.43388373911755823,-0.900968867902419,1.2246467991473532e-16,-1.0,0.9680771188662043,-0.2506525322587204,539
2022-06-10,13346616,30,28,10,9,444887.2,325000.0,1900000,14,14,4,10,23,6,2,2022,0,0,0,0,316.0,30.0,-0.433883739117558,-0.9009688679024191,1.2246467991473532e-16,-1.0,0.8978045395707416,-0.4403941515576344,540
2022-06-11,14190500,9,9,5,6,1576722.2222222222,1900000.0,4000000,4,5,5,11,23,6,2,2022,1,0,0,0,315.0,29.0,-0.9749279121818236,-0.2225209339563146,1.2246467991473532e-16,-1.0,0.7907757369376989,-0.6121059825476626,541
2022-06-12,26567821,24,19,8,8,1106992.5416666667,788600.0,3200000,7,12,6,12,23,6,2,2022,1,0,0,0,314.0,28.0,-0.7818314824680299,0.6234898018587334,1.2246467991473532e-16,-1.0,0.6513724827222223,-0.7587581226927909,542
2022-06-13,8827700,4,4,2,2,2206925.0,2451350.0,3800000,2,2,0,13,24,6,2,2022,0,0,0,0,313.0,27.0,0.0,1.0,1.2246467991473532e-16,-1.0,0.48530196253108104,-0.8743466161445821,543
2022-06-14,7045150,11,11,8,7,640468.1818181818,350000.0,1900000,4,7,1,14,24,6,2,2022,0,0,0,0,312.0,26.0,0.7818314824680298,0.6234898018587336,1.2246467991473532e-16,-1.0,0.29936312297335804,-0.9541392564000488,544
2022-06-15,17522000,15,15,8,7,1168133.3333333333,300000.0,12500000,0,15,2,15,24,6,2,2022,0,0,0,0,311.0,25.0,0.9749279121818236,-0.22252093395631434,1.2246467991473532e-16,-1.0,0.10116832198743272,-0.994869323391895,545
2022-06-16,2335000,5,5,4,4,467000.0,150000.0,1135000,0,5,3,16,24,6,2,2022,0,0,0,0,310.0,24.0,0.43388373911755823,-0.900968867902419,1.2246467991473532e-16,-1.0,-0.10116832198743204,-0.9948693233918952,546
2022-06-17,4525000,19,17,7,7,238157.8947368421,200000.0,500000,1,16,4,17,24,6,2,2022,0,0,0,0,309.0,23.0,-0.433883739117558,-0.9009688679024191,1.2246467991473532e-16,-1.0,-0.2993631229733582,-0.9541392564000488,547
2022-06-18,53899999,7,7,5,5,7699999.857142857,175000.0,50000000,2,5,5,18,24,6,2,2022,1,0,0,0,308.0,22.0,-0.9749279121818236,-0.2225209339563146,1.2246467991473532e-16,-1.0,-0.4853019625310808,-0.8743466161445822,548
2022-06-19,4917000,5,5,4,3,983400.0,437000.0,2150000,1,4,6,19,24,6,2,2022,1,0,0,0,307.0,21.0,-0.7818314824680299,0.6234898018587334,1.2246467991473532e-16,-1.0,-0.651372482722222,-0.7587581226927911,549
2022-06-20,3186000,11,11,5,5,289636.36363636365,250000.0,900000,4,7,0,20,25,6,2,2022,0,0,0,0,306.0,20.0,0.0,1.0,1.2246467991473532e-16,-1.0,-0.7907757369376986,-0.6121059825476627,550
2022-06-21,13963347,9,8,5,6,1551483.0,850000.0,5373097,3,5,1,21,25,6,2,2022,0,0,0,0,305.0,19.0,0.7818314824680298,0.6234898018587336,1.2246467991473532e-16,-1.0,-0.8978045395707417,-0.44039415155763423,551
2022-06-22,3794000,7,7,5,2,542000.0,70000.0,3200000,3,4,2,22,25,6,2,2022,0,0,0,0,304.0,18.0,0.9749279121818236,-0.22252093395631434,1.2246467991473532e-16,-1.0,-0.9680771188662041,-0.2506525322587213,552
2022-06-23,10800120,8,8,7,7,1350015.0,600000.0,3500043,2,6,3,23,25,6,2,2022,0,0,0,0,303.0,17.0,0.43388373911755823,-0.900968867902419,1.2246467991473532e-16,-1.0,-0.9987165071710528,-0.05064916883871355,553
2022-06-24,24677999,35,33,12,12,705085.6857142857,250000.0,3199999,12,21,4,24,25,6,2,2022,0,0,0,0,302.0,16.0,-0.433883739117558,-0.9009688679024191,1.2246467991473532e-16,-1.0,-0.9884683243281114,0.15142777750457667,554
2022-06-25,13000929,22,20,5,6,590951.3181818182,352559.5,3000000,2,18,5,25,25,6,2,2022,1,0,0,0,301.0,15.0,-0.9749279121818236,-0.2225209339563146,1.2246467991473532e-16,-1.0,-0.9377521321470804,0.3473052528448203,555
2022-06-26,6992000,14,12,5,9,499428.5714285714,325000.0,1900000,1,11,6,26,25,6,2,2022,1,0,0,0,300.0,14.0,-0.7818314824680299,0.6234898018587334,1.2246467991473532e-16,-1.0,-0.848644257494751,0.5289640103269624,556
2022-06-27,42359806,25,25,8,7,1694392.24,457125.0,11731000,9,16,0,27,26,6,2,2022,0,0,0,0,299.0,13.0,0.0,1.0,1.2246467991473532e-16,-1.0,-0.72479278722912,0.6889669190756865,557
2022-06-28,17738000,22,21,7,9,806272.7272727273,425000.0,4824000,6,15,1,28,26,6,2,2022,0,0,0,0,298.0,12.0,0.7818314824680298,0.6234898018587336,1.2246467991473532e-16,-1.0,-0.5712682150947924,0.8207634412072763,558
2022-06-29,6610300,14,14,5,6,472164.28571428574,161900.0,2150000,6,8,2,29,26,6,2,2022,0,0,0,0,297.0,11.0,0.9749279121818236,-0.22252093395631434,1.2246467991473532e-16,-1.0,-0.3943558551133187,0.9189578116202306,559
2022-06-30,16185750,27,26,9,7,599472.2222222222,500000.0,2150000,8,18,3,30,26,6,2,2022,0,1,0,0,296.0,10.0,0.43388373911755823,-0.900968867902419,1.2246467991473532e-16,-1.0,-0.20129852008866114,0.9795299412524943,560
2022-07-01,61938005,82,77,15,12,755341.5243902439,220000.0,10000000,14,63,4,1,26,7,3,2022,0,0,1,0,295.0,9.0,-0.433883739117558,-0.9009688679024191,-0.4999999999999997,-0.8660254037844388,0.20129852008866006,0.9795299412524945,561
2022-07-02,11384072,18,16,10,8,632448.4444444445,250000.0,3500072,4,12,5,2,26,7,3,2022,1,0,0,0,294.0,8.0,-0.9749279121818236,-0.2225209339563146,-0.4999999999999997,-0.8660254037844388,0.39435585511331855,0.9189578116202306,562
2022-07-03,28464579,25,23,12,10,1138583.16,545000.0,8600000,4,19,6,3,26,7,3,2022,1,0,0,0,293.0,7.0,-0.7818314824680299,0.6234898018587334,-0.4999999999999997,-0.8660254037844388,0.5712682150947923,0.8207634412072763,563
2022-07-04,40664740,28,26,8,12,1452312.142857143,450000.0,10500000,10,16,0,4,27,7,3,2022,0,0,0,0,292.0,6.0,0.0,1.0,-0.4999999999999997,-0.8660254037844388,0.7247927872291199,0.6889669190756866,564
2022-07-05,54647393,39,35,12,8,1401215.2051282052,430000.0,15535155,9,26,1,5,27,7,3,2022,0,0,0,0,291.0,5.0,0.7818314824680298,0.6234898018587336,-0.4999999999999997,-0.8660254037844388,0.8486442574947509,0.5289640103269624,565
2022-07-06,19903452,32,30,9,11,621982.875,162500.0,5000000,8,22,2,6,27,7,3,2022,0,0,0,0,290.0,4.0,0.9749279121818236,-0.22252093395631434,-0.4999999999999997,-0.8660254037844388,0.9377521321470804,0.3473052528448203,566
2022-07-07,28536000,32,26,11,10,891750.0,400000.0,2304000,9,17,3,7,27,7,3,2022,0,0,0,0,289.0,3.0,0.43388373911755823,-0.900968867902419,-0.4999999999999997,-0.8660254037844388,0.9884683243281114,0.1514277775045767,567
2022-07-08,58449730,49,46,11,8,1192851.6326530613,300000.0,12210000,10,36,4,8,27,7,3,2022,0,0,0,0,288.0,2.0,-0.433883739117558,-0.9009688679024191,-0.4999999999999997,-0.8660254037844388,0.9987165071710528,-0.05064916883871264,568
2022-07-09,34888598,31,30,12,8,1125438.6451612904,500000.0,3500000,18,12,5,9,27,7,3,2022,1,0,0,0,287.0,1.0,-0.9749279121818236,-0.2225209339563146,-0.4999999999999997,-0.8660254037844388,0.9680771188662043,-0.2506525322587204,569
2022-07-10,2404000,7,6,4,3,343428.5714285714,100000.0,1600000,1,5,6,10,27,7,3,2022,1,0,0,0,286.0,0.0,-0.7818314824680299,0.6234898018587334,-0.4999999999999997,-0.8660254037844388,0.8978045395707416,-0.4403941515576344,570
2022-07-11,3640000,5,5,3,4,728000.0,800000.0,1390000,0,5,0,11,28,7,3,2022,0,0,0,0,285.0,353.0,0.0,1.0,-0.4999999999999997,-0.8660254037844388,0.7907757369376989,-0.6121059825476626,571
2022-07-12,3509500,10,9,3,5,350950.0,337500.0,712500,2,7,1,12,28,7,3,2022,0,0,0,0,284.0,352.0,0.7818314824680298,0.6234898018587336,-0.4999999999999997,-0.8660254037844388,0.6513724827222223,-0.7587581226927909,572
2022-07-13,25607500,8,7,5,4,3200937.5,87500.0,25000000,1,6,2,13,28,7,3,2022,0,0,0,0,283.0,351.0,0.9749279121818236,-0.22252093395631434,-0.4999999999999997,-0.8660254037844388,0.48530196253108104,-0.8743466161445821,573
2022-07-14,6255769,11,11,3,8,568706.2727272727,261538.0,3000000,4,7,3,14,28,7,3,2022,0,0,0,0,282.0,350.0,0.43388373911755823,-0.900968867902419,-0.4999999999999997,-0.8660254037844388,0.29936312297335804,-0.9541392564000488,574
2022-07-15,2236900,15,15,6,8,149126.66666666666,100000.0,350000,2,13,4,15,28,7,3,2022,0,0,0,0,281.0,349.0,-0.433883739117558,-0.9009688679024191,-0.4999999999999997,-0.8660254037844388,0.10116832198743272,-0.994869323391895,575
2022-07-16,16558613,8,7,3,5,2069826.625,275000.0,12700000,2,5,5,16,28,7,3,2022,1,0,0,0,280.0,348.0,-0.9749279121818236,-0.2225209339563146,-0.4999999999999997,-0.8660254037844388,-0.10116832198743204,-0.9948693233918952,576
2022-07-17,2359080,10,6,7,4,235908.0,150000.0,1134080,1,5,6,17,28,7,3,2022,1,0,0,0,279.0,347.0,-0.7818314824680299,0.6234898018587334,-0.4999999999999997,-0.8660254037844388,-0.2993631229733582,-0.9541392564000488,577
2022-07-18,26930000,6,6,3,3,4488333.333333333,365000.0,19000000,1,5,0,18,29,7,3,2022,0,0,0,0,278.0,346.0,0.0,1.0,-0.4999999999999997,-0.8660254037844388,-0.4853019625310808,-0.8743466161445822,578
2022-07-19,8102870,13,13,5,6,623297.6923076923,500000.0,2150000,2,11,1,19,29,7,3,2022,0,0,0,0,277.0,345.0,0.7818314824680298,0.6234898018587336,-0.4999999999999997,-0.8660254037844388,-0.651372482722222,-0.7587581226927911,579
2022-07-20,1998000,5,4,4,4,399600.0,500000.0,750000,1,3,2,20,29,7,3,2022,0,0,0,0,276.0,344.0,0.9749279121818236,-0.22252093395631434,-0.4999999999999997,-0.8660254037844388,-0.7907757369376986,-0.6121059825476627,580
2022-07-21,2745000,12,11,3,5,228750.0,207500.0,780000,0,11,3,21,29,7,3,2022,0,0,0,0,275.0,343.0,0.43388373911755823,-0.900968867902419,-0.4999999999999997,-0.8660254037844388,-0.8978045395707417,-0.44039415155763423,581
2022-07-22,8603000,20,20,7,8,430150.0,214750.0,2712500,4,16,4,22,29,7,3,2022,0,0,0,0,274.0,342.0,-0.433883739117558,-0.9009688679024191,-0.4999999999999997,-0.8660254037844388,-0.9680771188662041,-0.2506525322587213,582
2022-07-23,1269763,8,7,7,4,158720.375,199131.5,235000,4,3,5,23,29,7,3,2022,1,0,0,0,273.0,341.0,-0.9749279121818236,-0.2225209339563146,-0.4999999999999997,-0.8660254037844388,-0.9987165071710528,-0.05064916883871355,583
2022-07-24,2405000,9,6,3,3,267222.22222222225,216250.0,1000000,1,5,6,24,29,7,3,2022,1,0,0,0,272.0,340.0,-0.7818314824680299,0.6234898018587334,-0.4999999999999997,-0.8660254037844388,-0.9884683243281114,0.15142777750457667,584
2022-07-25,10600909,24,24,6,9,441704.5416666667,232500.0,2750000,3,21,0,25,30,7,3,2022,0,0,0,0,271.0,339.0,0.0,1.0,-0.4999999999999997,-0.8660254037844388,-0.9377521321470804,0.3473052528448203,585
2022-07-26,9850347,17,16,4,6,579432.1764705882,362222.0,4151500,2,14,1,26,30,7,3,2022,0,0,0,0,270.0,338.0,0.7818314824680298,0.6234898018587336,-0.4999999999999997,-0.8660254037844388,-0.848644257494751,0.5289640103269624,586
2022-07-27,39537666,18,18,7,8,2196537.0,245000.0,18477551,2,16,2,27,30,7,3,2022,0,0,0,0,269.0,337.0,0.9749279121818236,-0.22252093395631434,-0.4999999999999997,-0.8660254037844388,-0.72479278722912,0.6889669190756865,587
2022-07-28,7978000,19,18,6,8,419894.7368421053,250000.0,2000000,5,13,3,28,30,7,3,2022,0,0,0,0,268.0,336.0,0.43388373911755823,-0.900968867902419,-0.4999999999999997,-0.8660254037844388,-0.5712682150947924,0.8207634412072763,588
2022-07-29,11294447,27,26,10,11,418312.85185185185,250000.0,2325000,4,22,4,29,30,7,3,2022,0,0,0,0,267.0,335.0,-0.433883739117558,-0.9009688679024191,-0.4999999999999997,-0.8660254037844388,-0.3943558551133187,0.9189578116202306,589
2022-07-30,4268156,17,15,5,6,251068.0,165000.0,1200000,2,13,5,30,30,7,3,2022,1,0,0,0,266.0,334.0,-0.9749279121818236,-0.2225209339563146,-0.4999999999999997,-0.8660254037844388,-0.20129852008866114,0.9795299412524943,590
2022-07-31,3669000,15,15,7,8,244600.0,250000.0,610000,3,12,6,31,30,7,3,2022,1,1,0,0,265.0,333.0,-0.7818314824680299,0.6234898018587334,-0.4999999999999997,-0.8660254037844388,-2.4492935982947064e-16,1.0,591
2022-08-01,26761568,34,30,8,6,787104.9411764706,275000.0,15350000,4,26,0,1,31,8,3,2022,0,0,1,0,264.0,332.0,0.0,1.0,-0.8660254037844384,-0.5000000000000004,0.20129852008866006,0.9795299412524945,592
2022-08-02,9203850,19,18,5,8,484413.15789473685,300000.0,2329800,1,17,1,2,31,8,3,2022,0,0,0,0,263.0,331.0,0.7818314824680298,0.6234898018587336,-0.8660254037844384,-0.5000000000000004,0.39435585511331855,0.9189578116202306,593
2022-08-03,5050169,12,12,6,8,420847.4166666667,380700.0,1000000,3,9,2,3,31,8,3,2022,0,0,0,0,262.0,330.0,0.9749279121818236,-0.22252093395631434,-0.8660254037844384,-0.5000000000000004,0.5712682150947923,0.8207634412072763,594
2022-08-04,7494215,18,18,6,10,416345.27777777775,300000.0,1500000,5,13,3,4,31,8,3,2022,0,0,0,0,261.0,329.0,0.43388373911755823,-0.900968867902419,-0.8660254037844384,-0.5000000000000004,0.7247927872291199,0.6889669190756866,595
2022-08-05,26821412,36,30,7,8,745039.2222222222,300000.0,5000000,1,29,4,5,31,8,3,2022,0,0,0,0,260.0,328.0,-0.433883739117558,-0.9009688679024191,-0.8660254037844384,-0.5000000000000004,0.8486442574947509,0.5289640103269624,596
2022-08-06,878000,7,7,5,7,125428.57142857143,150000.0,200000,0,7,5,6,31,8,3,2022,1,0,0,0,259.0,327.0,-0.9749279121818236,-0.2225209339563146,-0.8660254037844384,-0.5000000000000004,0.9377521321470804,0.3473052528448203,597
2022-08-07,3899754,8,6,4,5,487469.25,280550.0,1350000,0,6,6,7,31,8,3,2022,1,0,0,0,258.0,326.0,-0.7818314824680299,0.6234898018587334,-0.8660254037844384,-0.5000000000000004,0.9884683243281114,0.1514277775045767,598
2022-08-08,6782345,10,9,6,6,678234.5,175000.0,5000000,1,8,0,8,32,8,3,2022,0,0,0,0,257.0,325.0,0.0,1.0,-0.8660254037844384,-0.5000000000000004,0.9987165071710528,-0.05064916883871264,599
2022-08-09,1324500,7,6,4,6,189214.2857142857,200000.0,534500,0,6,1,9,32,8,3,2022,0,0,0,0,256.0,324.0,0.7818314824680298,0.6234898018587336,-0.8660254037844384,-0.5000000000000004,0.9680771188662043,-0.2506525322587204,600
2022-08-10,9642996,12,12,6,7,803583.0,262500.0,5360000,3,9,2,10,32,8,3,2022,0,0,0,0,255.0,323.0,0.9749279121818236,-0.22252093395631434,-0.8660254037844384,-0.5000000000000004,0.8978045395707416,-0.4403941515576344,601
2022-08-11,5617500,18,18,5,5,312083.3333333333,97450.0,2700000,3,15,3,11,32,8,3,2022,0,0,0,0,254.0,322.0,0.43388373911755823,-0.900968867902419,-0.8660254037844384,-0.5000000000000004,0.7907757369376989,-0.6121059825476626,602
2022-08-12,8539000,21,18,11,10,406619.04761904763,300000.0,1700000,8,10,4,12,32,8,3,2022,0,0,0,0,253.0,321.0,-0.433883739117558,-0.9009688679024191,-0.8660254037844384,-0.5000000000000004,0.6513724827222223,-0.7587581226927909,603
2022-08-13,6854000,13,13,5,5,527230.7692307692,78000.0,5000000,2,11,5,13,32,8,3,2022,1,0,0,0,252.0,320.0,-0.9749279121818236,-0.2225209339563146,-0.8660254037844384,-0.5000000000000004,0.48530196253108104,-0.8743466161445821,604
2022-08-14,600000,3,3,2,3,200000.0,200000.0,375000,1,2,6,14,32,8,3,2022,1,0,0,0,251.0,319.0,-0.7818314824680299,0.6234898018587334,-0.8660254037844384,-0.5000000000000004,0.29936312297335804,-0.9541392564000488,605
2022-08-15,9082346,16,15,4,9,567646.625,265000.0,2406000,1,14,0,15,33,8,3,2022,0,0,0,0,250.0,318.0,0.0,1.0,-0.8660254037844384,-0.5000000000000004,0.10116832198743272,-0.994869323391895,606
2022-08-16,4837377,6,6,3,6,806229.5,300000.0,2944377,1,5,1,16,33,8,3,2022,0,0,0,0,249.0,317.0,0.7818314824680298,0.6234898018587336,-0.8660254037844384,-0.5000000000000004,-0.10116832198743204,-0.9948693233918952,607
2022-08-17,1211000,7,4,4,4,173000.0,104500.0,675000,0,4,2,17,33,8,3,2022,0,0,0,0,248.0,316.0,0.9749279121818236,-0.22252093395631434,-0.8660254037844384,-0.5000000000000004,-0.2993631229733582,-0.9541392564000488,608
2022-08-18,10563441,7,7,3,7,1509063.0,465000.0,6908441,1,6,3,18,33,8,3,2022,0,0,0,0,247.0,315.0,0.43388373911755823,-0.900968867902419,-0.8660254037844384,-0.5000000000000004,-0.4853019625310808,-0.8743466161445822,609
2022-08-19,5963128,17,16,6,8,350772.23529411765,250000.0,1444750,1,15,4,19,33,8,3,2022,0,0,0,0,246.0,314.0,-0.433883739117558,-0.9009688679024191,-0.8660254037844384,-0.5000000000000004,-0.651372482722222,-0.7587581226927911,610
2022-08-20,640000,3,3,3,2,213333.33333333334,165000.0,450000,0,3,5,20,33,8,3,2022,1,0,0,0,245.0,313.0,-0.9749279121818236,-0.2225209339563146,-0.8660254037844384,-0.5000000000000004,-0.7907757369376986,-0.6121059825476627,611
2022-08-21,1031000,3,3,1,3,343666.6666666667,350000.0,531000,0,3,6,21,33,8,3,2022,1,0,0,0,244.0,312.0,-0.7818314824680299,0.6234898018587334,-0.8660254037844384,-0.5000000000000004,-0.8978045395707417,-0.44039415155763423,612
2022-08-22,2736000,11,11,6,7,248727.27272727274,175000.0,850000,2,9,0,22,34,8,3,2022,0,0,0,0,243.0,311.0,0.0,1.0,-0.8660254037844384,-0.5000000000000004,-0.9680771188662041,-0.2506525322587213,613
2022-08-23,3629900,26,26,4,4,139611.53846153847,119000.0,300000,3,23,1,23,34,8,3,2022,0,0,0,0,242.0,310.0,0.7818314824680298,0.6234898018587336,-0.8660254037844384,-0.5000000000000004,-0.9987165071710528,-0.05064916883871355,614
2022-08-24,1027000,9,8,8,3,114111.11111111111,100000.0,250000,1,7,2,24,34,8,3,2022,0,0,0,0,241.0,309.0,0.9749279121818236,-0.22252093395631434,-0.8660254037844384,-0.5000000000000004,-0.9884683243281114,0.15142777750457667,615
2022-08-25,17537278,33,32,7,10,531432.6666666666,250000.0,3500000,6,26,3,25,34,8,3,2022,0,0,0,0,240.0,308.0,0.43388373911755823,-0.900968867902419,-0.8660254037844384,-0.5000000000000004,-0.9377521321470804,0.3473052528448203,616
2022-08-26,15367775,28,24,6,8,548849.1071428572,202500.0,4500000,4,20,4,26,34,8,3,2022,0,0,0,0,239.0,307.0,-0.433883739117558,-0.9009688679024191,-0.8660254037844384,-0.5000000000000004,-0.848644257494751,0.5289640103269624,617
2022-08-27,3133924,13,12,6,6,241071.07692307694,150000.0,808924,1,11,5,27,34,8,3,2022,1,0,0,0,238.0,306.0,-0.9749279121818236,-0.2225209339563146,-0.8660254037844384,-0.5000000000000004,-0.72479278722912,0.6889669190756865,618
2022-08-28,9724588,16,16,5,8,607786.75,275000.0,5000000,1,15,6,28,34,8,3,2022,1,0,0,0,237.0,305.0,-0.7818314824680299,0.6234898018587334,-0.8660254037844384,-0.5000000000000004,-0.5712682150947924,0.8207634412072763,619
2022-08-29,7864790,22,19,7,7,357490.45454545453,203047.5,2500000,5,14,0,29,35,8,3,2022,0,0,0,0,236.0,304.0,0.0,1.0,-0.8660254037844384,-0.5000000000000004,-0.3943558551133187,0.9189578116202306,620
2022-08-30,12107650,23,23,6,7,526419.5652173914,250000.0,4785200,4,19,1,30,35,8,3,2022,0,0,0,0,235.0,303.0,0.7818314824680298,0.6234898018587336,-0.8660254037844384,-0.5000000000000004,-0.20129852008866114,0.9795299412524943,621
2022-08-31,14255522,18,18,4,8,791973.4444444445,245000.0,7500000,6,12,2,31,35,8,3,2022,0,1,0,0,234.0,302.0,0.9749279121818236,-0.22252093395631434,-0.8660254037844384,-0.5000000000000004,-2.4492935982947064e-16,1.0,622
2022-09-01,12040590,32,31,8,10,376268.4375,236287.5,2500000,8,23,3,1,35,9,3,2022,0,0,1,0,233.0,301.0,0.43388373911755823,-0.900968867902419,-1.0,-1.8369701987210297e-16,0.20129852008866006,0.9795299412524945,623
2022-09-02,17533313,35,32,8,10,500951.8,350000.0,3650000,1,31,4,2,35,9,3,2022,0,0,0,0,232.0,300.0,-0.433883739117558,-0.9009688679024191,-1.0,-1.8369701987210297e-16,0.39435585511331855,0.9189578116202306,624
2022-09-03,7761625,8,8,4,7,970203.125,187500.0,6293750,2,6,5,3,35,9,3,2022,1,0,0,0,231.0,299.0,-0.9749279121818236,-0.2225209339563146,-1.0,-1.8369701987210297e-16,0.5712682150947923,0.8207634412072763,625
2022-09-04,4788750,12,12,5,4,399062.5,400000.0,870000,2,10,6,4,35,9,3,2022,1,0,0,0,230.0,298.0,-0.7818314824680299,0.6234898018587334,-1.0,-1.8369701987210297e-16,0.7247927872291199,0.6889669190756866,626
2022-09-05,16754214,16,16,6,8,1047138.375,200000.0,11500000,2,14,0,5,36,9,3,2022,0,0,0,0,229.0,297.0,0.0,1.0,-1.0,-1.8369701987210297e-16,0.8486442574947509,0.5289640103269624,627
2022-09-06,7226869,18,18,4,8,401492.72222222225,300000.0,1500000,3,15,1,6,36,9,3,2022,0,0,0,0,228.0,296.0,0.7818314824680298,0.6234898018587336,-1.0,-1.8369701987210297e-16,0.9377521321470804,0.3473052528448203,628
2022-09-07,6951050,13,13,4,9,534696.1538461539,300000.0,1565500,1,12,2,7,36,9,3,2022,0,0,0,0,227.0,295.0,0.9749279121818236,-0.22252093395631434,-1.0,-1.8369701987210297e-16,0.9884683243281114,0.1514277775045767,629
2022-09-08,2463846,7,7,3,4,351978.0,200000.0,1153846,2,5,3,8,36,9,3,2022,0,0,0,0,226.0,294.0,0.43388373911755823,-0.900968867902419,-1.0,-1.8369701987210297e-16,0.9987165071710528,-0.05064916883871264,630
2022-09-09,4092260,20,18,7,6,204613.0,172000.0,550000,5,13,4,9,36,9,3,2022,0,0,0,0,225.0,293.0,-0.433883739117558,-0.9009688679024191,-1.0,-1.8369701987210297e-16,0.9680771188662043,-0.2506525322587204,631
2022-09-10,2777500,12,10,5,6,231458.33333333334,166250.0,1000000,0,10,5,10,36,9,3,2022,1,0,0,0,224.0,292.0,-0.9749279121818236,-0.2225209339563146,-1.0,-1.8369701987210297e-16,0.8978045395707416,-0.4403941515576344,632
2022-09-11,5097850,10,9,4,5,509785.0,387500.0,1725000,1,8,6,11,36,9,3,2022,1,0,0,0,223.0,291.0,-0.7818314824680299,0.6234898018587334,-1.0,-1.8369701987210297e-16,0.7907757369376989,-0.6121059825476626,633
2022-09-12,3081900,7,7,3,4,440271.4285714286,250000.0,1344900,0,7,0,12,37,9,3,2022,0,0,0,0,222.0,290.0,0.0,1.0,-1.0,-1.8369701987210297e-16,0.6513724827222223,-0.7587581226927909,634
2022-09-13,1665000,6,6,4,5,277500.0,125000.0,1200000,1,5,1,13,37,9,3,2022,0,0,0,0,221.0,289.0,0.7818314824680298,0.6234898018587336,-1.0,-1.8369701987210297e-16,0.48530196253108104,-0.8743466161445821,635
2022-09-14,3443000,5,4,4,3,688600.0,150000.0,2783000,0,4,2,14,37,9,3,2022,0,0,0,0,220.0,288.0,0.9749279121818236,-0.22252093395631434,-1.0,-1.8369701987210297e-16,0.29936312297335804,-0.9541392564000488,636
2022-09-15,10304000,9,9,5,4,1144888.888888889,291500.0,7500000,2,7,3,15,37,9,3,2022,0,0,0,0,219.0,287.0,0.43388373911755823,-0.900968867902419,-1.0,-1.8369701987210297e-16,0.10116832198743272,-0.994869323391895,637
2022-09-16,3202524,12,11,4,7,266877.0,213762.0,1000000,1,10,4,16,37,9,3,2022,0,0,0,0,218.0,286.0,-0.433883739117558,-0.9009688679024191,-1.0,-1.8369701987210297e-16,-0.10116832198743204,-0.9948693233918952,638
2022-09-17,1416150,6,6,5,4,236025.0,262000.0,468000,2,4,5,17,37,9,3,2022,1,0,0,0,217.0,285.0,-0.9749279121818236,-0.2225209339563146,-1.0,-1.8369701987210297e-16,-0.2993631229733582,-0.9541392564000488,639
2022-09-18,2919133,6,6,2,3,486522.1666666667,269231.0,1400000,0,6,6,18,37,9,3,2022,1,0,0,0,216.0,284.0,-0.7818314824680299,0.6234898018587334,-1.0,-1.8369701987210297e-16,-0.4853019625310808,-0.8743466161445822,640
2022-09-19,4211000,12,12,5,5,350916.6666666667,187500.0,1000000,0,12,0,19,38,9,3,2022,0,0,0,0,215.0,283.0,0.0,1.0,-1.0,-1.8369701987210297e-16,-0.651372482722222,-0.7587581226927911,641
2022-09-20,2820196,10,9,5,5,282019.6,215000.0,1000000,1,8,1,20,38,9,3,2022,0,0,0,0,214.0,282.0,0.7818314824680298,0.6234898018587336,-1.0,-1.8369701987210297e-16,-0.7907757369376986,-0.6121059825476627,642
2022-09-21,1200000,7,7,5,4,171428.57142857142,150000.0,500000,1,6,2,21,38,9,3,2022,0,0,0,0,213.0,281.0,0.9749279121818236,-0.22252093395631434,-1.0,-1.8369701987210297e-16,-0.8978045395707417,-0.44039415155763423,643
2022-09-22,3450000,8,7,6,5,431250.0,200000.0,2000000,2,5,3,22,38,9,3,2022,0,0,0,0,212.0,280.0,0.43388373911755823,-0.900968867902419,-1.0,-1.8369701987210297e-16,-0.9680771188662041,-0.2506525322587213,644
2022-09-23,9094993,28,26,6,11,324821.1785714286,200000.0,2000000,3,23,4,23,38,9,3,2022,0,0,0,0,211.0,279.0,-0.433883739117558,-0.9009688679024191,-1.0,-1.8369701987210297e-16,-0.9987165071710528,-0.05064916883871355,645
2022-09-24,14541492,16,13,5,6,908843.25,265000.0,5890000,1,12,5,24,38,9,3,2022,1,0,0,0,210.0,278.0,-0.9749279121818236,-0.2225209339563146,-1.0,-1.8369701987210297e-16,-0.9884683243281114,0.15142777750457667,646
2022-09-25,2930100,8,8,1,6,366262.5,236050.0,1000000,0,8,6,25,38,9,3,2022,1,0,0,0,209.0,277.0,-0.7818314824680299,0.6234898018587334,-1.0,-1.8369701987210297e-16,-0.9377521321470804,0.3473052528448203,647
2022-09-26,7476625,23,21,6,8,325070.652173913,296500.0,1000000,3,18,0,26,39,9,3,2022,0,0,0,0,208.0,276.0,0.0,1.0,-1.0,-1.8369701987210297e-16,-0.848644257494751,0.5289640103269624,648
2022-09-27,7671400,14,14,5,8,547957.1428571428,295000.0,2500000,3,11,1,27,39,9,3,2022,0,0,0,0,207.0,275.0,0.7818314824680298,0.6234898018587336,-1.0,-1.8369701987210297e-16,-0.72479278722912,0.6889669190756865,649
2022-09-28,11139060,18,18,5,8,618836.6666666666,318000.0,5000000,0,18,2,28,39,9,3,2022,0,0,0,0,206.0,274.0,0.9749279121818236,-0.22252093395631434,-1.0,-1.8369701987210297e-16,-0.5712682150947924,0.8207634412072763,650
2022-09-29,8042399,14,13,5,7,574457.0714285715,230000.0,3000000,3,10,3,29,39,9,3,2022,0,0,0,0,205.0,273.0,0.43388373911755823,-0.900968867902419,-1.0,-1.8369701987210297e-16,-0.3943558551133187,0.9189578116202306,651
2022-09-30,9918622,30,29,7,10,330620.73333333334,183061.0,1800000,2,27,4,30,39,9,3,2022,0,1,0,0,204.0,272.0,-0.433883739117558,-0.9009688679024191,-1.0,-1.8369701987210297e-16,-0.20129852008866114,0.9795299412524943,652
2022-10-01,8714166,22,22,6,8,396098.45454545453,205250.0,3710791,1,21,5,1,39,10,4,2022,1,0,1,0,203.0,271.0,-0.9749279121818236,-0.2225209339563146,-0.8660254037844386,0.5000000000000001,0.20129852008866006,0.9795299412524945,653
2022-10-02,5970000,21,15,6,7,284285.71428571426,165000.0,1200000,4,11,6,2,39,10,4,2022,1,0,0,0,202.0,270.0,-0.7818314824680299,0.6234898018587334,-0.8660254037844386,0.5000000000000001,0.39435585511331855,0.9189578116202306,654
2022-10-03,6811150,21,21,6,8,324340.4761904762,190000.0,1500000,1,20,0,3,40,10,4,2022,0,0,0,0,201.0,269.0,0.0,1.0,-0.8660254037844386,0.5000000000000001,0.5712682150947923,0.8207634412072763,655
2022-10-04,5570769,21,19,5,9,265274.71428571426,230769.0,750000,5,14,1,4,40,10,4,2022,0,0,0,0,200.0,268.0,0.7818314824680298,0.6234898018587336,-0.8660254037844386,0.5000000000000001,0.7247927872291199,0.6889669190756866,656
2022-10-05,4878387,12,10,7,8,406532.25,310000.0,1748137,1,9,2,5,40,10,4,2022,0,0,0,0,199.0,267.0,0.9749279121818236,-0.22252093395631434,-0.8660254037844386,0.5000000000000001,0.8486442574947509,0.5289640103269624,657
2022-10-06,3400000,15,15,7,10,226666.66666666666,250000.0,500000,3,12,3,6,40,10,4,2022,0,0,0,0,198.0,266.0,0.43388373911755823,-0.900968867902419,-0.8660254037844386,0.5000000000000001,0.9377521321470804,0.3473052528448203,658
2022-10-07,7040412,23,22,7,8,306104.8695652174,100000.0,1339000,1,21,4,7,40,10,4,2022,0,0,0,0,197.0,265.0,-0.433883739117558,-0.9009688679024191,-0.8660254037844386,0.5000000000000001,0.9884683243281114,0.1514277775045767,659
2022-10-08,3387500,10,10,3,3,338750.0,49500.0,1800000,1,9,5,8,40,10,4,2022,1,0,0,0,196.0,264.0,-0.9749279121818236,-0.2225209339563146,-0.8660254037844386,0.5000000000000001,0.9987165071710528,-0.05064916883871264,660
2022-10-09,2324813,10,10,4,4,232481.3,100000.0,800000,1,9,6,9,40,10,4,2022,1,0,0,0,195.0,263.0,-0.7818314824680299,0.6234898018587334,-0.8660254037844386,0.5000000000000001,0.9680771188662043,-0.2506525322587204,661
2022-10-10,1572100,10,10,2,4,157210.0,125000.0,600000,2,8,0,10,41,10,4,2022,0,0,0,0,194.0,262.0,0.0,1.0,-0.8660254037844386,0.5000000000000001,0.8978045395707416,-0.4403941515576344,662
2022-10-11,3869262,13,13,4,9,297635.53846153844,250000.0,809000,1,12,1,11,41,10,4,2022,0,0,0,0,193.0,261.0,0.7818314824680298,0.6234898018587336,-0.8660254037844386,0.5000000000000001,0.7907757369376989,-0.6121059825476626,663
2022-10-12,27118796,12,11,6,6,2259899.6666666665,350000.0,20000000,1,10,2,12,41,10,4,2022,0,0,0,0,192.0,260.0,0.9749279121818236,-0.22252093395631434,-0.8660254037844386,0.5000000000000001,0.6513724827222223,-0.7587581226927909,664
2022-10-13,283500,4,4,3,2,70875.0,79250.0,100000,0,4,3,13,41,10,4,2022,0,0,0,0,191.0,259.0,0.43388373911755823,-0.900968867902419,-0.8660254037844386,0.5000000000000001,0.48530196253108104,-0.8743466161445821,665
2022-10-14,3740900,12,12,4,6,311741.6666666667,267000.0,800000,2,10,4,14,41,10,4,2022,0,0,0,0,190.0,258.0,-0.433883739117558,-0.9009688679024191,-0.8660254037844386,0.5000000000000001,0.29936312297335804,-0.9541392564000488,666
2022-10-15,7141500,10,10,5,6,714150.0,193750.0,5310000,1,9,5,15,41,10,4,2022,1,0,0,0,189.0,257.0,-0.9749279121818236,-0.2225209339563146,-0.8660254037844386,0.5000000000000001,0.10116832198743272,-0.994869323391895,667
2022-10-16,100000,1,1,1,1,100000.0,100000.0,100000,0,1,6,16,41,10,4,2022,1,0,0,0,188.0,256.0,-0.7818314824680299,0.6234898018587334,-0.8660254037844386,0.5000000000000001,-0.10116832198743204,-0.9948693233918952,668
2022-10-17,6752000,15,10,7,6,450133.3333333333,242000.0,2500000,1,9,0,17,42,10,4,2022,0,0,0,0,187.0,255.0,0.0,1.0,-0.8660254037844386,0.5000000000000001,-0.2993631229733582,-0.9541392564000488,669
2022-10-18,3125000,10,10,5,4,312500.0,175000.0,1500000,1,9,1,18,42,10,4,2022,0,0,0,0,186.0,254.0,0.7818314824680298,0.6234898018587336,-0.8660254037844386,0.5000000000000001,-0.4853019625310808,-0.8743466161445822,670
2022-10-19,3375000,6,6,5,3,562500.0,100000.0,2500000,2,4,2,19,42,10,4,2022,0,0,0,0,185.0,253.0,0.9749279121818236,-0.22252093395631434,-0.8660254037844386,0.5000000000000001,-0.651372482722222,-0.7587581226927911,671
2022-10-20,4242400,11,10,5,5,385672.7272727273,250000.0,1000000,1,9,3,20,42,10,4,2022,0,0,0,0,184.0,252.0,0.43388373911755823,-0.900968867902419,-0.8660254037844386,0.5000000000000001,-0.7907757369376986,-0.6121059825476627,672
2022-10-21,14354000,16,14,8,8,897125.0,225000.0,6000000,3,11,4,21,42,10,4,2022,0,0,0,0,183.0,251.0,-0.433883739117558,-0.9009688679024191,-0.8660254037844386,0.5000000000000001,-0.8978045395707417,-0.44039415155763423,673
2022-10-22,28480000,5,4,4,4,5696000.0,300000.0,25000000,2,2,5,22,42,10,4,2022,1,0,0,0,182.0,250.0,-0.9749279121818236,-0.2225209339563146,-0.8660254037844386,0.5000000000000001,-0.9680771188662041,-0.2506525322587213,674
2022-10-23,3565000,9,9,5,5,396111.1111111111,100000.0,1755000,2,7,6,23,42,10,4,2022,1,0,0,0,181.0,249.0,-0.7818314824680299,0.6234898018587334,-0.8660254037844386,0.5000000000000001,-0.9987165071710528,-0.05064916883871355,675
2022-10-24,2292300,10,10,4,5,229230.0,203775.0,500000,1,9,0,24,43,10,4,2022,0,0,0,0,180.0,248.0,0.0,1.0,-0.8660254037844386,0.5000000000000001,-0.9884683243281114,0.15142777750457667,676
2022-10-25,9794675,32,25,10,9,306083.59375,171500.0,2000000,3,22,1,25,43,10,4,2022,0,0,0,0,179.0,247.0,0.7818314824680298,0.6234898018587336,-0.8660254037844386,0.5000000000000001,-0.9377521321470804,0.3473052528448203,677
2022-10-26,13310447,45,45,5,8,295787.7111111111,150000.0,3174699,4,41,2,26,43,10,4,2022,0,0,0,0,178.0,246.0,0.9749279121818236,-0.22252093395631434,-0.8660254037844386,0.5000000000000001,-0.848644257494751,0.5289640103269624,678
2022-10-27,6043750,13,13,4,6,464903.8461538461,460000.0,1200000,4,9,3,27,43,10,4,2022,0,0,0,0,177.0,245.0,0.43388373911755823,-0.900968867902419,-0.8660254037844386,0.5000000000000001,-0.72479278722912,0.6889669190756865,679
2022-10-28,14892500,34,33,6,10,438014.70588235295,250000.0,3000000,2,31,4,28,43,10,4,2022,0,0,0,0,176.0,244.0,-0.433883739117558,-0.9009688679024191,-0.8660254037844386,0.5000000000000001,-0.5712682150947924,0.8207634412072763,680
2022-10-29,2485451,13,13,6,7,191188.53846153847,190451.0,700000,0,13,5,29,43,10,4,2022,1,0,0,0,175.0,243.0,-0.9749279121818236,-0.2225209339563146,-0.8660254037844386,0.5000000000000001,-0.3943558551133187,0.9189578116202306,681
2022-10-30,2055299,7,5,2,5,293614.14285714284,146868.0,808431,1,4,6,30,43,10,4,2022,1,0,0,0,174.0,242.0,-0.7818314824680299,0.6234898018587334,-0.8660254037844386,0.5000000000000001,-0.20129852008866114,0.9795299412524943,682
2022-10-31,16527122,23,22,6,8,718570.5217391305,166122.0,8650000,3,19,0,31,44,10,4,2022,0,1,0,0,173.0,241.0,0.0,1.0,-0.8660254037844386,0.5000000000000001,-2.4492935982947064e-16,1.0,683
2022-11-01,7293970,28,24,9,9,260498.92857142858,212500.0,1950000,3,21,1,1,44,11,4,2022,0,0,1,0,172.0,240.0,0.7818314824680298,0.6234898018587336,-0.5000000000000004,0.8660254037844384,0.20129852008866006,0.9795299412524945,684
2022-11-02,12587470,28,26,7,11,449552.5,162500.0,5000000,2,24,2,2,44,11,4,2022,0,0,0,0,171.0,239.0,0.9749279121818236,-0.22252093395631434,-0.5000000000000004,0.8660254037844384,0.39435585511331855,0.9189578116202306,685
2022-11-03,18498537,31,29,9,11,596727.0,300000.0,5000000,1,28,3,3,44,11,4,2022,0,0,0,0,170.0,238.0,0.43388373911755823,-0.900968867902419,-0.5000000000000004,0.8660254037844384,0.5712682150947923,0.8207634412072763,686
2022-11-04,15057600,35,32,10,13,430217.14285714284,300000.0,2112500,4,28,4,4,44,11,4,2022,0,0,0,0,169.0,237.0,-0.433883739117558,-0.9009688679024191,-0.5000000000000004,0.8660254037844384,0.7247927872291199,0.6889669190756866,687
2022-11-05,6416625,14,14,5,9,458330.35714285716,420775.0,1361538,0,14,5,5,44,11,4,2022,1,0,0,0,168.0,236.0,-0.9749279121818236,-0.2225209339563146,-0.5000000000000004,0.8660254037844384,0.8486442574947509,0.5289640103269624,688
2022-11-06,5333499,11,11,5,7,484863.54545454547,103000.0,3000000,1,10,6,6,44,11,4,2022,1,0,0,0,167.0,235.0,-0.7818314824680299,0.6234898018587334,-0.5000000000000004,0.8660254037844384,0.9377521321470804,0.3473052528448203,689
2022-11-07,1384769,9,9,6,7,153863.22222222222,100000.0,300000,2,7,0,7,45,11,4,2022,0,0,0,0,166.0,234.0,0.0,1.0,-0.5000000000000004,0.8660254037844384,0.9884683243281114,0.1514277775045767,690
2022-11-08,4609500,12,12,6,7,384125.0,300000.0,1469500,1,11,1,8,45,11,4,2022,0,0,0,0,165.0,233.0,0.7818314824680298,0.6234898018587336,-0.5000000000000004,0.8660254037844384,0.9987165071710528,-0.05064916883871264,691
2022-11-09,670000,4,4,4,4,167500.0,175000.0,300000,1,3,2,9,45,11,4,2022,0,0,0,0,164.0,232.0,0.9749279121818236,-0.22252093395631434,-0.5000000000000004,0.8660254037844384,0.9680771188662043,-0.2506525322587204,692
2022-11-10,1608897,9,9,6,6,178766.33333333334,148897.0,450000,3,6,3,10,45,11,4,2022,0,0,0,0,163.0,231.0,0.43388373911755823,-0.900968867902419,-0.5000000000000004,0.8660254037844384,0.8978045395707416,-0.4403941515576344,693
2022-11-11,21145313,25,23,11,8,845812.52,332000.0,5000000,4,19,4,11,45,11,4,2022,0,0,0,0,162.0,230.0,-0.433883739117558,-0.9009688679024191,-0.5000000000000004,0.8660254037844384,0.7907757369376989,-0.6121059825476626,694
2022-11-12,1392000,10,10,7,6,139200.0,100000.0,300000,1,9,5,12,45,11,4,2022,1,0,0,0,161.0,229.0,-0.9749279121818236,-0.2225209339563146,-0.5000000000000004,0.8660254037844384,0.6513724827222223,-0.7587581226927909,695
2022-11-13,5188846,13,11,6,8,399142.0,300000.0,1153846,2,9,6,13,45,11,4,2022,1,0,0,0,160.0,228.0,-0.7818314824680299,0.6234898018587334,-0.5000000000000004,0.8660254037844384,0.48530196253108104,-0.8743466161445821,696
2022-11-14,5163150,16,15,6,8,322696.875,100000.0,3000000,3,12,0,14,46,11,4,2022,0,0,0,0,159.0,227.0,0.0,1.0,-0.5000000000000004,0.8660254037844384,0.29936312297335804,-0.9541392564000488,697
2022-11-15,7571000,9,9,6,5,841222.2222222222,250000.0,5000000,3,6,1,15,46,11,4,2022,0,0,0,0,158.0,226.0,0.7818314824680298,0.6234898018587336,-0.5000000000000004,0.8660254037844384,0.10116832198743272,-0.994869323391895,698
2022-11-16,4495458,14,13,5,7,321104.14285714284,146875.0,2174708,1,12,2,16,46,11,4,2022,0,0,0,0,157.0,225.0,0.9749279121818236,-0.22252093395631434,-0.5000000000000004,0.8660254037844384,-0.10116832198743204,-0.9948693233918952,699
2022-11-17,2417500,10,10,6,7,241750.0,156500.0,800000,3,7,3,17,46,11,4,2022,0,0,0,0,156.0,224.0,0.43388373911755823,-0.900968867902419,-0.5000000000000004,0.8660254037844384,-0.2993631229733582,-0.9541392564000488,700
2022-11-18,9075800,40,35,10,9,226895.0,175000.0,881000,4,31,4,18,46,11,4,2022,0,0,0,0,155.0,223.0,-0.433883739117558,-0.9009688679024191,-0.5000000000000004,0.8660254037844384,-0.4853019625310808,-0.8743466161445822,701
2022-11-19,15044000,16,16,7,7,940250.0,82500.0,13250000,3,13,5,19,46,11,4,2022,1,0,0,0,154.0,222.0,-0.9749279121818236,-0.2225209339563146,-0.5000000000000004,0.8660254037844384,-0.651372482722222,-0.7587581226927911,702
2022-11-20,1415000,9,8,5,3,157222.22222222222,100000.0,500000,1,7,6,20,46,11,4,2022,1,0,0,0,153.0,221.0,-0.7818314824680299,0.6234898018587334,-0.5000000000000004,0.8660254037844384,-0.7907757369376986,-0.6121059825476627,703
2022-11-21,11519200,52,51,6,12,221523.07692307694,200000.0,750000,24,27,0,21,47,11,4,2022,0,0,0,0,152.0,220.0,0.0,1.0,-0.5000000000000004,0.8660254037844384,-0.8978045395707417,-0.44039415155763423,704
2022-11-22,86013516,267,249,6,17,322148.0,200000.0,3776250,155,94,1,22,47,11,4,2022,0,0,0,0,151.0,219.0,0.7818314824680298,0.6234898018587336,-0.5000000000000004,0.8660254037844384,-0.9680771188662041,-0.2506525322587213,705
2022-11-23,80130500,148,143,8,16,541422.2972972973,200067.5,25000000,94,49,2,23,47,11,4,2022,0,0,0,0,150.0,218.0,0.9749279121818236,-0.22252093395631434,-0.5000000000000004,0.8660254037844384,-0.9987165071710528,-0.05064916883871355,706
2022-11-24,33920560,111,107,9,17,305590.63063063065,250000.0,1300000,69,38,3,24,47,11,4,2022,0,0,0,0,149.0,217.0,0.43388373911755823,-0.900968867902419,-0.5000000000000004,0.8660254037844384,-0.9884683243281114,0.15142777750457667,707
2022-11-25,104410774,202,177,13,17,516885.0198019802,250000.0,10635200,95,82,4,25,47,11,4,2022,0,0,0,0,148.0,216.0,-0.433883739117558,-0.9009688679024191,-0.5000000000000004,0.8660254037844384,-0.9377521321470804,0.3473052528448203,708
2022-11-26,39608216,68,62,8,14,582473.7647058824,300000.0,4375000,32,30,5,26,47,11,4,2022,1,0,0,0,147.0,215.0,-0.9749279121818236,-0.2225209339563146,-0.5000000000000004,0.8660254037844384,-0.848644257494751,0.5289640103269624,709
2022-11-27,23928524,37,37,4,14,646716.8648648649,300000.0,4183211,24,13,6,27,47,11,4,2022,1,0,0,0,146.0,214.0,-0.7818314824680299,0.6234898018587334,-0.5000000000000004,0.8660254037844384,-0.72479278722912,0.6889669190756865,710
2022-11-28,68971647,80,73,9,10,862145.5875,300000.0,13561300,38,35,0,28,48,11,4,2022,0,0,0,0,145.0,213.0,0.0,1.0,-0.5000000000000004,0.8660254037844384,-0.5712682150947924,0.8207634412072763,711
2022-11-29,23487475,51,50,6,10,460538.7254901961,300000.0,3500000,33,17,1,29,48,11,4,2022,0,0,0,0,144.0,212.0,0.7818314824680298,0.6234898018587336,-0.5000000000000004,0.8660254037844384,-0.3943558551133187,0.9189578116202306,712
2022-11-30,42321602,61,59,11,15,693796.7540983607,300000.0,5775000,30,29,2,30,48,11,4,2022,0,1,0,0,143.0,211.0,0.9749279121818236,-0.22252093395631434,-0.5000000000000004,0.8660254037844384,-0.20129852008866114,0.9795299412524943,713
2022-12-01,22572749,54,52,9,12,418013.8703703704,275000.0,6000000,26,26,3,1,48,12,4,2022,0,0,1,0,142.0,210.0,0.43388373911755823,-0.900968867902419,-2.4492935982947064e-16,1.0,0.20129852008866006,0.9795299412524945,714
2022-12-02,71156056,110,104,16,12,646873.2363636363,300000.0,8271000,59,45,4,2,48,12,4,2022,0,0,0,0,141.0,209.0,-0.433883739117558,-0.9009688679024191,-2.4492935982947064e-16,1.0,0.39435585511331855,0.9189578116202306,715
2022-12-03,18436375,67,64,10,12,275169.77611940296,300000.0,1215000,33,31,5,3,48,12,4,2022,1,0,0,0,140.0,208.0,-0.9749279121818236,-0.2225209339563146,-2.4492935982947064e-16,1.0,0.5712682150947923,0.8207634412072763,716
2022-12-04,26324000,34,30,7,11,774235.2941176471,300000.0,10000000,12,18,6,4,48,12,4,2022,1,0,0,0,139.0,207.0,-0.7818314824680299,0.6234898018587334,-2.4492935982947064e-16,1.0,0.7247927872291199,0.6889669190756866,717
2022-12-05,52204726,64,64,8,12,815698.84375,300000.0,8000000,26,38,0,5,49,12,4,2022,0,0,0,0,138.0,206.0,0.0,1.0,-2.4492935982947064e-16,1.0,0.8486442574947509,0.5289640103269624,718
2022-12-06,33761235,60,57,9,13,562687.25,300000.0,3500000,27,30,1,6,49,12,4,2022,0,0,0,0,137.0,205.0,0.7818314824680298,0.6234898018587336,-2.4492935982947064e-16,1.0,0.9377521321470804,0.3473052528448203,719
2022-12-07,19599044,58,56,8,11,337914.5517241379,300000.0,2300000,31,25,2,7,49,12,4,2022,0,0,0,0,136.0,204.0,0.9749279121818236,-0.22252093395631434,-2.4492935982947064e-16,1.0,0.9884683243281114,0.1514277775045767,720
2022-12-08,14150700,35,35,6,12,404305.71428571426,300000.0,1451818,12,23,3,8,49,12,4,2022,0,0,0,0,135.0,203.0,0.43388373911755823,-0.900968867902419,-2.4492935982947064e-16,1.0,0.9987165071710528,-0.05064916883871264,721
2022-12-09,22633892,65,62,12,11,348213.72307692305,300000.0,3500000,20,42,4,9,49,12,4,2022,0,0,0,0,134.0,202.0,-0.433883739117558,-0.9009688679024191,-2.4492935982947064e-16,1.0,0.9680771188662043,-0.2506525322587204,722
2022-12-10,8556000,31,31,8,11,276000.0,300000.0,800000,8,23,5,10,49,12,4,2022,1,0,0,0,133.0,201.0,-0.9749279121818236,-0.2225209339563146,-2.4492935982947064e-16,1.0,0.8978045395707416,-0.4403941515576344,723
2022-12-11,8048519,24,23,4,6,335354.9583333333,300000.0,1000000,3,20,6,11,49,12,4,2022,1,0,0,0,132.0,200.0,-0.7818314824680299,0.6234898018587334,-2.4492935982947064e-16,1.0,0.7907757369376989,-0.6121059825476626,724
2022-12-12,19935000,41,39,8,12,486219.51219512196,300000.0,5000000,12,27,0,12,50,12,4,2022,0,0,0,0,131.0,199.0,0.0,1.0,-2.4492935982947064e-16,1.0,0.6513724827222223,-0.7587581226927909,725
2022-12-13,26881846,42,38,9,10,640043.9523809524,300000.0,5000000,18,20,1,13,50,12,4,2022,0,0,0,0,130.0,198.0,0.7818314824680298,0.6234898018587336,-2.4492935982947064e-16,1.0,0.48530196253108104,-0.8743466161445821,726
2022-12-14,33702731,43,39,11,11,783784.4418604651,300000.0,7750000,14,25,2,14,50,12,4,2022,0,0,0,0,129.0,197.0,0.9749279121818236,-0.22252093395631434,-2.4492935982947064e-16,1.0,0.29936312297335804,-0.9541392564000488,727
2022-12-15,10983313,32,32,10,10,343228.53125,300000.0,1875000,9,23,3,15,50,12,4,2022,0,0,0,0,128.0,196.0,0.43388373911755823,-0.900968867902419,-2.4492935982947064e-16,1.0,0.10116832198743272,-0.994869323391895,728
2022-12-16,59170000,57,54,11,11,1038070.1754385965,300000.0,40000000,17,37,4,16,50,12,4,2022,0,0,0,0,127.0,195.0,-0.433883739117558,-0.9009688679024191,-2.4492935982947064e-16,1.0,-0.10116832198743204,-0.9948693233918952,729
2022-12-17,11537300,52,52,6,6,221871.15384615384,200000.0,1000000,8,44,5,17,50,12,4,2022,1,0,0,0,126.0,194.0,-0.9749279121818236,-0.2225209339563146,-2.4492935982947064e-16,1.0,-0.2993631229733582,-0.9541392564000488,730
2022-12-18,30025000,20,18,8,4,1501250.0,300000.0,24000000,9,9,6,18,50,12,4,2022,1,0,0,0,125.0,193.0,-0.7818314824680299,0.6234898018587334,-2.4492935982947064e-16,1.0,-0.4853019625310808,-0.8743466161445822,731
2022-12-19,10076500,30,29,10,8,335883.3333333333,300000.0,3080000,11,18,0,19,51,12,4,2022,0,0,0,0,124.0,192.0,0.0,1.0,-2.4492935982947064e-16,1.0,-0.651372482722222,-0.7587581226927911,732
2022-12-20,7473077,13,13,6,9,574852.0769230769,300000.0,2000000,1,12,1,20,51,12,4,2022,0,0,0,0,123.0,191.0,0.7818314824680298,0.6234898018587336,-2.4492935982947064e-16,1.0,-0.7907757369376986,-0.6121059825476627,733
2022-12-21,10174000,19,19,5,8,535473.6842105263,300000.0,4250000,4,15,2,21,51,12,4,2022,0,0,0,0,122.0,190.0,0.9749279121818236,-0.22252093395631434,-2.4492935982947064e-16,1.0,-0.8978045395707417,-0.44039415155763423,734
2022-12-22,11291635,33,32,6,9,342170.75757575757,200000.0,2000000,9,23,3,22,51,12,4,2022,0,0,0,0,121.0,189.0,0.43388373911755823,-0.900968867902419,-2.4492935982947064e-16,1.0,-0.9680771188662041,-0.2506525322587213,735
2022-12-23,29810000,68,59,15,12,438382.35294117645,300000.0,3000000,15,44,4,23,51,12,4,2022,0,0,0,0,120.0,188.0,-0.433883739117558,-0.9009688679024191,-2.4492935982947064e-16,1.0,-0.9987165071710528,-0.05064916883871355,736
2022-12-24,27432125,34,32,8,7,806827.2058823529,300000.0,9000000,8,24,5,24,51,12,4,2022,1,0,0,0,119.0,187.0,-0.9749279121818236,-0.2225209339563146,-2.4492935982947064e-16,1.0,-0.9884683243281114,0.15142777750457667,737
2022-12-25,15469000,28,28,7,13,552464.2857142857,275000.0,5000000,10,18,6,25,51,12,4,2022,1,0,0,0,118.0,186.0,-0.7818314824680299,0.6234898018587334,-2.4492935982947064e-16,1.0,-0.9377521321470804,0.3473052528448203,738
2022-12-26,25170297,52,49,11,13,484044.17307692306,300000.0,3000000,16,33,0,26,52,12,4,2022,0,0,0,0,117.0,185.0,0.0,1.0,-2.4492935982947064e-16,1.0,-0.848644257494751,0.5289640103269624,739
2022-12-27,18323732,31,30,10,7,591088.1290322581,300000.0,5256982,10,20,1,27,52,12,4,2022,0,0,0,0,116.0,184.0,0.7818314824680298,0.6234898018587336,-2.4492935982947064e-16,1.0,-0.72479278722912,0.6889669190756865,740
2022-12-28,46768511,43,42,11,13,1087639.7906976745,300000.0,20000000,17,25,2,28,52,12,4,2022,0,0,0,0,115.0,183.0,0.9749279121818236,-0.22252093395631434,-2.4492935982947064e-16,1.0,-0.5712682150947924,0.8207634412072763,741
2022-12-29,10244000,31,30,7,8,330451.6129032258,300000.0,1200000,10,20,3,29,52,12,4,2022,0,0,0,0,114.0,182.0,0.43388373911755823,-0.900968867902419,-2.4492935982947064e-16,1.0,-0.3943558551133187,0.9189578116202306,742
2022-12-30,44415298,88,85,13,13,504719.29545454547,300000.0,12241278,23,62,4,30,52,12,4,2022,0,0,0,0,113.0,181.0,-0.433883739117558,-0.9009688679024191,-2.4492935982947064e-16,1.0,-0.20129852008866114,0.9795299412524943,743
2022-12-31,11430000,41,39,9,8,278780.48780487804,300000.0,1000000,10,29,5,31,52,12,4,2022,1,1,0,0,112.0,180.0,-0.9749279121818236,-0.2225209339563146,-2.4492935982947064e-16,1.0,-2.4492935982947064e-16,1.0,744
2023-01-01,21984742,19,19,5,10,1157091.6842105263,229000.0,18047350,7,12,6,1,52,1,1,2023,1,0,1,0,111.0,179.0,-0.7818314824680299,0.6234898018587334,0.49999999999999994,0.8660254037844387,0.20129852008866006,0.9795299412524945,745
2023-01-02,27963435,84,82,11,12,332898.03571428574,300000.0,1550000,33,49,0,2,1,1,1,2023,0,0,0,0,110.0,178.0,0.0,1.0,0.49999999999999994,0.8660254037844387,0.39435585511331855,0.9189578116202306,746
2023-01-03,27033481,72,67,11,14,375465.0138888889,300000.0,5400000,11,56,1,3,1,1,1,2023,0,0,0,0,109.0,177.0,0.7818314824680298,0.6234898018587336,0.49999999999999994,0.8660254037844387,0.5712682150947923,0.8207634412072763,747
2023-01-04,34808384,69,68,9,13,504469.3333333333,300000.0,9000000,14,54,2,4,1,1,1,2023,0,0,0,0,108.0,176.0,0.9749279121818236,-0.22252093395631434,0.49999999999999994,0.8660254037844387,0.7247927872291199,0.6889669190756866,748
2023-01-05,16697023,55,55,7,9,303582.2363636364,300000.0,1500000,9,46,3,5,1,1,1,2023,0,0,0,0,107.0,175.0,0.43388373911755823,-0.900968867902419,0.49999999999999994,0.8660254037844387,0.8486442574947509,0.5289640103269624,749
2023-01-06,32098278,81,73,13,10,396275.037037037,300000.0,5000000,15,58,4,6,1,1,1,2023,0,0,0,0,106.0,174.0,-0.433883739117558,-0.9009688679024191,0.49999999999999994,0.8660254037844387,0.9377521321470804,0.3473052528448203,750
2023-01-07,18677540,40,30,16,12,466938.5,300000.0,1282540,7,23,5,7,1,1,1,2023,1,0,0,0,105.0,173.0,-0.9749279121818236,-0.2225209339563146,0.49999999999999994,0.8660254037844387,0.9884683243281114,0.1514277775045767,751
2023-01-08,10741824,37,35,6,9,290319.5675675676,300000.0,1631824,14,21,6,8,1,1,1,2023,1,0,0,0,104.0,172.0,-0.7818314824680299,0.6234898018587334,0.49999999999999994,0.8660254037844387,0.9987165071710528,-0.05064916883871264,752
2023-01-09,18342000,33,29,7,11,555818.1818181818,300000.0,5000000,8,21,0,9,2,1,1,2023,0,0,0,0,103.0,171.0,0.0,1.0,0.49999999999999994,0.8660254037844387,0.9680771188662043,-0.2506525322587204,753
2023-01-10,18313993,55,54,9,11,332981.6909090909,300000.0,4000000,13,41,1,10,2,1,1,2023,0,0,0,0,102.0,170.0,0.7818314824680298,0.6234898018587336,0.49999999999999994,0.8660254037844387,0.8978045395707416,-0.4403941515576344,754
2023-01-11,10052500,33,32,9,9,304621.2121212121,300000.0,2112500,5,27,2,11,2,1,1,2023,0,0,0,0,101.0,169.0,0.9749279121818236,-0.22252093395631434,0.49999999999999994,0.8660254037844387,0.7907757369376989,-0.6121059825476626,755
2023-01-12,14479600,22,22,4,6,658163.6363636364,300000.0,8719600,8,14,3,12,2,1,1,2023,0,0,0,0,100.0,168.0,0.43388373911755823,-0.900968867902419,0.49999999999999994,0.8660254037844387,0.6513724827222223,-0.7587581226927909,756
2023-01-13,12628000,51,48,13,10,247607.8431372549,225000.0,1188000,9,39,4,13,2,1,1,2023,0,0,0,0,99.0,167.0,-0.433883739117558,-0.9009688679024191,0.49999999999999994,0.8660254037844387,0.48530196253108104,-0.8743466161445821,757
2023-01-14,6734000,12,12,6,7,561166.6666666666,300000.0,2500000,3,9,5,14,2,1,1,2023,1,0,0,0,98.0,166.0,-0.9749279121818236,-0.2225209339563146,0.49999999999999994,0.8660254037844387,0.29936312297335804,-0.9541392564000488,758
2023-01-15,3274400,9,9,4,4,363822.22222222225,300000.0,1336900,3,6,6,15,2,1,1,2023,1,0,0,0,97.0,165.0,-0.7818314824680299,0.6234898018587334,0.49999999999999994,0.8660254037844387,0.10116832198743272,-0.994869323391895,759
2023-01-16,15159846,32,31,4,11,473745.1875,300000.0,3060000,6,25,0,16,3,1,1,2023,0,0,0,0,96.0,164.0,0.0,1.0,0.49999999999999994,0.8660254037844387,-0.10116832198743204,-0.9948693233918952,760
2023-01-17,24550000,42,39,9,9,584523.8095238095,300000.0,4500000,18,21,1,17,3,1,1,2023,0,0,0,0,95.0,163.0,0.7818314824680298,0.6234898018587336,0.49999999999999994,0.8660254037844387,-0.2993631229733582,-0.9541392564000488,761
2023-01-18,4870000,15,15,6,7,324666.6666666667,300000.0,1000000,3,12,2,18,3,1,1,2023,0,0,0,0,94.0,162.0,0.9749279121818236,-0.22252093395631434,0.49999999999999994,0.8660254037844387,-0.4853019625310808,-0.8743466161445822,762
2023-01-19,9432000,28,27,5,9,336857.14285714284,300000.0,1000000,6,21,3,19,3,1,1,2023,0,0,0,0,93.0,161.0,0.43388373911755823,-0.900968867902419,0.49999999999999994,0.8660254037844387,-0.651372482722222,-0.7587581226927911,763
2023-01-20,23973720,44,43,9,11,544857.2727272727,300000.0,5358720,16,27,4,20,3,1,1,2023,0,0,0,0,92.0,160.0,-0.433883739117558,-0.9009688679024191,0.49999999999999994,0.8660254037844387,-0.7907757369376986,-0.6121059825476627,764
2023-01-21,7859745,28,26,6,9,280705.1785714286,300000.0,1106645,10,16,5,21,3,1,1,2023,1,0,0,0,91.0,159.0,-0.9749279121818236,-0.2225209339563146,0.49999999999999994,0.8660254037844387,-0.8978045395707417,-0.44039415155763423,765
2023-01-22,3855000,17,17,4,6,226764.70588235295,300000.0,300000,5,12,6,22,3,1,1,2023,1,0,0,0,90.0,158.0,-0.7818314824680299,0.6234898018587334,0.49999999999999994,0.8660254037844387,-0.9680771188662041,-0.2506525322587213,766
2023-01-23,3100000,10,8,5,6,310000.0,225000.0,650000,2,6,0,23,4,1,1,2023,0,0,0,0,89.0,157.0,0.0,1.0,0.49999999999999994,0.8660254037844387,-0.9987165071710528,-0.05064916883871355,767
2023-01-24,103743805,62,60,8,10,1673287.177419355,300000.0,37078518,16,44,1,24,4,1,1,2023,0,0,0,0,88.0,156.0,0.7818314824680298,0.6234898018587336,0.49999999999999994,0.8660254037844387,-0.9884683243281114,0.15142777750457667,768
2023-01-25,23316289,49,48,7,10,475842.63265306124,300000.0,2350000,8,40,2,25,4,1,1,2023,0,0,0,0,87.0,155.0,0.9749279121818236,-0.22252093395631434,0.49999999999999994,0.8660254037844387,-0.9377521321470804,0.3473052528448203,769
2023-01-26,22560818,57,54,8,13,395803.8245614035,300000.0,2750000,14,40,3,26,4,1,1,2023,0,0,0,0,86.0,154.0,0.43388373911755823,-0.900968867902419,0.49999999999999994,0.8660254037844387,-0.848644257494751,0.5289640103269624,770
2023-01-27,50608854,96,91,17,13,527175.5625,200000.0,11000000,19,72,4,27,4,1,1,2023,0,0,0,0,85.0,153.0,-0.433883739117558,-0.9009688679024191,0.49999999999999994,0.8660254037844387,-0.72479278722912,0.6889669190756865,771
2023-01-28,10430550,32,32,8,7,325954.6875,300000.0,729600,8,24,5,28,4,1,1,2023,1,0,0,0,84.0,152.0,-0.9749279121818236,-0.2225209339563146,0.49999999999999994,0.8660254037844387,-0.5712682150947924,0.8207634412072763,772
2023-01-29,14423000,46,46,4,11,313543.47826086957,300000.0,1500000,11,35,6,29,4,1,1,2023,1,0,0,0,83.0,151.0,-0.7818314824680299,0.6234898018587334,0.49999999999999994,0.8660254037844387,-0.3943558551133187,0.9189578116202306,773
2023-01-30,16387033,41,39,12,14,399683.73170731706,300000.0,5000000,15,24,0,30,5,1,1,2023,0,0,0,0,82.0,150.0,0.0,1.0,0.49999999999999994,0.8660254037844387,-0.20129852008866114,0.9795299412524943,774
2023-01-31,26396155,41,40,8,12,643808.6585365854,300000.0,3000000,12,28,1,31,5,1,1,2023,0,1,0,0,81.0,149.0,0.7818314824680298,0.6234898018587336,0.49999999999999994,0.8660254037844387,-2.4492935982947064e-16,1.0,775
2023-02-01,16459143,53,49,12,13,310549.8679245283,300000.0,1010000,8,41,2,1,5,2,1,2023,0,0,1,0,80.0,148.0,0.9749279121818236,-0.22252093395631434,0.8660254037844386,0.5000000000000001,0.20129852008866006,0.9795299412524945,776
2023-02-02,15380605,46,38,10,11,334360.97826086957,300000.0,2505000,9,29,3,2,5,2,1,2023,0,0,0,0,79.0,147.0,0.43388373911755823,-0.900968867902419,0.8660254037844386,0.5000000000000001,0.39435585511331855,0.9189578116202306,777
2023-02-03,25658861,75,72,12,11,342118.14666666667,300000.0,4451823,15,57,4,3,5,2,1,2023,0,0,0,0,78.0,146.0,-0.433883739117558,-0.9009688679024191,0.8660254037844386,0.5000000000000001,0.5712682150947923,0.8207634412072763,778
2023-02-04,18190000,62,60,10,14,293387.0967741936,300000.0,1000000,24,36,5,4,5,2,1,2023,1,0,0,0,77.0,145.0,-0.9749279121818236,-0.2225209339563146,0.8660254037844386,0.5000000000000001,0.7247927872291199,0.6889669190756866,779
2023-02-05,9506500,34,34,5,9,279602.9411764706,300000.0,600000,5,29,6,5,5,2,1,2023,1,0,0,0,76.0,144.0,-0.7818314824680299,0.6234898018587334,0.8660254037844386,0.5000000000000001,0.8486442574947509,0.5289640103269624,780
2023-02-06,13625625,50,48,9,11,272512.5,300000.0,707000,6,42,0,6,6,2,1,2023,0,0,0,0,75.0,143.0,0.0,1.0,0.8660254037844386,0.5000000000000001,0.9377521321470804,0.3473052528448203,781
2023-02-07,30292677,96,95,9,15,315548.71875,300000.0,3000000,32,63,1,7,6,2,1,2023,0,0,0,0,74.0,142.0,0.7818314824680298,0.6234898018587336,0.8660254037844386,0.5000000000000001,0.9884683243281114,0.1514277775045767,782
2023-02-08,41304023,128,124,11,16,322687.6796875,300000.0,3000000,51,73,2,8,6,2,1,2023,0,0,0,0,73.0,141.0,0.9749279121818236,-0.22252093395631434,0.8660254037844386,0.5000000000000001,0.9987165071710528,-0.05064916883871264,783
2023-02-09,46985884,97,92,9,16,484390.55670103093,300000.0,5000000,42,50,3,9,6,2,1,2023,0,0,0,0,72.0,140.0,0.43388373911755823,-0.900968867902419,0.8660254037844386,0.5000000000000001,0.9680771188662043,-0.2506525322587204,784
2023-02-10,53863000,160,150,15,15,336643.75,225000.0,3000000,55,95,4,10,6,2,1,2023,0,0,0,0,71.0,139.0,-0.433883739117558,-0.9009688679024191,0.8660254037844386,0.5000000000000001,0.8978045395707416,-0.4403941515576344,785
2023-02-11,37571391,100,90,11,16,375713.91,300000.0,3902390,36,54,5,11,6,2,1,2023,1,0,0,0,70.0,138.0,-0.9749279121818236,-0.2225209339563146,0.8660254037844386,0.5000000000000001,0.7907757369376989,-0.6121059825476626,786
2023-02-12,24479769,85,85,7,13,287997.28235294117,300000.0,1000000,32,53,6,12,6,2,1,2023,1,0,0,0,69.0,137.0,-0.7818314824680299,0.6234898018587334,0.8660254037844386,0.5000000000000001,0.6513724827222223,-0.7587581226927909,787
2023-02-13,26769650,64,61,5,14,418275.78125,300000.0,4069900,23,38,0,13,7,2,1,2023,0,0,0,0,68.0,136.0,0.0,1.0,0.8660254037844386,0.5000000000000001,0.48530196253108104,-0.8743466161445821,788
2023-02-14,33217262,56,55,10,15,593165.3928571428,300000.0,15000000,21,34,1,14,7,2,1,2023,0,0,0,0,67.0,135.0,0.7818314824680298,0.6234898018587336,0.8660254037844386,0.5000000000000001,0.29936312297335804,-0.9541392564000488,789
2023-02-15,26197000,66,58,7,14,396924.24242424243,300000.0,5000000,15,43,2,15,7,2,1,2023,0,0,0,0,66.0,134.0,0.9749279121818236,-0.22252093395631434,0.8660254037844386,0.5000000000000001,0.10116832198743272,-0.994869323391895,790
2023-02-16,14503846,43,39,6,15,337298.74418604653,300000.0,2100000,9,30,3,16,7,2,1,2023,0,0,0,0,65.0,133.0,0.43388373911755823,-0.900968867902419,0.8660254037844386,0.5000000000000001,-0.10116832198743204,-0.9948693233918952,791
2023-02-17,39489468,77,76,12,17,512850.2337662338,300000.0,5700000,25,51,4,17,7,2,1,2023,0,0,0,0,64.0,132.0,-0.433883739117558,-0.9009688679024191,0.8660254037844386,0.5000000000000001,-0.2993631229733582,-0.9541392564000488,792
2023-02-18,14371000,34,34,7,15,422676.4705882353,300000.0,3000000,16,18,5,18,7,2,1,2023,1,0,0,0,63.0,131.0,-0.9749279121818236,-0.2225209339563146,0.8660254037844386,0.5000000000000001,-0.4853019625310808,-0.8743466161445822,793
2023-02-19,12222832,44,41,8,13,277791.63636363635,300000.0,1000000,17,24,6,19,7,2,1,2023,1,0,0,0,62.0,130.0,-0.7818314824680299,0.6234898018587334,0.8660254037844386,0.5000000000000001,-0.651372482722222,-0.7587581226927911,794
2023-02-20,36715000,72,69,8,14,509930.55555555556,300000.0,3500000,21,48,0,20,8,2,1,2023,0,0,0,0,61.0,129.0,0.0,1.0,0.8660254037844386,0.5000000000000001,-0.7907757369376986,-0.6121059825476627,795
2023-02-21,52706208,71,57,9,12,742340.9577464788,300000.0,8924200,27,30,1,21,8,2,1,2023,0,0,0,0,60.0,128.0,0.7818314824680298,0.6234898018587336,0.8660254037844386,0.5000000000000001,-0.8978045395707417,-0.44039415155763423,796
2023-02-22,23286712,62,58,10,15,375592.12903225806,300000.0,3275212,13,45,2,22,8,2,1,2023,0,0,0,0,59.0,127.0,0.9749279121818236,-0.22252093395631434,0.8660254037844386,0.5000000000000001,-0.9680771188662041,-0.2506525322587213,797
2023-02-23,8027181,27,26,5,13,297303.0,300000.0,1510000,9,17,3,23,8,2,1,2023,0,0,0,0,58.0,126.0,0.43388373911755823,-0.900968867902419,0.8660254037844386,0.5000000000000001,-0.9987165071710528,-0.05064916883871355,798
2023-02-24,36028743,108,99,17,17,333599.47222222225,300000.0,2000000,27,72,4,24,8,2,1,2023,0,0,0,0,57.0,125.0,-0.433883739117558,-0.9009688679024191,0.8660254037844386,0.5000000000000001,-0.9884683243281114,0.15142777750457667,799
2023-02-25,27752977,69,68,8,15,402217.05797101447,300000.0,3294077,13,55,5,25,8,2,1,2023,1,0,0,0,56.0,124.0,-0.9749279121818236,-0.2225209339563146,0.8660254037844386,0.5000000000000001,-0.9377521321470804,0.3473052528448203,800
2023-02-26,20391979,61,59,7,14,334294.737704918,300000.0,3502479,13,46,6,26,8,2,1,2023,1,0,0,0,55.0,123.0,-0.7818314824680299,0.6234898018587334,0.8660254037844386,0.5000000000000001,-0.848644257494751,0.5289640103269624,801
2023-02-27,66355752,150,141,10,18,442371.68,300000.0,15000000,40,101,0,27,9,2,1,2023,0,0,0,0,54.0,122.0,0.0,1.0,0.8660254037844386,0.5000000000000001,-0.72479278722912,0.6889669190756865,802
2023-02-28,62466400,185,182,11,18,337656.2162162162,300000.0,5000000,43,139,1,28,9,2,1,2023,0,1,0,0,53.0,121.0,0.7818314824680298,0.6234898018587336,0.8660254037844386,0.5000000000000001,-0.5712682150947924,0.8207634412072763,803
2023-03-01,27644697,85,76,14,15,325231.7294117647,300000.0,3000000,27,49,2,1,9,3,1,2023,0,0,1,0,52.0,120.0,0.9749279121818236,-0.22252093395631434,1.0,6.123233995736766e-17,0.20129852008866006,0.9795299412524945,804
2023-03-02,45504282,131,127,13,16,347360.93129770993,300000.0,3600000,49,78,3,2,9,3,1,2023,0,0,0,0,51.0,119.0,0.43388373911755823,-0.900968867902419,1.0,6.123233995736766e-17,0.39435585511331855,0.9189578116202306,805
2023-03-03,44193495,151,116,13,15,292672.15231788077,300000.0,3500000,38,78,4,3,9,3,1,2023,0,0,0,0,50.0,118.0,-0.433883739117558,-0.9009688679024191,1.0,6.123233995736766e-17,0.5712682150947923,0.8207634412072763,806
2023-03-04,34588500,70,61,9,12,494121.4285714286,300000.0,15000000,29,32,5,4,9,3,1,2023,1,0,0,0,49.0,117.0,-0.9749279121818236,-0.2225209339563146,1.0,6.123233995736766e-17,0.7247927872291199,0.6889669190756866,807
2023-03-05,16883461,62,54,7,12,272313.8870967742,300000.0,525000,15,39,6,5,9,3,1,2023,1,0,0,0,48.0,116.0,-0.7818314824680299,0.6234898018587334,1.0,6.123233995736766e-17,0.8486442574947509,0.5289640103269624,808
2023-03-06,38286848,83,81,13,15,461287.3253012048,300000.0,5500000,30,51,0,6,10,3,1,2023,0,0,0,0,47.0,115.0,0.0,1.0,1.0,6.123233995736766e-17,0.9377521321470804,0.3473052528448203,809
2023-03-07,29075495,65,65,12,14,447315.3076923077,300000.0,4046370,34,31,1,7,10,3,1,2023,0,0,0,0,46.0,114.0,0.7818314824680298,0.6234898018587336,1.0,6.123233995736766e-17,0.9884683243281114,0.1514277775045767,810
2023-03-08,4905000,23,23,8,10,213260.86956521738,300000.0,525000,7,16,2,8,10,3,1,2023,0,0,0,0,45.0,113.0,0.9749279121818236,-0.22252093395631434,1.0,6.123233995736766e-17,0.9987165071710528,-0.05064916883871264,811
2023-03-09,12677770,40,38,15,12,316944.25,150000.0,2500000,17,21,3,9,10,3,1,2023,0,0,0,0,44.0,112.0,0.43388373911755823,-0.900968867902419,1.0,6.123233995736766e-17,0.9680771188662043,-0.2506525322587204,812
2023-03-10,14171625,60,53,14,16,236193.75,200000.0,1080000,16,37,4,10,10,3,1,2023,0,0,0,0,43.0,111.0,-0.433883739117558,-0.9009688679024191,1.0,6.123233995736766e-17,0.8978045395707416,-0.4403941515576344,813
2023-03-11,12548988,21,17,12,9,597570.8571428572,150000.0,6648988,2,15,5,11,10,3,1,2023,1,0,0,0,42.0,110.0,-0.9749279121818236,-0.2225209339563146,1.0,6.123233995736766e-17,0.7907757369376989,-0.6121059825476626,814
2023-03-12,9310000,17,15,7,9,547647.0588235294,211000.0,6000000,7,8,6,12,10,3,1,2023,1,0,0,0,41.0,109.0,-0.7818314824680299,0.6234898018587334,1.0,6.123233995736766e-17,0.6513724827222223,-0.7587581226927909,815
2023-03-13,11055832,35,34,9,7,315880.9142857143,111000.0,3200000,4,30,0,13,11,3,1,2023,0,0,0,0,40.0,108.0,0.0,1.0,1.0,6.123233995736766e-17,0.48530196253108104,-0.8743466161445821,816
2023-03-14,9828512,26,26,8,9,378019.6923076923,300000.0,1050000,9,17,1,14,11,3,1,2023,0,0,0,0,39.0,107.0,0.7818314824680298,0.6234898018587336,1.0,6.123233995736766e-17,0.29936312297335804,-0.9541392564000488,817
2023-03-15,7113846,14,14,7,8,508131.85714285716,300000.0,3500000,6,8,2,15,11,3,1,2023,0,0,0,0,38.0,106.0,0.9749279121818236,-0.22252093395631434,1.0,6.123233995736766e-17,0.10116832198743272,-0.994869323391895,818
2023-03-16,12066500,13,12,6,7,928192.3076923077,487500.0,5000000,4,8,3,16,11,3,1,2023,0,0,0,0,37.0,105.0,0.43388373911755823,-0.900968867902419,1.0,6.123233995736766e-17,-0.10116832198743204,-0.9948693233918952,819
2023-03-17,19599650,54,53,12,11,362956.48148148146,150000.0,9301250,36,17,4,17,11,3,1,2023,0,0,0,0,36.0,104.0,-0.433883739117558,-0.9009688679024191,1.0,6.123233995736766e-17,-0.2993631229733582,-0.9541392564000488,820
2023-03-18,3557261,11,11,7,5,323387.36363636365,200000.0,1260000,3,8,5,18,11,3,1,2023,1,0,0,0,35.0,103.0,-0.9749279121818236,-0.2225209339563146,1.0,6.123233995736766e-17,-0.4853019625310808,-0.8743466161445822,821
2023-03-19,6743859,9,8,4,3,749317.6666666666,225000.0,5000000,3,5,6,19,11,3,1,2023,1,0,0,0,34.0,102.0,-0.7818314824680299,0.6234898018587334,1.0,6.123233995736766e-17,-0.651372482722222,-0.7587581226927911,822
2023-03-20,16490000,27,26,7,8,610740.7407407408,300000.0,6000000,9,17,0,20,12,3,1,2023,0,0,0,0,33.0,101.0,0.0,1.0,1.0,6.123233995736766e-17,-0.7907757369376986,-0.6121059825476627,823
2023-03-21,7972500,26,25,9,9,306634.6153846154,165000.0,3000000,13,12,1,21,12,3,1,2023,0,0,0,0,32.0,100.0,0.7818314824680298,0.6234898018587336,1.0,6.123233995736766e-17,-0.8978045395707417,-0.44039415155763423,824
2023-03-22,27644802,29,28,10,8,953269.0344827586,300000.0,10000000,15,13,2,22,12,3,1,2023,0,0,0,0,31.0,99.0,0.9749279121818236,-0.22252093395631434,1.0,6.123233995736766e-17,-0.9680771188662041,-0.2506525322587213,825
2023-03-23,15919015,63,55,14,14,252682.77777777778,50000.0,5000000,31,24,3,23,12,3,1,2023,0,0,0,1,30.0,98.0,0.43388373911755823,-0.900968867902419,1.0,6.123233995736766e-17,-0.9987165071710528,-0.05064916883871355,826
2023-03-24,72899915,179,144,23,15,407262.09497206705,70000.0,15000000,61,83,4,24,12,3,1,2023,0,0,0,1,29.0,97.0,-0.433883739117558,-0.9009688679024191,1.0,6.123233995736766e-17,-0.9884683243281114,0.15142777750457667,827
2023-03-25,15834888,67,62,13,12,236341.61194029852,100000.0,5000000,19,43,5,25,12,3,1,2023,1,0,0,1,28.0,96.0,-0.9749279121818236,-0.2225209339563146,1.0,6.123233995736766e-17,-0.9377521321470804,0.3473052528448203,828
2023-03-26,18095902,60,53,14,15,301598.36666666664,152500.0,4000000,20,33,6,26,12,3,1,2023,1,0,0,1,27.0,95.0,-0.7818314824680299,0.6234898018587334,1.0,6.123233995736766e-17,-0.848644257494751,0.5289640103269624,829
2023-03-27,30927496,131,102,21,14,236087.75572519083,50000.0,5000000,58,44,0,27,13,3,1,2023,0,0,0,1,26.0,94.0,0.0,1.0,1.0,6.123233995736766e-17,-0.72479278722912,0.6889669190756865,830
2023-03-28,37031000,112,92,24,15,330633.9285714286,77500.0,3000000,40,52,1,28,13,3,1,2023,0,0,0,1,25.0,93.0,0.7818314824680298,0.6234898018587336,1.0,6.123233995736766e-17,-0.5712682150947924,0.8207634412072763,831
2023-03-29,83174250,93,69,22,13,894346.7741935484,50000.0,29288000,25,44,2,29,13,3,1,2023,0,0,0,1,24.0,92.0,0.9749279121818236,-0.22252093395631434,1.0,6.123233995736766e-17,-0.3943558551133187,0.9189578116202306,832
2023-03-30,56127218,120,91,19,13,467726.81666666665,50000.0,15000000,39,52,3,30,13,3,1,2023,0,0,0,1,23.0,91.0,0.43388373911755823,-0.900968867902419,1.0,6.123233995736766e-17,-0.20129852008866114,0.9795299412524943,833
2023-03-31,167632548,226,185,25,17,741736.9380530973,100000.0,30000000,94,91,4,31,13,3,1,2023,0,1,0,1,22.0,90.0,-0.433883739117558,-0.9009688679024191,1.0,6.123233995736766e-17,-2.4492935982947064e-16,1.0,834
2023-04-01,53689374,116,92,17,15,462839.4310344828,100000.0,25000000,43,49,5,1,13,4,2,2023,1,0,1,1,21.0,89.0,-0.9749279121818236,-0.2225209339563146,0.8660254037844387,-0.4999999999999998,0.20129852008866006,0.9795299412524945,835
2023-04-02,63938198,129,112,24,14,495644.94573643414,100000.0,13190000,53,59,6,2,13,4,2,2023,1,0,0,1,20.0,88.0,-0.7818314824680299,0.6234898018587334,0.8660254037844387,-0.4999999999999998,0.39435585511331855,0.9189578116202306,836
2023-04-03,73934823,144,109,23,15,513436.2708333333,100000.0,10000000,52,57,0,3,14,4,2,2023,0,0,0,1,19.0,87.0,0.0,1.0,0.8660254037844387,-0.4999999999999998,0.5712682150947923,0.8207634412072763,837
2023-04-04,125130537,165,130,29,15,758366.8909090909,50000.0,36018919,73,57,1,4,14,4,2,2023,0,0,0,1,18.0,86.0,0.7818314824680298,0.6234898018587336,0.8660254037844387,-0.4999999999999998,0.7247927872291199,0.6889669190756866,838
2023-04-05,175611464,194,148,27,14,905213.7319587629,100000.0,20000000,82,66,2,5,14,4,2,2023,0,0,0,1,17.0,85.0,0.9749279121818236,-0.22252093395631434,0.8660254037844387,-0.4999999999999998,0.8486442574947509,0.5289640103269624,839
2023-04-06,71277500,164,129,26,13,434618.9024390244,90000.0,10000000,67,62,3,6,14,4,2,2023,0,0,0,1,16.0,84.0,0.43388373911755823,-0.900968867902419,0.8660254037844387,-0.4999999999999998,0.9377521321470804,0.3473052528448203,840
2023-04-07,214804775,380,287,35,14,565275.7236842106,142500.0,15000000,171,116,4,7,14,4,2,2023,0,0,0,1,15.0,83.0,-0.433883739117558,-0.9009688679024191,0.8660254037844387,-0.4999999999999998,0.9884683243281114,0.1514277775045767,841
2023-04-08,127780168,168,116,26,14,760596.2380952381,50000.0,26000000,61,55,5,8,14,4,2,2023,1,0,0,1,14.0,82.0,-0.9749279121818236,-0.2225209339563146,0.8660254037844387,-0.4999999999999998,0.9987165071710528,-0.05064916883871264,842
2023-04-09,203284800,110,91,24,14,1848043.6363636365,250000.0,60000000,50,41,6,9,14,4,2,2023,1,0,0,1,13.0,81.0,-0.7818314824680299,0.6234898018587334,0.8660254037844387,-0.4999999999999998,0.9680771188662043,-0.2506525322587204,843
2023-04-10,393270807,229,185,24,16,1717339.768558952,133900.0,111000000,99,86,0,10,15,4,2,2023,0,0,0,1,12.0,80.0,0.0,1.0,0.8660254037844387,-0.4999999999999998,0.8978045395707416,-0.4403941515576344,844
2023-04-11,209786606,343,287,31,17,611622.7580174927,150000.0,20000000,165,122,1,11,15,4,2,2023,0,0,0,1,11.0,79.0,0.7818314824680298,0.6234898018587336,0.8660254037844387,-0.4999999999999998,0.7907757369376989,-0.6121059825476626,845
2023-04-12,375012383,402,330,34,15,932866.6243781095,125250.0,25000000,194,136,2,12,15,4,2,2023,0,0,0,1,10.0,78.0,0.9749279121818236,-0.22252093395631434,0.8660254037844387,-0.4999999999999998,0.6513724827222223,-0.7587581226927909,846
2023-04-13,332115376,504,380,38,16,658959.0793650794,100000.0,15000000,235,145,3,13,15,4,2,2023,0,0,0,1,9.0,77.0,0.43388373911755823,-0.900968867902419,0.8660254037844387,-0.4999999999999998,0.48530196253108104,-0.8743466161445821,847
2023-04-14,544626524,647,499,46,16,841772.0618238022,109350.0,78000000,300,199,4,14,15,4,2,2023,0,0,0,1,8.0,76.0,-0.433883739117558,-0.9009688679024191,0.8660254037844387,-0.4999999999999998,0.29936312297335804,-0.9541392564000488,848
2023-04-15,617019332,615,482,31,17,1003283.4666666667,150000.0,60000000,263,219,5,15,15,4,2,2023,1,0,0,1,7.0,75.0,-0.9749279121818236,-0.2225209339563146,0.8660254037844387,-0.4999999999999998,0.10116832198743272,-0.994869323391895,849
2023-04-16,375193862,676,504,41,17,555020.5059171597,150000.0,25000000,310,194,6,16,15,4,2,2023,1,0,0,1,6.0,74.0,-0.7818314824680299,0.6234898018587334,0.8660254037844387,-0.4999999999999998,-0.10116832198743204,-0.9948693233918952,850
2023-04-17,662622355,983,745,44,18,674081.7446592065,150000.0,25000000,473,272,0,17,16,4,2,2023,0,0,0,1,5.0,73.0,0.0,1.0,0.8660254037844387,-0.4999999999999998,-0.2993631229733582,-0.9541392564000488,851
2023-04-18,662732178,956,705,45,16,693234.4958158996,150000.0,25000000,437,268,1,18,16,4,2,2023,0,0,0,1,4.0,72.0,0.7818314824680298,0.6234898018587336,0.8660254037844387,-0.4999999999999998,-0.4853019625310808,-0.8743466161445822,852
2023-04-19,645934070,1039,745,43,17,621688.22906641,135000.0,25000000,487,258,2,19,16,4,2,2023,0,0,0,1,3.0,71.0,0.9749279121818236,-0.22252093395631434,0.8660254037844387,-0.4999999999999998,-0.651372482722222,-0.7587581226927911,853
2023-04-20,605258635,1015,746,47,18,596313.9261083744,135000.0,20000000,485,261,3,20,16,4,2,2023,0,0,0,1,2.0,70.0,0.43388373911755823,-0.900968867902419,0.8660254037844387,-0.4999999999999998,-0.7907757369376986,-0.6121059825476627,854
2023-04-21,267320270,419,314,38,16,637995.8711217184,150000.0,12000000,185,129,4,21,16,4,2,2023,0,0,0,1,1.0,69.0,-0.433883739117558,-0.9009688679024191,0.8660254037844387,-0.4999999999999998,-0.8978045395707417,-0.44039415155763423,855
2023-04-22,5235000,25,23,10,9,209400.0,90000.0,1500000,16,7,5,22,16,4,2,2023,1,0,0,0,0.0,68.0,-0.9749279121818236,-0.2225209339563146,0.8660254037844387,-0.4999999999999998,-0.9680771188662041,-0.2506525322587213,856
2023-04-23,10610000,11,10,6,6,964545.4545454546,300000.0,6000000,4,6,6,23,16,4,2,2023,1,0,0,0,353.0,67.0,-0.7818314824680299,0.6234898018587334,0.8660254037844387,-0.4999999999999998,-0.9987165071710528,-0.05064916883871355,857
2023-04-24,5264500,12,12,9,8,438708.3333333333,100000.0,2014500,7,5,0,24,17,4,2,2023,0,0,0,0,352.0,66.0,0.0,1.0,0.8660254037844387,-0.4999999999999998,-0.9884683243281114,0.15142777750457667,858
2023-04-25,7813776,14,14,7,7,558126.8571428572,37500.0,5000000,4,10,1,25,17,4,2,2023,0,0,0,0,351.0,65.0,0.7818314824680298,0.6234898018587336,0.8660254037844387,-0.4999999999999998,-0.9377521321470804,0.3473052528448203,859
2023-04-26,6941000,18,17,9,7,385611.1111111111,85000.0,2375000,4,13,2,26,17,4,2,2023,0,0,0,0,350.0,64.0,0.9749279121818236,-0.22252093395631434,0.8660254037844387,-0.4999999999999998,-0.848644257494751,0.5289640103269624,860
2023-04-27,18306396,18,18,10,10,1017022.0,196250.0,9691896,3,15,3,27,17,4,2,2023,0,0,0,0,349.0,63.0,0.43388373911755823,-0.900968867902419,0.8660254037844387,-0.4999999999999998,-0.72479278722912,0.6889669190756865,861
2023-04-28,13933800,41,29,12,9,339848.7804878049,100000.0,2500000,6,23,4,28,17,4,2,2023,0,0,0,0,348.0,62.0,-0.433883739117558,-0.9009688679024191,0.8660254037844387,-0.4999999999999998,-0.5712682150947924,0.8207634412072763,862
2023-04-29,3122000,13,13,7,7,240153.84615384616,56000.0,1000000,2,11,5,29,17,4,2,2023,1,0,0,0,347.0,61.0,-0.9749279121818236,-0.2225209339563146,0.8660254037844387,-0.4999999999999998,-0.3943558551133187,0.9189578116202306,863
2023-04-30,3819125,16,15,9,7,238695.3125,122500.0,1000000,2,13,6,30,17,4,2,2023,1,1,0,0,346.0,60.0,-0.7818314824680299,0.6234898018587334,0.8660254037844387,-0.4999999999999998,-0.20129852008866114,0.9795299412524943,864
2023-05-01,14595419,26,25,7,7,561362.2692307692,200000.0,3000000,8,17,0,1,18,5,2,2023,0,0,1,0,345.0,59.0,0.0,1.0,0.49999999999999994,-0.8660254037844387,0.20129852008866006,0.9795299412524945,865
2023-05-02,29928000,24,24,8,11,1247000.0,175000.0,22630000,2,22,1,2,18,5,2,2023,0,0,0,0,344.0,58.0,0.7818314824680298,0.6234898018587336,0.49999999999999994,-0.8660254037844387,0.39435585511331855,0.9189578116202306,866
2023-05-03,9492250,32,32,12,8,296632.8125,125000.0,2500000,5,27,2,3,18,5,2,2023,0,0,0,0,343.0,57.0,0.9749279121818236,-0.22252093395631434,0.49999999999999994,-0.8660254037844387,0.5712682150947923,0.8207634412072763,867
2023-05-04,7808100,35,32,11,10,223088.57142857142,50000.0,2000000,8,24,3,4,18,5,2,2023,0,0,0,0,342.0,56.0,0.43388373911755823,-0.900968867902419,0.49999999999999994,-0.8660254037844387,0.7247927872291199,0.6889669190756866,868
2023-05-05,10248330,63,53,11,11,162671.90476190476,50000.0,1500000,7,46,4,5,18,5,2,2023,0,0,0,0,341.0,55.0,-0.433883739117558,-0.9009688679024191,0.49999999999999994,-0.8660254037844387,0.8486442574947509,0.5289640103269624,869
2023-05-06,1637000,23,21,8,8,71173.91304347826,10000.0,500000,5,16,5,6,18,5,2,2023,1,0,0,0,340.0,54.0,-0.9749279121818236,-0.2225209339563146,0.49999999999999994,-0.8660254037844387,0.9377521321470804,0.3473052528448203,870
2023-05-07,5685800,22,21,8,5,258445.45454545456,10000.0,4000000,5,16,6,7,18,5,2,2023,1,0,0,0,339.0,53.0,-0.7818314824680299,0.6234898018587334,0.49999999999999994,-0.8660254037844387,0.9884683243281114,0.1514277775045767,871
2023-05-08,1700000,24,22,7,6,70833.33333333333,2000.0,1000000,8,14,0,8,19,5,2,2023,0,0,0,0,338.0,52.0,0.0,1.0,0.49999999999999994,-0.8660254037844387,0.9987165071710528,-0.05064916883871264,872
2023-05-09,13803103,45,38,15,9,306735.6222222222,5000.0,5000000,12,26,1,9,19,5,2,2023,0,0,0,0,337.0,51.0,0.7818314824680298,0.6234898018587336,0.49999999999999994,-0.8660254037844387,0.9680771188662043,-0.2506525322587204,873
2023-05-10,5761229,24,23,10,6,240051.20833333334,10000.0,2100000,7,16,2,10,19,5,2,2023,0,0,0,0,336.0,50.0,0.9749279121818236,-0.22252093395631434,0.49999999999999994,-0.8660254037844387,0.8978045395707416,-0.4403941515576344,874
2023-05-11,874000,21,17,10,3,41619.04761904762,3000.0,380000,4,13,3,11,19,5,2,2023,0,0,0,0,335.0,49.0,0.43388373911755823,-0.900968867902419,0.49999999999999994,-0.8660254037844387,0.7907757369376989,-0.6121059825476626,875
2023-05-12,26296134,68,49,14,9,386707.85294117645,6000.0,17000000,10,39,4,12,19,5,2,2023,0,0,0,0,334.0,48.0,-0.433883739117558,-0.9009688679024191,0.49999999999999994,-0.8660254037844387,0.6513724827222223,-0.7587581226927909,876
2023-05-13,5295484,45,40,10,6,117677.42222222222,1000.0,3100000,15,25,5,13,19,5,2,2023,1,0,0,0,333.0,47.0,-0.9749279121818236,-0.2225209339563146,0.49999999999999994,-0.8660254037844387,0.48530196253108104,-0.8743466161445821,877
2023-05-14,2156881,81,40,16,6,26628.16049382716,1000.0,600000,17,23,6,14,19,5,2,2023,1,0,0,0,332.0,46.0,-0.7818314824680299,0.6234898018587334,0.49999999999999994,-0.8660254037844387,0.29936312297335804,-0.9541392564000488,878
2023-05-15,2925836,142,59,14,8,20604.478873239437,1000.0,1000000,24,35,0,15,20,5,2,2023,0,0,0,0,331.0,45.0,0.0,1.0,0.49999999999999994,-0.8660254037844387,0.10116832198743272,-0.994869323391895,879
2023-05-16,17036020,28,27,11,6,608429.2857142857,10000.0,7000000,5,22,1,16,20,5,2,2023,0,0,0,0,330.0,44.0,0.7818314824680298,0.6234898018587336,0.49999999999999994,-0.8660254037844387,-0.10116832198743204,-0.9948693233918952,880
2023-05-17,5972100,25,24,11,6,238884.0,10000.0,2100000,6,18,2,17,20,5,2,2023,0,0,0,0,329.0,43.0,0.9749279121818236,-0.22252093395631434,0.49999999999999994,-0.8660254037844387,-0.2993631229733582,-0.9541392564000488,881
2023-05-18,31662500,31,29,15,7,1021370.9677419355,56000.0,13750000,12,17,3,18,20,5,2,2023,0,0,0,0,328.0,42.0,0.43388373911755823,-0.900968867902419,0.49999999999999994,-0.8660254037844387,-0.4853019625310808,-0.8743466161445822,882
2023-05-19,45151731,57,46,18,12,792135.6315789474,10000.0,25000000,16,30,4,19,20,5,2,2023,0,0,0,0,327.0,41.0,-0.433883739117558,-0.9009688679024191,0.49999999999999994,-0.8660254037844387,-0.651372482722222,-0.7587581226927911,883
2023-05-20,44411001,30,29,12,7,1480366.7,250000.0,13750000,11,18,5,20,20,5,2,2023,1,0,0,0,326.0,40.0,-0.9749279121818236,-0.2225209339563146,0.49999999999999994,-0.8660254037844387,-0.7907757369376986,-0.6121059825476627,884
2023-05-21,234000,12,12,5,4,19500.0,6500.0,115000,3,9,6,21,20,5,2,2023,1,0,0,0,325.0,39.0,-0.7818314824680299,0.6234898018587334,0.49999999999999994,-0.8660254037844387,-0.8978045395707417,-0.44039415155763423,885
2023-05-22,18514660,29,28,11,8,638436.551724138,56000.0,2100000,11,17,0,22,21,5,2,2023,0,0,0,0,324.0,38.0,0.0,1.0,0.49999999999999994,-0.8660254037844387,-0.9680771188662041,-0.2506525322587213,886
2023-05-23,14631000,28,25,11,6,522535.71428571426,7500.0,7500000,5,20,1,23,21,5,2,2023,0,0,0,0,323.0,37.0,0.7818314824680298,0.6234898018587336,0.49999999999999994,-0.8660254037844387,-0.9987165071710528,-0.05064916883871355,887
2023-05-24,30688500,25,22,13,4,1227540.0,56000.0,13750000,8,14,2,24,21,5,2,2023,0,0,0,0,322.0,36.0,0.9749279121818236,-0.22252093395631434,0.49999999999999994,-0.8660254037844387,-0.9884683243281114,0.15142777750457667,888
2023-05-25,56916701,42,42,13,13,1355159.5476190476,632500.0,14000000,6,36,3,25,21,5,2,2023,0,0,0,0,321.0,35.0,0.43388373911755823,-0.900968867902419,0.49999999999999994,-0.8660254037844387,-0.9377521321470804,0.3473052528448203,889
2023-05-26,41293974,84,67,20,12,491594.9285714286,100000.0,10000000,11,56,4,26,21,5,2,2023,0,0,0,0,320.0,34.0,-0.433883739117558,-0.9009688679024191,0.49999999999999994,-0.8660254037844387,-0.848644257494751,0.5289640103269624,890
2023-05-27,13113792,20,19,8,7,655689.6,441831.0,2750000,2,17,5,27,21,5,2,2023,1,0,0,0,319.0,33.0,-0.9749279121818236,-0.2225209339563146,0.49999999999999994,-0.8660254037844387,-0.72479278722912,0.6889669190756865,891
2023-05-28,10975000,7,7,3,5,1567857.142857143,545000.0,5700000,2,5,6,28,21,5,2,2023,1,0,0,0,318.0,32.0,-0.7818314824680299,0.6234898018587334,0.49999999999999994,-0.8660254037844387,-0.5712682150947924,0.8207634412072763,892
2023-05-29,11438000,16,16,8,8,714875.0,500000.0,2750000,1,15,0,29,22,5,2,2023,0,0,0,0,317.0,31.0,0.0,1.0,0.49999999999999994,-0.8660254037844387,-0.3943558551133187,0.9189578116202306,893
2023-05-30,10948000,21,20,4,5,521333.3333333333,250000.0,3500000,3,17,1,30,22,5,2,2023,0,0,0,0,316.0,30.0,0.7818314824680298,0.6234898018587336,0.49999999999999994,-0.8660254037844387,-0.20129852008866114,0.9795299412524943,894
2023-05-31,15794500,24,23,11,10,658104.1666666666,200000.0,4900000,3,20,2,31,22,5,2,2023,0,1,0,0,315.0,29.0,0.9749279121818236,-0.22252093395631434,0.49999999999999994,-0.8660254037844387,-2.4492935982947064e-16,1.0,895
2023-06-01,13268216,34,28,11,6,390241.64705882355,137500.0,4453000,6,22,3,1,22,6,2,2023,0,0,1,0,314.0,28.0,0.43388373911755823,-0.900968867902419,1.2246467991473532e-16,-1.0,0.20129852008866006,0.9795299412524945,896
2023-06-02,42150009,60,55,21,13,702500.15,150000.0,5000000,11,44,4,2,22,6,2,2023,0,0,0,0,313.0,27.0,-0.433883739117558,-0.9009688679024191,1.2246467991473532e-16,-1.0,0.39435585511331855,0.9189578116202306,897
2023-06-03,19366979,25,24,16,8,774679.16,100000.0,2500000,7,17,5,3,22,6,2,2023,1,0,0,0,312.0,26.0,-0.9749279121818236,-0.2225209339563146,1.2246467991473532e-16,-1.0,0.5712682150947923,0.8207634412072763,898
2023-06-04,27529000,34,27,12,10,809676.4705882353,53000.0,3300000,10,17,6,4,22,6,2,2023,1,0,0,0,311.0,25.0,-0.7818314824680299,0.6234898018587334,1.2246467991473532e-16,-1.0,0.7247927872291199,0.6889669190756866,899
2023-06-05,30101500,77,56,14,8,390928.5714285714,2000.0,3000000,24,32,0,5,23,6,2,2023,0,0,0,0,310.0,24.0,0.0,1.0,1.2246467991473532e-16,-1.0,0.8486442574947509,0.5289640103269624,900
2023-06-06,44562215,85,55,16,10,524261.35294117645,1000.0,4852200,16,39,1,6,23,6,2,2023,0,0,0,0,309.0,23.0,0.7818314824680298,0.6234898018587336,1.2246467991473532e-16,-1.0,0.9377521321470804,0.3473052528448203,901
2023-06-07,35846500,55,42,15,10,651754.5454545454,5000.0,2500000,16,26,2,7,23,6,2,2023,0,0,0,0,308.0,22.0,0.9749279121818236,-0.22252093395631434,1.2246467991473532e-16,-1.0,0.9884683243281114,0.1514277775045767,902
2023-06-08,26940000,37,33,13,9,728108.1081081082,25000.0,3500000,8,25,3,8,23,6,2,2023,0,0,0,0,307.0,21.0,0.43388373911755823,-0.900968867902419,1.2246467991473532e-16,-1.0,0.9987165071710528,-0.05064916883871264,903
2023-06-09,49038000,36,34,12,14,1362166.6666666667,450000.0,15000000,11,23,4,9,23,6,2,2023,0,0,0,0,306.0,20.0,-0.433883739117558,-0.9009688679024191,1.2246467991473532e-16,-1.0,0.9680771188662043,-0.2506525322587204,904
2023-06-10,25994503,20,20,8,6,1299725.15,1160500.0,2750000,7,13,5,10,23,6,2,2023,1,0,0,0,305.0,19.0,-0.9749279121818236,-0.2225209339563146,1.2246467991473532e-16,-1.0,0.8978045395707416,-0.4403941515576344,905
2023-06-11,23995000,12,11,9,6,1999583.3333333333,512500.0,15000000,1,10,6,11,23,6,2,2023,1,0,0,0,304.0,18.0,-0.7818314824680299,0.6234898018587334,1.2246467991473532e-16,-1.0,0.7907757369376989,-0.6121059825476626,906
2023-06-12,30609000,20,19,9,8,1530450.0,1781500.0,3500000,7,12,0,12,24,6,2,2023,0,0,0,0,303.0,17.0,0.0,1.0,1.2246467991473532e-16,-1.0,0.6513724827222223,-0.7587581226927909,907
2023-06-13,20305000,46,14,8,6,441413.04347826086,10000.0,2500000,6,8,1,13,24,6,2,2023,0,0,0,0,302.0,16.0,0.7818314824680298,0.6234898018587336,1.2246467991473532e-16,-1.0,0.48530196253108104,-0.8743466161445821,908
2023-06-14,25099000,18,17,10,5,1394388.888888889,1352000.0,3000000,6,11,2,14,24,6,2,2023,0,0,0,0,301.0,15.0,0.9749279121818236,-0.22252093395631434,1.2246467991473532e-16,-1.0,0.29936312297335804,-0.9541392564000488,909
2023-06-15,31610000,16,16,6,9,1975625.0,2250000.0,5100000,6,10,3,15,24,6,2,2023,0,0,0,0,300.0,14.0,0.43388373911755823,-0.900968867902419,1.2246467991473532e-16,-1.0,0.10116832198743272,-0.994869323391895,910
2023-06-16,55190300,57,53,14,11,968250.8771929825,200000.0,10000000,20,33,4,16,24,6,2,2023,0,0,0,0,299.0,13.0,-0.433883739117558,-0.9009688679024191,1.2246467991473532e-16,-1.0,-0.10116832198743204,-0.9948693233918952,911
2023-06-17,34820000,19,19,6,7,1832631.5789473683,2250000.0,3300000,9,10,5,17,24,6,2,2023,1,0,0,0,298.0,12.0,-0.9749279121818236,-0.2225209339563146,1.2246467991473532e-16,-1.0,-0.2993631229733582,-0.9541392564000488,912
2023-06-18,21375000,10,9,7,6,2137500.0,2500000.0,3500000,3,6,6,18,24,6,2,2023,1,0,0,0,297.0,11.0,-0.7818314824680299,0.6234898018587334,1.2246467991473532e-16,-1.0,-0.4853019625310808,-0.8743466161445822,913
2023-06-19,78355089,22,21,10,9,3561594.9545454546,2500000.0,20000000,14,7,0,19,25,6,2,2023,0,0,0,0,296.0,10.0,0.0,1.0,1.2246467991473532e-16,-1.0,-0.651372482722222,-0.7587581226927911,914
2023-06-20,19508269,13,13,9,9,1500636.076923077,1102500.0,3500000,6,7,1,20,25,6,2,2023,0,0,0,0,295.0,9.0,0.7818314824680298,0.6234898018587336,1.2246467991473532e-16,-1.0,-0.7907757369376986,-0.6121059825476627,915
2023-06-21,17881000,9,9,6,4,1986777.7777777778,2500000.0,3500000,4,5,2,21,25,6,2,2023,0,0,0,0,294.0,8.0,0.9749279121818236,-0.22252093395631434,1.2246467991473532e-16,-1.0,-0.8978045395707417,-0.44039415155763423,916
2023-06-22,23057000,15,15,11,9,1537133.3333333333,2000000.0,3100000,3,12,3,22,25,6,2,2023,0,0,0,0,293.0,7.0,0.43388373911755823,-0.900968867902419,1.2246467991473532e-16,-1.0,-0.9680771188662041,-0.2506525322587213,917
2023-06-23,46869500,52,46,14,13,901336.5384615385,387500.0,4500000,12,34,4,23,25,6,2,2023,0,0,0,0,292.0,6.0,-0.433883739117558,-0.9009688679024191,1.2246467991473532e-16,-1.0,-0.9987165071710528,-0.05064916883871355,918
2023-06-24,35422000,17,17,8,10,2083647.0588235294,1000000.0,15000000,6,11,5,24,25,6,2,2023,1,0,0,0,291.0,5.0,-0.9749279121818236,-0.2225209339563146,1.2246467991473532e-16,-1.0,-0.9884683243281114,0.15142777750457667,919
2023-06-25,78096700,24,24,12,9,3254029.1666666665,2250000.0,20000000,11,13,6,25,25,6,2,2023,1,0,0,0,290.0,4.0,-0.7818314824680299,0.6234898018587334,1.2246467991473532e-16,-1.0,-0.9377521321470804,0.3473052528448203,920
2023-06-26,65741500,29,27,12,11,2266948.275862069,2237500.0,20000000,9,18,0,26,26,6,2,2023,0,0,0,0,289.0,3.0,0.0,1.0,1.2246467991473532e-16,-1.0,-0.848644257494751,0.5289640103269624,921
2023-06-27,59608909,41,39,10,12,1453875.8292682928,1000000.0,5751400,11,28,1,27,26,6,2,2023,0,0,0,0,288.0,2.0,0.7818314824680298,0.6234898018587336,1.2246467991473532e-16,-1.0,-0.72479278722912,0.6889669190756865,922
2023-06-28,43746276,35,33,9,9,1249893.6,510000.0,3000000,13,20,2,28,26,6,2,2023,0,0,0,0,287.0,1.0,0.9749279121818236,-0.22252093395631434,1.2246467991473532e-16,-1.0,-0.5712682150947924,0.8207634412072763,923
2023-06-29,1860000,7,6,3,4,265714.28571428574,132000.0,500000,0,6,3,29,26,6,2,2023,0,0,0,0,286.0,0.0,0.43388373911755823,-0.900968867902419,1.2246467991473532e-16,-1.0,-0.3943558551133187,0.9189578116202306,924
2023-06-30,7174068,29,12,6,7,247381.6551724138,10000.0,2500000,1,11,4,30,26,6,2,2023,0,1,0,0,285.0,353.0,-0.433883739117558,-0.9009688679024191,1.2246467991473532e-16,-1.0,-0.20129852008866114,0.9795299412524943,925
2023-07-01,3186155,10,9,6,5,318615.5,251500.0,1000000,2,7,5,1,26,7,3,2023,1,0,1,0,284.0,352.0,-0.9749279121818236,-0.2225209339563146,-0.4999999999999997,-0.8660254037844388,0.20129852008866006,0.9795299412524945,926
2023-07-02,4212500,11,11,3,7,382954.54545454547,310000.0,1000000,1,10,6,2,26,7,3,2023,1,0,0,0,283.0,351.0,-0.7818314824680299,0.6234898018587334,-0.4999999999999997,-0.8660254037844388,0.39435585511331855,0.9189578116202306,927
2023-07-03,8729125,20,19,5,11,436456.25,368750.0,1500000,1,18,0,3,27,7,3,2023,0,0,0,0,282.0,350.0,0.0,1.0,-0.4999999999999997,-0.8660254037844388,0.5712682150947923,0.8207634412072763,928
2023-07-04,6814400,30,29,7,9,227146.66666666666,200000.0,552000,2,27,1,4,27,7,3,2023,0,0,0,0,281.0,349.0,0.7818314824680298,0.6234898018587336,-0.4999999999999997,-0.8660254037844388,0.7247927872291199,0.6889669190756866,929
2023-07-05,9032255,19,17,6,7,475381.84210526315,200000.0,5000000,0,17,2,5,27,7,3,2023,0,0,0,0,280.0,348.0,0.9749279121818236,-0.22252093395631434,-0.4999999999999997,-0.8660254037844388,0.8486442574947509,0.5289640103269624,930
2023-07-06,2087500,6,6,4,3,347916.6666666667,137500.0,1500000,1,5,3,6,27,7,3,2023,0,0,0,0,279.0,347.0,0.43388373911755823,-0.900968867902419,-0.4999999999999997,-0.8660254037844388,0.9377521321470804,0.3473052528448203,931
2023-07-07,22778916,34,31,11,10,669968.1176470588,248000.0,10000000,2,29,4,7,27,7,3,2023,0,0,0,0,278.0,346.0,-0.433883739117558,-0.9009688679024191,-0.4999999999999997,-0.8660254037844388,0.9884683243281114,0.1514277775045767,932
2023-07-08,613500,5,5,3,4,122700.0,127500.0,237000,1,4,5,8,27,7,3,2023,1,0,0,0,277.0,345.0,-0.9749279121818236,-0.2225209339563146,-0.4999999999999997,-0.8660254037844388,0.9987165071710528,-0.05064916883871264,933
2023-07-09,1799523,6,6,3,3,299920.5,237261.5,540000,0,6,6,9,27,7,3,2023,1,0,0,0,276.0,344.0,-0.7818314824680299,0.6234898018587334,-0.4999999999999997,-0.8660254037844388,0.9680771188662043,-0.2506525322587204,934
2023-07-10,3012500,16,7,4,5,188281.25,10000.0,1000000,2,5,0,10,28,7,3,2023,0,0,0,0,275.0,343.0,0.0,1.0,-0.4999999999999997,-0.8660254037844388,0.8978045395707416,-0.4403941515576344,935
2023-07-11,3005384,8,8,3,6,375673.0,210384.5,1500000,1,7,1,11,28,7,3,2023,0,0,0,0,274.0,342.0,0.7818314824680298,0.6234898018587336,-0.4999999999999997,-0.8660254037844388,0.7907757369376989,-0.6121059825476626,936
2023-07-12,1425000,6,6,4,5,237500.0,200000.0,500000,1,5,2,12,28,7,3,2023,0,0,0,0,273.0,341.0,0.9749279121818236,-0.22252093395631434,-0.4999999999999997,-0.8660254037844388,0.6513724827222223,-0.7587581226927909,937
2023-07-13,2399500,6,4,3,3,399916.6666666667,80000.0,1934000,0,4,3,13,28,7,3,2023,0,0,0,0,272.0,340.0,0.43388373911755823,-0.900968867902419,-0.4999999999999997,-0.8660254037844388,0.48530196253108104,-0.8743466161445821,938
2023-07-14,5522500,19,19,8,7,290657.8947368421,200000.0,1455000,0,19,4,14,28,7,3,2023,0,0,0,0,271.0,339.0,-0.433883739117558,-0.9009688679024191,-0.4999999999999997,-0.8660254037844388,0.29936312297335804,-0.9541392564000488,939
2023-07-15,1500000,4,3,3,3,375000.0,400000.0,500000,1,2,5,15,28,7,3,2023,1,0,0,0,270.0,338.0,-0.9749279121818236,-0.2225209339563146,-0.4999999999999997,-0.8660254037844388,0.10116832198743272,-0.994869323391895,940
2023-07-16,1410000,4,4,4,3,352500.0,137500.0,1110000,1,3,6,16,28,7,3,2023,1,0,0,0,269.0,337.0,-0.7818314824680299,0.6234898018587334,-0.4999999999999997,-0.8660254037844388,-0.10116832198743204,-0.9948693233918952,941
2023-07-17,1745000,4,4,4,3,436250.0,500000.0,725000,1,3,0,17,29,7,3,2023,0,0,0,0,268.0,336.0,0.0,1.0,-0.4999999999999997,-0.8660254037844388,-0.2993631229733582,-0.9541392564000488,942
2023-07-18,825000,4,4,3,3,206250.0,150000.0,500000,0,4,1,18,29,7,3,2023,0,0,0,0,267.0,335.0,0.7818314824680298,0.6234898018587336,-0.4999999999999997,-0.8660254037844388,-0.4853019625310808,-0.8743466161445822,943
2023-07-19,370000,4,4,2,3,92500.0,100000.0,150000,2,2,2,19,29,7,3,2023,0,0,0,0,266.0,334.0,0.9749279121818236,-0.22252093395631434,-0.4999999999999997,-0.8660254037844388,-0.651372482722222,-0.7587581226927911,944
2023-07-20,2215000,8,8,6,7,276875.0,185000.0,1000000,2,6,3,20,29,7,3,2023,0,0,0,0,265.0,333.0,0.43388373911755823,-0.900968867902419,-0.4999999999999997,-0.8660254037844388,-0.7907757369376986,-0.6121059825476627,945
2023-07-21,5258000,25,22,12,9,210320.0,150000.0,1000000,2,20,4,21,29,7,3,2023,0,0,0,0,264.0,332.0,-0.433883739117558,-0.9009688679024191,-0.4999999999999997,-0.8660254037844388,-0.8978045395707417,-0.44039415155763423,946
2023-07-22,3538000,6,5,3,5,589666.6666666666,554000.0,1200000,2,3,5,22,29,7,3,2023,1,0,0,0,263.0,331.0,-0.9749279121818236,-0.2225209339563146,-0.4999999999999997,-0.8660254037844388,-0.9680771188662041,-0.2506525322587213,947
2023-07-23,100000,1,1,1,1,100000.0,100000.0,100000,1,0,6,23,29,7,3,2023,1,0,0,0,262.0,330.0,-0.7818314824680299,0.6234898018587334,-0.4999999999999997,-0.8660254037844388,-0.9987165071710528,-0.05064916883871355,948
2023-07-24,21099696,11,9,6,6,1918154.1818181819,150000.0,18104696,2,7,0,24,30,7,3,2023,0,0,0,0,261.0,329.0,0.0,1.0,-0.4999999999999997,-0.8660254037844388,-0.9884683243281114,0.15142777750457667,949
2023-07-25,14973100,26,25,7,9,575888.4615384615,250000.0,4000000,3,22,1,25,30,7,3,2023,0,0,0,0,260.0,328.0,0.7818314824680298,0.6234898018587336,-0.4999999999999997,-0.8660254037844388,-0.9377521321470804,0.3473052528448203,950
2023-07-26,21466787,22,22,4,6,975763.0454545454,384172.5,7057900,3,19,2,26,30,7,3,2023,0,0,0,0,259.0,327.0,0.9749279121818236,-0.22252093395631434,-0.4999999999999997,-0.8660254037844388,-0.848644257494751,0.5289640103269624,951
2023-07-27,5519000,26,16,6,7,212269.23076923078,50000.0,1700000,1,15,3,27,30,7,3,2023,0,0,0,0,258.0,326.0,0.43388373911755823,-0.900968867902419,-0.4999999999999997,-0.8660254037844388,-0.72479278722912,0.6889669190756865,952
2023-07-28,13819916,43,41,11,10,321393.3953488372,150000.0,2000000,4,37,4,28,30,7,3,2023,0,0,0,0,257.0,325.0,-0.433883739117558,-0.9009688679024191,-0.4999999999999997,-0.8660254037844388,-0.5712682150947924,0.8207634412072763,953
2023-07-29,8409500,18,16,5,6,467194.44444444444,217000.0,2600000,3,13,5,29,30,7,3,2023,1,0,0,0,256.0,324.0,-0.9749279121818236,-0.2225209339563146,-0.4999999999999997,-0.8660254037844388,-0.3943558551133187,0.9189578116202306,954
2023-07-30,2389267,7,7,3,5,341323.85714285716,309523.0,854744,0,7,6,30,30,7,3,2023,1,0,0,0,255.0,323.0,-0.7818314824680299,0.6234898018587334,-0.4999999999999997,-0.8660254037844388,-0.20129852008866114,0.9795299412524943,955
2023-07-31,3645000,15,15,5,6,243000.0,200000.0,530000,0,15,0,31,31,7,3,2023,0,1,0,0,254.0,322.0,0.0,1.0,-0.4999999999999997,-0.8660254037844388,-2.4492935982947064e-16,1.0,956
2023-08-01,20408125,31,28,8,8,658326.6129032258,250000.0,5000000,4,24,1,1,31,8,3,2023,0,0,1,0,253.0,321.0,0.7818314824680298,0.6234898018587336,-0.8660254037844384,-0.5000000000000004,0.20129852008866006,0.9795299412524945,957
2023-08-02,11427000,21,20,9,7,544142.8571428572,250000.0,5000000,2,18,2,2,31,8,3,2023,0,0,0,0,252.0,320.0,0.9749279121818236,-0.22252093395631434,-0.8660254037844384,-0.5000000000000004,0.39435585511331855,0.9189578116202306,958
2023-08-03,5156859,17,15,3,6,303344.64705882355,200000.0,1500000,1,14,3,3,31,8,3,2023,0,0,0,0,251.0,319.0,0.43388373911755823,-0.900968867902419,-0.8660254037844384,-0.5000000000000004,0.5712682150947923,0.8207634412072763,959
2023-08-04,7300000,24,21,7,9,304166.6666666667,200000.0,1455000,0,21,4,4,31,8,3,2023,0,0,0,0,250.0,318.0,-0.433883739117558,-0.9009688679024191,-0.8660254037844384,-0.5000000000000004,0.7247927872291199,0.6889669190756866,960
2023-08-05,2685000,13,10,6,7,206538.46153846153,200000.0,650000,0,10,5,5,31,8,3,2023,1,0,0,0,249.0,317.0,-0.9749279121818236,-0.2225209339563146,-0.8660254037844384,-0.5000000000000004,0.8486442574947509,0.5289640103269624,961
2023-08-06,2198000,8,8,4,6,274750.0,264000.0,835000,1,7,6,6,31,8,3,2023,1,0,0,0,248.0,316.0,-0.7818314824680299,0.6234898018587334,-0.8660254037844384,-0.5000000000000004,0.9377521321470804,0.3473052528448203,962
2023-08-07,2035000,5,5,4,3,407000.0,200000.0,1500000,1,4,0,7,32,8,3,2023,0,0,0,0,247.0,315.0,0.0,1.0,-0.8660254037844384,-0.5000000000000004,0.9884683243281114,0.1514277775045767,963
2023-08-08,5899875,26,25,6,4,226918.26923076922,96400.0,1128900,0,25,1,8,32,8,3,2023,0,0,0,0,246.0,314.0,0.7818314824680298,0.6234898018587336,-0.8660254037844384,-0.5000000000000004,0.9987165071710528,-0.05064916883871264,964
2023-08-09,7487500,8,7,6,4,935937.5,300000.0,5000000,2,5,2,9,32,8,3,2023,0,0,0,0,245.0,313.0,0.9749279121818236,-0.22252093395631434,-0.8660254037844384,-0.5000000000000004,0.9680771188662043,-0.2506525322587204,965
2023-08-10,2697500,7,7,5,5,385357.14285714284,312500.0,1500000,0,7,3,10,32,8,3,2023,0,0,0,0,244.0,312.0,0.43388373911755823,-0.900968867902419,-0.8660254037844384,-0.5000000000000004,0.8978045395707416,-0.4403941515576344,966
2023-08-11,10958624,19,19,9,7,576769.6842105263,400000.0,4700000,2,17,4,11,32,8,3,2023,0,0,0,0,243.0,311.0,-0.433883739117558,-0.9009688679024191,-0.8660254037844384,-0.5000000000000004,0.7907757369376989,-0.6121059825476626,967
2023-08-12,475000,3,3,3,3,158333.33333333334,50000.0,405000,0,3,5,12,32,8,3,2023,1,0,0,0,242.0,310.0,-0.9749279121818236,-0.2225209339563146,-0.8660254037844384,-0.5000000000000004,0.6513724827222223,-0.7587581226927909,968
2023-08-13,1585000,7,7,3,4,226428.57142857142,165000.0,500000,2,5,6,13,32,8,3,2023,1,0,0,0,241.0,309.0,-0.7818314824680299,0.6234898018587334,-0.8660254037844384,-0.5000000000000004,0.48530196253108104,-0.8743466161445821,969
2023-08-14,3123313,6,6,3,4,520552.1666666667,336656.5,1500000,0,6,0,14,33,8,3,2023,0,0,0,0,240.0,308.0,0.0,1.0,-0.8660254037844384,-0.5000000000000004,0.29936312297335804,-0.9541392564000488,970
2023-08-15,0,0,0,0,0,0.0,0.0,0,0,0,1,15,33,8,3,2023,0,0,0,0,239.0,307.0,0.7818314824680298,0.6234898018587336,-0.8660254037844384,-0.5000000000000004,0.10116832198743272,-0.994869323391895,971
2023-08-16,355263,4,4,3,3,88815.75,50000.0,230263,1,3,2,16,33,8,3,2023,0,0,0,0,238.0,306.0,0.9749279121818236,-0.22252093395631434,-0.8660254037844384,-0.5000000000000004,-0.10116832198743204,-0.9948693233918952,972
2023-08-17,1270000,3,3,3,2,423333.3333333333,500000.0,500000,0,3,3,17,33,8,3,2023,0,0,0,0,237.0,305.0,0.43388373911755823,-0.900968867902419,-0.8660254037844384,-0.5000000000000004,-0.2993631229733582,-0.9541392564000488,973
2023-08-18,2040384,9,9,6,7,226709.33333333334,230769.0,500000,0,9,4,18,33,8,3,2023,0,0,0,0,236.0,304.0,-0.433883739117558,-0.9009688679024191,-0.8660254037844384,-0.5000000000000004,-0.4853019625310808,-0.8743466161445822,974
2023-08-19,1361450,4,4,2,3,340362.5,225000.0,761450,0,4,5,19,33,8,3,2023,1,0,0,0,235.0,303.0,-0.9749279121818236,-0.2225209339563146,-0.8660254037844384,-0.5000000000000004,-0.651372482722222,-0.7587581226927911,975
2023-08-20,525000,2,2,2,2,262500.0,262500.0,500000,0,2,6,20,33,8,3,2023,1,0,0,0,234.0,302.0,-0.7818314824680299,0.6234898018587334,-0.8660254037844384,-0.5000000000000004,-0.7907757369376986,-0.6121059825476627,976
2023-08-21,3992500,8,8,3,5,499062.5,375000.0,1080000,1,7,0,21,34,8,3,2023,0,0,0,0,233.0,301.0,0.0,1.0,-0.8660254037844384,-0.5000000000000004,-0.8978045395707417,-0.44039415155763423,977
2023-08-22,4811600,18,5,3,4,267311.1111111111,10000.0,1500000,1,4,1,22,34,8,3,2023,0,0,0,0,232.0,300.0,0.7818314824680298,0.6234898018587336,-0.8660254037844384,-0.5000000000000004,-0.9680771188662041,-0.2506525322587213,978
2023-08-23,2512261,6,6,4,3,418710.1666666667,175000.0,1500000,1,5,2,23,34,8,3,2023,0,0,0,0,231.0,299.0,0.9749279121818236,-0.22252093395631434,-0.8660254037844384,-0.5000000000000004,-0.9987165071710528,-0.05064916883871355,979
2023-08-24,17825000,6,5,5,4,2970833.3333333335,175000.0,17000000,0,5,3,24,34,8,3,2023,0,0,0,0,230.0,298.0,0.43388373911755823,-0.900968867902419,-0.8660254037844384,-0.5000000000000004,-0.9884683243281114,0.15142777750457667,980
2023-08-25,10582203,41,39,7,9,258102.51219512196,155000.0,1500000,8,31,4,25,34,8,3,2023,0,0,0,0,229.0,297.0,-0.433883739117558,-0.9009688679024191,-0.8660254037844384,-0.5000000000000004,-0.9377521321470804,0.3473052528448203,981
2023-08-26,6131598,20,19,6,8,306579.9,200000.0,1093922,3,16,5,26,34,8,3,2023,1,0,0,0,228.0,296.0,-0.9749279121818236,-0.2225209339563146,-0.8660254037844384,-0.5000000000000004,-0.848644257494751,0.5289640103269624,982
2023-08-27,575000,1,1,1,1,575000.0,575000.0,575000,0,1,6,27,34,8,3,2023,1,0,0,0,227.0,295.0,-0.7818314824680299,0.6234898018587334,-0.8660254037844384,-0.5000000000000004,-0.72479278722912,0.6889669190756865,983
2023-08-28,15188982,30,29,4,8,506299.4,227347.0,3500000,1,28,0,28,35,8,3,2023,0,0,0,0,226.0,294.0,0.0,1.0,-0.8660254037844384,-0.5000000000000004,-0.5712682150947924,0.8207634412072763,984
2023-08-29,3639250,10,10,7,6,363925.0,178125.0,1500000,1,9,1,29,35,8,3,2023,0,0,0,0,225.0,293.0,0.7818314824680298,0.6234898018587336,-0.8660254037844384,-0.5000000000000004,-0.3943558551133187,0.9189578116202306,985
2023-08-30,5693963,11,10,6,5,517633.0,420000.0,2000000,1,9,2,30,35,8,3,2023,0,0,0,0,224.0,292.0,0.9749279121818236,-0.22252093395631434,-0.8660254037844384,-0.5000000000000004,-0.20129852008866114,0.9795299412524943,986
2023-08-31,8605000,15,14,5,5,573666.6666666666,200000.0,5000000,1,13,3,31,35,8,3,2023,0,1,0,0,223.0,291.0,0.43388373911755823,-0.900968867902419,-0.8660254037844384,-0.5000000000000004,-2.4492935982947064e-16,1.0,987
2023-09-01,23278700,64,53,12,11,363729.6875,200000.0,5000000,2,51,4,1,35,9,3,2023,0,0,1,0,222.0,290.0,-0.433883739117558,-0.9009688679024191,-1.0,-1.8369701987210297e-16,0.20129852008866006,0.9795299412524945,988
2023-09-02,3838500,17,16,7,6,225794.11764705883,200000.0,782000,3,13,5,2,35,9,3,2023,1,0,0,0,221.0,289.0,-0.9749279121818236,-0.2225209339563146,-1.0,-1.8369701987210297e-16,0.39435585511331855,0.9189578116202306,989
2023-09-03,6311500,13,12,7,10,485500.0,312500.0,2237500,1,11,6,3,35,9,3,2023,1,0,0,0,220.0,288.0,-0.7818314824680299,0.6234898018587334,-1.0,-1.8369701987210297e-16,0.5712682150947923,0.8207634412072763,990
2023-09-04,7740000,19,19,6,10,407368.4210526316,200000.0,2000000,3,16,0,4,36,9,3,2023,0,0,0,0,219.0,287.0,0.0,1.0,-1.0,-1.8369701987210297e-16,0.7247927872291199,0.6889669190756866,991
2023-09-05,20536500,12,12,4,6,1711375.0,275000.0,17000000,3,9,1,5,36,9,3,2023,0,0,0,0,218.0,286.0,0.7818314824680298,0.6234898018587336,-1.0,-1.8369701987210297e-16,0.8486442574947509,0.5289640103269624,992
2023-09-06,4641500,11,9,5,6,421954.54545454547,275000.0,1321500,0,9,2,6,36,9,3,2023,0,0,0,0,217.0,285.0,0.9749279121818236,-0.22252093395631434,-1.0,-1.8369701987210297e-16,0.9377521321470804,0.3473052528448203,993
2023-09-07,4055000,10,10,5,3,405500.0,225000.0,1080000,2,8,3,7,36,9,3,2023,0,0,0,0,216.0,284.0,0.43388373911755823,-0.900968867902419,-1.0,-1.8369701987210297e-16,0.9884683243281114,0.1514277775045767,994
2023-09-08,3585328,16,15,6,7,224083.0,153750.0,671328,1,14,4,8,36,9,3,2023,0,0,0,0,215.0,283.0,-0.433883739117558,-0.9009688679024191,-1.0,-1.8369701987210297e-16,0.9987165071710528,-0.05064916883871264,995
2023-09-09,1545000,6,6,5,4,257500.0,237500.0,500000,0,6,5,9,36,9,3,2023,1,0,0,0,214.0,282.0,-0.9749279121818236,-0.2225209339563146,-1.0,-1.8369701987210297e-16,0.9680771188662043,-0.2506525322587204,996
2023-09-10,1290000,5,5,4,4,258000.0,70000.0,1000000,2,3,6,10,36,9,3,2023,1,0,0,0,213.0,281.0,-0.7818314824680299,0.6234898018587334,-1.0,-1.8369701987210297e-16,0.8978045395707416,-0.4403941515576344,997
2023-09-11,590000,6,6,5,3,98333.33333333333,85000.0,200000,0,6,0,11,37,9,3,2023,0,0,0,0,212.0,280.0,0.0,1.0,-1.0,-1.8369701987210297e-16,0.7907757369376989,-0.6121059825476626,998
2023-09-12,500000,2,2,2,2,250000.0,250000.0,400000,0,2,1,12,37,9,3,2023,0,0,0,0,211.0,279.0,0.7818314824680298,0.6234898018587336,-1.0,-1.8369701987210297e-16,0.6513724827222223,-0.7587581226927909,999
2023-09-13,262000,6,5,3,2,43666.666666666664,30000.0,100000,2,3,2,13,37,9,3,2023,0,0,0,0,210.0,278.0,0.9749279121818236,-0.22252093395631434,-1.0,-1.8369701987210297e-16,0.48530196253108104,-0.8743466161445821,1000
2023-09-14,1970003,8,7,4,5,246250.375,175000.0,750000,2,5,3,14,37,9,3,2023,0,0,0,0,209.0,277.0,0.43388373911755823,-0.900968867902419,-1.0,-1.8369701987210297e-16,0.29936312297335804,-0.9541392564000488,1001
2023-09-15,4258100,17,17,8,7,250476.4705882353,200000.0,650000,5,12,4,15,37,9,3,2023,0,0,0,0,208.0,276.0,-0.433883739117558,-0.9009688679024191,-1.0,-1.8369701987210297e-16,0.10116832198743272,-0.994869323391895,1002
2023-09-16,2262500,6,6,5,4,377083.3333333333,437500.0,500000,0,6,5,16,37,9,3,2023,1,0,0,0,207.0,275.0,-0.9749279121818236,-0.2225209339563146,-1.0,-1.8369701987210297e-16,-0.10116832198743204,-0.9948693233918952,1003
2023-09-17,1705000,4,4,3,2,426250.0,100000.0,1455000,0,4,6,17,37,9,3,2023,1,0,0,0,206.0,274.0,-0.7818314824680299,0.6234898018587334,-1.0,-1.8369701987210297e-16,-0.2993631229733582,-0.9541392564000488,1004
2023-09-18,1275000,4,4,3,3,318750.0,125000.0,1000000,0,4,0,18,38,9,3,2023,0,0,0,0,205.0,273.0,0.0,1.0,-1.0,-1.8369701987210297e-16,-0.4853019625310808,-0.8743466161445822,1005
2023-09-19,100000,1,1,1,1,100000.0,100000.0,100000,0,1,1,19,38,9,3,2023,0,0,0,0,204.0,272.0,0.7818314824680298,0.6234898018587336,-1.0,-1.8369701987210297e-16,-0.651372482722222,-0.7587581226927911,1006
2023-09-20,3182500,10,10,3,6,318250.0,193750.0,850000,1,9,2,20,38,9,3,2023,0,0,0,0,203.0,271.0,0.9749279121818236,-0.22252093395631434,-1.0,-1.8369701987210297e-16,-0.7907757369376986,-0.6121059825476627,1007
2023-09-21,570000,4,4,3,2,142500.0,75000.0,400000,0,4,3,21,38,9,3,2023,0,0,0,0,202.0,270.0,0.43388373911755823,-0.900968867902419,-1.0,-1.8369701987210297e-16,-0.8978045395707417,-0.44039415155763423,1008
2023-09-22,2274094,10,10,6,6,227409.4,200000.0,693000,0,10,4,22,38,9,3,2023,0,0,0,0,201.0,269.0,-0.433883739117558,-0.9009688679024191,-1.0,-1.8369701987210297e-16,-0.9680771188662041,-0.2506525322587213,1009
2023-09-23,1565200,3,3,1,2,521733.3333333333,396500.0,1052200,0,3,5,23,38,9,3,2023,1,0,0,0,200.0,268.0,-0.9749279121818236,-0.2225209339563146,-1.0,-1.8369701987210297e-16,-0.9987165071710528,-0.05064916883871355,1010
2023-09-24,680000,5,5,5,5,136000.0,100000.0,330000,1,4,6,24,38,9,3,2023,1,0,0,0,199.0,267.0,-0.7818314824680299,0.6234898018587334,-1.0,-1.8369701987210297e-16,-0.9884683243281114,0.15142777750457667,1011
2023-09-25,16029254,30,28,6,7,534308.4666666667,200000.0,9671254,2,26,0,25,39,9,3,2023,0,0,0,0,198.0,266.0,0.0,1.0,-1.0,-1.8369701987210297e-16,-0.9377521321470804,0.3473052528448203,1012
2023-09-26,5452922,15,15,4,8,363528.13333333336,342000.0,1093922,1,14,1,26,39,9,3,2023,0,0,0,0,197.0,265.0,0.7818314824680298,0.6234898018587336,-1.0,-1.8369701987210297e-16,-0.848644257494751,0.5289640103269624,1013
2023-09-27,8407611,16,14,5,9,525475.6875,250000.0,2500000,2,12,2,27,39,9,3,2023,0,0,0,0,196.0,264.0,0.9749279121818236,-0.22252093395631434,-1.0,-1.8369701987210297e-16,-0.72479278722912,0.6889669190756865,1014
2023-09-28,15349335,16,10,7,5,959333.4375,225000.0,12000000,0,10,3,28,39,9,3,2023,0,0,0,0,195.0,263.0,0.43388373911755823,-0.900968867902419,-1.0,-1.8369701987210297e-16,-0.5712682150947924,0.8207634412072763,1015
2023-09-29,16053191,43,41,9,8,373330.0232558139,200000.0,3000000,4,37,4,29,39,9,3,2023,0,0,0,0,194.0,262.0,-0.433883739117558,-0.9009688679024191,-1.0,-1.8369701987210297e-16,-0.3943558551133187,0.9189578116202306,1016
2023-09-30,10770000,12,12,5,7,897500.0,275000.0,6500000,1,11,5,30,39,9,3,2023,1,1,0,0,193.0,261.0,-0.9749279121818236,-0.2225209339563146,-1.0,-1.8369701987210297e-16,-0.20129852008866114,0.9795299412524943,1017
2023-10-01,4375000,16,15,5,7,273437.5,175000.0,825000,1,14,6,1,39,10,4,2023,1,0,1,0,192.0,260.0,-0.7818314824680299,0.6234898018587334,-0.8660254037844386,0.5000000000000001,0.20129852008866006,0.9795299412524945,1018
2023-10-02,8894600,16,16,4,5,555912.5,162500.0,4000000,3,13,0,2,40,10,4,2023,0,0,0,0,191.0,259.0,0.0,1.0,-0.8660254037844386,0.5000000000000001,0.39435585511331855,0.9189578116202306,1019
2023-10-03,4090000,15,14,2,5,272666.6666666667,200000.0,650000,0,14,1,3,40,10,4,2023,0,0,0,0,190.0,258.0,0.7818314824680298,0.6234898018587336,-0.8660254037844386,0.5000000000000001,0.5712682150947923,0.8207634412072763,1020
2023-10-04,3868500,15,15,5,6,257900.0,200000.0,800000,0,15,2,4,40,10,4,2023,0,0,0,0,189.0,257.0,0.9749279121818236,-0.22252093395631434,-0.8660254037844386,0.5000000000000001,0.7247927872291199,0.6889669190756866,1021
2023-10-05,19651633,13,13,3,6,1511664.076923077,250000.0,15000000,2,11,3,5,40,10,4,2023,0,0,0,0,188.0,256.0,0.43388373911755823,-0.900968867902419,-0.8660254037844386,0.5000000000000001,0.8486442574947509,0.5289640103269624,1022
2023-10-06,12703093,119,84,24,11,106748.6806722689,1000.0,2000000,56,28,4,6,40,10,4,2023,0,0,0,0,187.0,255.0,-0.433883739117558,-0.9009688679024191,-0.8660254037844386,0.5000000000000001,0.9377521321470804,0.3473052528448203,1023
2023-10-07,2410375,37,23,7,8,65145.27027027027,1000.0,895000,12,11,5,7,40,10,4,2023,1,0,0,0,186.0,254.0,-0.9749279121818236,-0.2225209339563146,-0.8660254037844386,0.5000000000000001,0.9884683243281114,0.1514277775045767,1024
2023-10-08,995500,17,15,7,5,58558.82352941176,11500.0,225000,9,6,6,8,40,10,4,2023,1,0,0,0,185.0,253.0,-0.7818314824680299,0.6234898018587334,-0.8660254037844386,0.5000000000000001,0.9987165071710528,-0.05064916883871264,1025
2023-10-09,1216000,29,19,10,7,41931.03448275862,1000.0,750000,12,7,0,9,41,10,4,2023,0,0,0,0,184.0,252.0,0.0,1.0,-0.8660254037844386,0.5000000000000001,0.9680771188662043,-0.2506525322587204,1026
2023-10-10,24407800,57,48,10,7,428207.01754385966,5000.0,7825000,21,27,1,10,41,10,4,2023,0,0,0,0,183.0,251.0,0.7818314824680298,0.6234898018587336,-0.8660254037844386,0.5000000000000001,0.8978045395707416,-0.4403941515576344,1027
2023-10-11,2397822,45,17,5,6,53284.933333333334,1000.0,671322,4,13,2,11,41,10,4,2023,0,0,0,0,182.0,250.0,0.9749279121818236,-0.22252093395631434,-0.8660254037844386,0.5000000000000001,0.7907757369376989,-0.6121059825476626,1028
2023-10-12,1574000,25,21,7,8,62960.0,5000.0,500000,7,14,3,12,41,10,4,2023,0,0,0,0,181.0,249.0,0.43388373911755823,-0.900968867902419,-0.8660254037844386,0.5000000000000001,0.6513724827222223,-0.7587581226927909,1029
2023-10-13,8966000,38,18,8,7,235947.36842105264,1000.0,5000000,6,12,4,13,41,10,4,2023,0,0,0,0,180.0,248.0,-0.433883739117558,-0.9009688679024191,-0.8660254037844386,0.5000000000000001,0.48530196253108104,-0.8743466161445821,1030
2023-10-14,1824000,43,38,7,7,42418.604651162794,1000.0,500000,22,16,5,14,41,10,4,2023,1,0,0,0,179.0,247.0,-0.9749279121818236,-0.2225209339563146,-0.8660254037844386,0.5000000000000001,0.29936312297335804,-0.9541392564000488,1031
2023-10-15,11102500,274,117,19,8,40520.07299270073,1000.0,2000000,85,32,6,15,41,10,4,2023,1,0,0,0,178.0,246.0,-0.7818314824680299,0.6234898018587334,-0.8660254037844386,0.5000000000000001,0.10116832198743272,-0.994869323391895,1032
2023-10-16,15574000,55,53,9,8,283163.63636363635,100000.0,2000000,25,28,0,16,42,10,4,2023,0,0,0,0,177.0,245.0,0.0,1.0,-0.8660254037844386,0.5000000000000001,-0.10116832198743204,-0.9948693233918952,1033
2023-10-17,38847000,55,50,7,11,706309.0909090909,50000.0,18700000,15,35,1,17,42,10,4,2023,0,0,0,0,176.0,244.0,0.7818314824680298,0.6234898018587336,-0.8660254037844386,0.5000000000000001,-0.2993631229733582,-0.9541392564000488,1034
2023-10-18,10753000,47,37,10,8,228787.2340425532,10000.0,5000000,16,21,2,18,42,10,4,2023,0,0,0,0,175.0,243.0,0.9749279121818236,-0.22252093395631434,-0.8660254037844386,0.5000000000000001,-0.4853019625310808,-0.8743466161445822,1035
2023-10-19,11367001,48,46,8,10,236812.52083333334,40000.0,4000000,16,30,3,19,42,10,4,2023,0,0,0,0,174.0,242.0,0.43388373911755823,-0.900968867902419,-0.8660254037844386,0.5000000000000001,-0.651372482722222,-0.7587581226927911,1036
2023-10-20,21926916,99,71,13,12,221484.0,50000.0,2500000,26,45,4,20,42,10,4,2023,0,0,0,0,173.0,241.0,-0.433883739117558,-0.9009688679024191,-0.8660254037844386,0.5000000000000001,-0.7907757369376986,-0.6121059825476627,1037
2023-10-21,3801000,32,23,15,7,118781.25,20000.0,1140000,10,13,5,21,42,10,4,2023,1,0,0,0,172.0,240.0,-0.9749279121818236,-0.2225209339563146,-0.8660254037844386,0.5000000000000001,-0.8978045395707417,-0.44039415155763423,1038
2023-10-22,1614000,13,12,4,5,124153.84615384616,25000.0,500000,2,10,6,22,42,10,4,2023,1,0,0,0,171.0,239.0,-0.7818314824680299,0.6234898018587334,-0.8660254037844386,0.5000000000000001,-0.9680771188662041,-0.2506525322587213,1039
2023-10-23,8409100,24,19,6,4,350379.1666666667,10000.0,7000000,10,9,0,23,43,10,4,2023,0,0,0,0,170.0,238.0,0.0,1.0,-0.8660254037844386,0.5000000000000001,-0.9987165071710528,-0.05064916883871355,1040
2023-10-24,2911000,54,45,12,7,53907.40740740741,1000.0,1000000,22,23,1,24,43,10,4,2023,0,0,0,0,169.0,237.0,0.7818314824680298,0.6234898018587336,-0.8660254037844386,0.5000000000000001,-0.9884683243281114,0.15142777750457667,1041
2023-10-25,10022376,79,69,12,9,126865.51898734177,10000.0,3000000,28,41,2,25,43,10,4,2023,0,0,0,0,168.0,236.0,0.9749279121818236,-0.22252093395631434,-0.8660254037844386,0.5000000000000001,-0.9377521321470804,0.3473052528448203,1042
2023-10-26,9889900,80,74,8,8,123623.75,2000.0,2000000,44,30,3,26,43,10,4,2023,0,0,0,0,167.0,235.0,0.43388373911755823,-0.900968867902419,-0.8660254037844386,0.5000000000000001,-0.848644257494751,0.5289640103269624,1043
2023-10-27,25251805,118,86,15,10,213998.34745762713,50000.0,2500000,25,61,4,27,43,10,4,2023,0,0,0,0,166.0,234.0,-0.433883739117558,-0.9009688679024191,-0.8660254037844386,0.5000000000000001,-0.72479278722912,0.6889669190756865,1044
2023-10-28,4330033,25,24,8,9,173201.32,50000.0,1000033,4,20,5,28,43,10,4,2023,1,0,0,0,165.0,233.0,-0.9749279121818236,-0.2225209339563146,-0.8660254037844386,0.5000000000000001,-0.5712682150947924,0.8207634412072763,1045
2023-10-29,728500,19,16,5,5,38342.10526315789,5000.0,342000,3,13,6,29,43,10,4,2023,1,0,0,0,164.0,232.0,-0.7818314824680299,0.6234898018587334,-0.8660254037844386,0.5000000000000001,-0.3943558551133187,0.9189578116202306,1046
2023-10-30,20741736,52,44,10,10,398879.53846153844,25000.0,4000000,15,29,0,30,44,10,4,2023,0,0,0,0,163.0,231.0,0.0,1.0,-0.8660254037844386,0.5000000000000001,-0.20129852008866114,0.9795299412524943,1047
2023-10-31,9936907,60,55,6,9,165615.11666666667,10000.0,2652000,22,33,1,31,44,10,4,2023,0,1,0,0,162.0,230.0,0.7818314824680298,0.6234898018587336,-0.8660254037844386,0.5000000000000001,-2.4492935982947064e-16,1.0,1048
2023-11-01,19366000,56,46,7,12,345821.4285714286,75000.0,10350000,7,39,2,1,44,11,4,2023,0,0,1,0,161.0,229.0,0.9749279121818236,-0.22252093395631434,-0.5000000000000004,0.8660254037844384,0.20129852008866006,0.9795299412524945,1049
2023-11-02,22763082,54,52,8,12,421538.55555555556,100000.0,12200000,16,36,3,2,44,11,4,2023,0,0,0,0,160.0,228.0,0.43388373911755823,-0.900968867902419,-0.5000000000000004,0.8660254037844384,0.39435585511331855,0.9189578116202306,1050
2023-11-03,32260133,90,80,10,12,358445.9222222222,100000.0,6000000,24,56,4,3,44,11,4,2023,0,0,0,0,159.0,227.0,-0.433883739117558,-0.9009688679024191,-0.5000000000000004,0.8660254037844384,0.5712682150947923,0.8207634412072763,1051
2023-11-04,4543199,36,30,7,8,126199.97222222222,25000.0,1250000,9,21,5,4,44,11,4,2023,1,0,0,0,158.0,226.0,-0.9749279121818236,-0.2225209339563146,-0.5000000000000004,0.8660254037844384,0.7247927872291199,0.6889669190756866,1052
2023-11-05,12837204,65,34,19,10,197495.44615384616,1868.0,6100000,13,21,6,5,44,11,4,2023,1,0,0,0,157.0,225.0,-0.7818314824680299,0.6234898018587334,-0.5000000000000004,0.8660254037844384,0.8486442574947509,0.5289640103269624,1053
2023-11-06,26882500,82,57,9,8,327835.3658536585,22500.0,5000000,24,33,0,6,45,11,4,2023,0,0,0,0,156.0,224.0,0.0,1.0,-0.5000000000000004,0.8660254037844384,0.9377521321470804,0.3473052528448203,1054
2023-11-07,24809589,75,44,8,10,330794.52,5000.0,9047089,17,27,1,7,45,11,4,2023,0,0,0,0,155.0,223.0,0.7818314824680298,0.6234898018587336,-0.5000000000000004,0.8660254037844384,0.9884683243281114,0.1514277775045767,1055
2023-11-08,8011500,40,36,7,9,200287.5,100000.0,1000000,9,27,2,8,45,11,4,2023,0,0,0,0,154.0,222.0,0.9749279121818236,-0.22252093395631434,-0.5000000000000004,0.8660254037844384,0.9987165071710528,-0.05064916883871264,1056
2023-11-09,21185875,81,47,10,12,261554.01234567902,1000.0,6500000,17,30,3,9,45,11,4,2023,0,0,0,0,153.0,221.0,0.43388373911755823,-0.900968867902419,-0.5000000000000004,0.8660254037844384,0.9680771188662043,-0.2506525322587204,1057
2023-11-10,55781602,92,67,9,13,606321.7608695652,10000.0,8000000,26,41,4,10,45,11,4,2023,0,0,0,0,152.0,220.0,-0.433883739117558,-0.9009688679024191,-0.5000000000000004,0.8660254037844384,0.8978045395707416,-0.4403941515576344,1058
2023-11-11,8332000,31,30,6,8,268774.1935483871,150000.0,2500000,12,18,5,11,45,11,4,2023,1,0,0,0,151.0,219.0,-0.9749279121818236,-0.2225209339563146,-0.5000000000000004,0.8660254037844384,0.7907757369376989,-0.6121059825476626,1059
2023-11-12,2494098,39,38,5,6,63951.230769230766,1000.0,1780000,29,9,6,12,45,11,4,2023,1,0,0,0,150.0,218.0,-0.7818314824680299,0.6234898018587334,-0.5000000000000004,0.8660254037844384,0.6513724827222223,-0.7587581226927909,1060
2023-11-13,56501500,76,65,8,11,743440.7894736842,6000.0,17200000,45,20,0,13,46,11,4,2023,0,0,0,0,149.0,217.0,0.0,1.0,-0.5000000000000004,0.8660254037844384,0.48530196253108104,-0.8743466161445821,1061
2023-11-14,23492584,133,68,8,9,176635.96992481203,1000.0,5000000,42,26,1,14,46,11,4,2023,0,0,0,0,148.0,216.0,0.7818314824680298,0.6234898018587336,-0.5000000000000004,0.8660254037844384,0.29936312297335804,-0.9541392564000488,1062
2023-11-15,11566000,65,27,6,11,177938.46153846153,1000.0,5000000,12,15,2,15,46,11,4,2023,0,0,0,0,147.0,215.0,0.9749279121818236,-0.22252093395631434,-0.5000000000000004,0.8660254037844384,0.10116832198743272,-0.994869323391895,1063
2023-11-16,12455000,29,27,7,8,429482.7586206897,50000.0,3700000,7,20,3,16,46,11,4,2023,0,0,0,0,146.0,214.0,0.43388373911755823,-0.900968867902419,-0.5000000000000004,0.8660254037844384,-0.10116832198743204,-0.9948693233918952,1064
2023-11-17,24648519,51,44,9,14,483304.29411764705,100000.0,5140000,18,26,4,17,46,11,4,2023,0,0,0,0,145.0,213.0,-0.433883739117558,-0.9009688679024191,-0.5000000000000004,0.8660254037844384,-0.2993631229733582,-0.9541392564000488,1065
2023-11-18,12959892,26,25,8,10,498457.3846153846,200000.0,4200000,7,18,5,18,46,11,4,2023,1,0,0,0,144.0,212.0,-0.9749279121818236,-0.2225209339563146,-0.5000000000000004,0.8660254037844384,-0.4853019625310808,-0.8743466161445822,1066
2023-11-19,9895634,24,22,6,8,412318.0833333333,62500.0,3000000,6,16,6,19,46,11,4,2023,1,0,0,0,143.0,211.0,-0.7818314824680299,0.6234898018587334,-0.5000000000000004,0.8660254037844384,-0.651372482722222,-0.7587581226927911,1067
2023-11-20,13142488,36,34,6,13,365069.1111111111,205000.0,1778334,13,21,0,20,47,11,4,2023,0,0,0,0,142.0,210.0,0.0,1.0,-0.5000000000000004,0.8660254037844384,-0.7907757369376986,-0.6121059825476627,1068
2023-11-21,9260334,27,25,7,9,342975.3333333333,200000.0,2700000,11,14,1,21,47,11,4,2023,0,0,0,0,141.0,209.0,0.7818314824680298,0.6234898018587336,-0.5000000000000004,0.8660254037844384,-0.8978045395707417,-0.44039415155763423,1069
2023-11-22,19492000,52,34,6,12,374846.1538461539,7500.0,12000000,10,24,2,22,47,11,4,2023,0,0,0,0,140.0,208.0,0.9749279121818236,-0.22252093395631434,-0.5000000000000004,0.8660254037844384,-0.9680771188662041,-0.2506525322587213,1070
2023-11-23,9736385,30,26,8,12,324546.1666666667,237500.0,1154000,10,16,3,23,47,11,4,2023,0,0,0,0,139.0,207.0,0.43388373911755823,-0.900968867902419,-0.5000000000000004,0.8660254037844384,-0.9987165071710528,-0.05064916883871355,1071
2023-11-24,31097052,81,67,11,13,383914.22222222225,150000.0,3621000,17,50,4,24,47,11,4,2023,0,0,0,0,138.0,206.0,-0.433883739117558,-0.9009688679024191,-0.5000000000000004,0.8660254037844384,-0.9884683243281114,0.15142777750457667,1072
2023-11-25,28020500,47,46,8,11,596180.8510638297,150000.0,9650000,13,33,5,25,47,11,4,2023,1,0,0,0,137.0,205.0,-0.9749279121818236,-0.2225209339563146,-0.5000000000000004,0.8660254037844384,-0.9377521321470804,0.3473052528448203,1073
2023-11-26,29382530,50,33,16,11,587650.6,50000.0,12000000,7,26,6,26,47,11,4,2023,1,0,0,0,136.0,204.0,-0.7818314824680299,0.6234898018587334,-0.5000000000000004,0.8660254037844384,-0.848644257494751,0.5289640103269624,1074
2023-11-27,17056700,48,42,9,13,355347.9166666667,155000.0,4250000,12,30,0,27,48,11,4,2023,0,0,0,0,135.0,203.0,0.0,1.0,-0.5000000000000004,0.8660254037844384,-0.72479278722912,0.6889669190756865,1075
2023-11-28,9778000,46,41,10,9,212565.21739130435,15000.0,1800000,17,24,1,28,48,11,4,2023,0,0,0,0,134.0,202.0,0.7818314824680298,0.6234898018587336,-0.5000000000000004,0.8660254037844384,-0.5712682150947924,0.8207634412072763,1076
2023-11-29,22366452,58,45,8,13,385628.4827586207,75000.0,6000000,7,38,2,29,48,11,4,2023,0,0,0,0,133.0,201.0,0.9749279121818236,-0.22252093395631434,-0.5000000000000004,0.8660254037844384,-0.3943558551133187,0.9189578116202306,1077
2023-11-30,22496496,98,62,11,12,229556.08163265305,22500.0,3140000,18,44,3,30,48,11,4,2023,0,1,0,0,132.0,200.0,0.43388373911755823,-0.900968867902419,-0.5000000000000004,0.8660254037844384,-0.20129852008866114,0.9795299412524943,1078
2023-12-01,24307732,142,129,17,15,171181.21126760563,100000.0,2000000,36,93,4,1,48,12,4,2023,0,0,1,0,131.0,199.0,-0.433883739117558,-0.9009688679024191,-2.4492935982947064e-16,1.0,0.20129852008866006,0.9795299412524945,1079
2023-12-02,9325894,50,44,9,10,186517.88,50000.0,2000000,19,25,5,2,48,12,4,2023,1,0,0,0,130.0,198.0,-0.9749279121818236,-0.2225209339563146,-2.4492935982947064e-16,1.0,0.39435585511331855,0.9189578116202306,1080
2023-12-03,5827250,31,31,7,14,187975.8064516129,100000.0,1650000,13,18,6,3,48,12,4,2023,1,0,0,0,129.0,197.0,-0.7818314824680299,0.6234898018587334,-2.4492935982947064e-16,1.0,0.5712682150947923,0.8207634412072763,1081
2023-12-04,40623500,64,55,11,13,634742.1875,40000.0,10000000,19,36,0,4,49,12,4,2023,0,0,0,0,128.0,196.0,0.0,1.0,-2.4492935982947064e-16,1.0,0.7247927872291199,0.6889669190756866,1082
2023-12-05,34084614,105,58,10,14,324615.3714285714,5000.0,18610117,10,48,1,5,49,12,4,2023,0,0,0,0,127.0,195.0,0.7818314824680298,0.6234898018587336,-2.4492935982947064e-16,1.0,0.8486442574947509,0.5289640103269624,1083
2023-12-06,19591500,65,55,12,12,301407.6923076923,300000.0,2100000,12,43,2,6,49,12,4,2023,0,0,0,0,126.0,194.0,0.9749279121818236,-0.22252093395631434,-2.4492935982947064e-16,1.0,0.9377521321470804,0.3473052528448203,1084
2023-12-07,8220500,73,69,13,10,112609.5890410959,50000.0,750000,26,43,3,7,49,12,4,2023,0,0,0,0,125.0,193.0,0.43388373911755823,-0.900968867902419,-2.4492935982947064e-16,1.0,0.9884683243281114,0.1514277775045767,1085
2023-12-08,61954000,118,96,17,13,525033.8983050848,27500.0,10000000,36,60,4,8,49,12,4,2023,0,0,0,0,124.0,192.0,-0.433883739117558,-0.9009688679024191,-2.4492935982947064e-16,1.0,0.9987165071710528,-0.05064916883871264,1086
2023-12-09,10928000,39,31,10,11,280205.1282051282,10000.0,3600000,11,20,5,9,49,12,4,2023,1,0,0,0,123.0,191.0,-0.9749279121818236,-0.2225209339563146,-2.4492935982947064e-16,1.0,0.9680771188662043,-0.2506525322587204,1087
2023-12-10,1493000,23,19,7,9,64913.04347826087,10000.0,300000,1,18,6,10,49,12,4,2023,1,0,0,0,122.0,190.0,-0.7818314824680299,0.6234898018587334,-2.4492935982947064e-16,1.0,0.8978045395707416,-0.4403941515576344,1088
2023-12-11,27646500,77,55,9,13,359045.45454545453,5000.0,5100000,18,37,0,11,50,12,4,2023,0,0,0,0,121.0,189.0,0.0,1.0,-2.4492935982947064e-16,1.0,0.7907757369376989,-0.6121059825476626,1089
2023-12-12,28131500,168,91,18,13,167449.40476190476,1000.0,11000000,52,39,1,12,50,12,4,2023,0,0,0,0,120.0,188.0,0.7818314824680298,0.6234898018587336,-2.4492935982947064e-16,1.0,0.6513724827222223,-0.7587581226927909,1090
2023-12-13,15313365,114,50,11,13,134327.76315789475,1000.0,5620000,21,29,2,13,50,12,4,2023,0,0,0,0,119.0,187.0,0.9749279121818236,-0.22252093395631434,-2.4492935982947064e-16,1.0,0.48530196253108104,-0.8743466161445821,1091
2023-12-14,16176792,107,49,13,13,151184.9719626168,1000.0,5000000,5,44,3,14,50,12,4,2023,0,0,0,0,118.0,186.0,0.43388373911755823,-0.900968867902419,-2.4492935982947064e-16,1.0,0.29936312297335804,-0.9541392564000488,1092
2023-12-15,28408697,334,127,17,12,85055.97904191617,1000.0,10000000,62,65,4,15,50,12,4,2023,0,0,0,0,117.0,185.0,-0.433883739117558,-0.9009688679024191,-2.4492935982947064e-16,1.0,0.10116832198743272,-0.994869323391895,1093
2023-12-16,14167442,43,43,6,12,329475.3953488372,200000.0,5000000,5,38,5,16,50,12,4,2023,1,0,0,0,116.0,184.0,-0.9749279121818236,-0.2225209339563146,-2.4492935982947064e-16,1.0,-0.10116832198743204,-0.9948693233918952,1094
2023-12-17,6551997,31,30,7,13,211354.74193548388,75000.0,1285000,7,23,6,17,50,12,4,2023,1,0,0,0,115.0,183.0,-0.7818314824680299,0.6234898018587334,-2.4492935982947064e-16,1.0,-0.2993631229733582,-0.9541392564000488,1095
2023-12-18,12904997,50,47,11,12,258099.94,37500.0,2500000,13,34,0,18,51,12,4,2023,0,0,0,0,114.0,182.0,0.0,1.0,-2.4492935982947064e-16,1.0,-0.4853019625310808,-0.8743466161445822,1096
2023-12-19,6411997,60,49,12,12,106866.61666666667,2000.0,1321000,8,41,1,19,51,12,4,2023,0,0,0,0,113.0,181.0,0.7818314824680298,0.6234898018587336,-2.4492935982947064e-16,1.0,-0.651372482722222,-0.7587581226927911,1097
2023-12-20,9292703,63,52,13,10,147503.22222222222,5000.0,1500000,9,43,2,20,51,12,4,2023,0,0,0,0,112.0,180.0,0.9749279121818236,-0.22252093395631434,-2.4492935982947064e-16,1.0,-0.7907757369376986,-0.6121059825476627,1098
2023-12-21,16120996,61,49,13,12,264278.62295081967,3000.0,3639999,8,41,3,21,51,12,4,2023,0,0,0,0,111.0,179.0,0.43388373911755823,-0.900968867902419,-2.4492935982947064e-16,1.0,-0.8978045395707417,-0.44039415155763423,1099
2023-12-22,77676513,153,117,19,15,507689.6274509804,100000.0,7484000,25,92,4,22,51,12,4,2023,0,0,0,0,110.0,178.0,-0.433883739117558,-0.9009688679024191,-2.4492935982947064e-16,1.0,-0.9680771188662041,-0.2506525322587213,1100
2023-12-23,10925997,30,29,8,12,364199.9,275000.0,2450000,3,26,5,23,51,12,4,2023,1,0,0,0,109.0,177.0,-0.9749279121818236,-0.2225209339563146,-2.4492935982947064e-16,1.0,-0.9987165071710528,-0.05064916883871355,1101
2023-12-24,6421980,38,29,9,11,168999.47368421053,3500.0,3000000,4,25,6,24,51,12,4,2023,1,0,0,0,108.0,176.0,-0.7818314824680299,0.6234898018587334,-2.4492935982947064e-16,1.0,-0.9884683243281114,0.15142777750457667,1102
2023-12-25,14460115,52,46,10,14,278079.1346153846,100000.0,4719100,9,37,0,25,52,12,4,2023,0,0,0,0,107.0,175.0,0.0,1.0,-2.4492935982947064e-16,1.0,-0.9377521321470804,0.3473052528448203,1103
2023-12-26,9831394,61,47,12,13,161170.39344262294,10000.0,2500000,7,40,1,26,52,12,4,2023,0,0,0,0,106.0,174.0,0.7818314824680298,0.6234898018587336,-2.4492935982947064e-16,1.0,-0.848644257494751,0.5289640103269624,1104
2023-12-27,21182325,88,68,15,11,240708.23863636365,10000.0,3000000,16,52,2,27,52,12,4,2023,0,0,0,0,105.0,173.0,0.9749279121818236,-0.22252093395631434,-2.4492935982947064e-16,1.0,-0.72479278722912,0.6889669190756865,1105
2023-12-28,23486134,119,67,17,15,197362.4705882353,2000.0,5625000,13,54,3,28,52,12,4,2023,0,0,0,0,104.0,172.0,0.43388373911755823,-0.900968867902419,-2.4492935982947064e-16,1.0,-0.5712682150947924,0.8207634412072763,1106
2023-12-29,37941577,128,88,16,17,296418.5703125,20000.0,15000000,20,68,4,29,52,12,4,2023,0,0,0,0,103.0,171.0,-0.433883739117558,-0.9009688679024191,-2.4492935982947064e-16,1.0,-0.3943558551133187,0.9189578116202306,1107
2023-12-30,14032533,45,45,9,11,311834.06666666665,200000.0,2500000,13,32,5,30,52,12,4,2023,1,0,0,0,102.0,170.0,-0.9749279121818236,-0.2225209339563146,-2.4492935982947064e-16,1.0,-0.20129852008866114,0.9795299412524943,1108
2023-12-31,42786500,45,43,9,14,950811.1111111111,100000.0,25000000,12,31,6,31,52,12,4,2023,1,1,0,0,101.0,169.0,-0.7818314824680299,0.6234898018587334,-2.4492935982947064e-16,1.0,-2.4492935982947064e-16,1.0,1109
2024-01-01,28100250,88,59,10,16,319321.0227272727,15000.0,15000000,9,50,0,1,1,1,1,2024,0,0,1,0,100.0,168.0,0.0,1.0,0.49999999999999994,0.8660254037844387,0.20129852008866006,0.9795299412524945,1110
2024-01-02,16987783,91,59,11,12,186678.93406593407,5000.0,3347000,14,45,1,2,1,1,1,2024,0,0,0,0,99.0,167.0,0.7818314824680298,0.6234898018587336,0.49999999999999994,0.8660254037844387,0.39435585511331855,0.9189578116202306,1111
2024-01-03,12336500,79,53,15,11,156158.22784810126,5000.0,1700000,13,40,2,3,1,1,1,2024,0,0,0,0,98.0,166.0,0.9749279121818236,-0.22252093395631434,0.49999999999999994,0.8660254037844387,0.5712682150947923,0.8207634412072763,1112
2024-01-04,8486001,89,61,10,10,95348.32584269663,1000.0,2000001,6,55,3,4,1,1,1,2024,0,0,0,0,97.0,165.0,0.43388373911755823,-0.900968867902419,0.49999999999999994,0.8660254037844387,0.7247927872291199,0.6889669190756866,1113
2024-01-05,24516350,128,92,14,16,191533.984375,12500.0,5000000,12,80,4,5,1,1,1,2024,0,0,0,0,96.0,164.0,-0.433883739117558,-0.9009688679024191,0.49999999999999994,0.8660254037844387,0.8486442574947509,0.5289640103269624,1114
2024-01-06,3628100,34,32,9,9,106708.82352941176,22500.0,600000,4,28,5,6,1,1,1,2024,1,0,0,0,95.0,163.0,-0.9749279121818236,-0.2225209339563146,0.49999999999999994,0.8660254037844387,0.9377521321470804,0.3473052528448203,1115
2024-01-07,14360955,75,51,8,13,191479.4,5000.0,3000000,13,38,6,7,1,1,1,2024,1,0,0,0,94.0,162.0,-0.7818314824680299,0.6234898018587334,0.49999999999999994,0.8660254037844387,0.9884683243281114,0.1514277775045767,1116
2024-01-08,20325001,63,54,13,14,322619.0634920635,25000.0,10000000,14,40,0,8,2,1,1,2024,0,0,0,0,93.0,161.0,0.0,1.0,0.49999999999999994,0.8660254037844387,0.9987165071710528,-0.05064916883871264,1117
2024-01-09,37998274,100,79,15,12,379982.74,1500.0,20000000,22,57,1,9,2,1,1,2024,0,0,0,0,92.0,160.0,0.7818314824680298,0.6234898018587336,0.49999999999999994,0.8660254037844387,0.9680771188662043,-0.2506525322587204,1118
2024-01-10,24563000,78,74,10,13,314910.25641025644,300000.0,3250000,30,44,2,10,2,1,1,2024,0,0,0,0,91.0,159.0,0.9749279121818236,-0.22252093395631434,0.49999999999999994,0.8660254037844387,0.8978045395707416,-0.4403941515576344,1119
2024-01-11,14814000,94,65,13,13,157595.74468085106,1000.0,3500000,16,49,3,11,2,1,1,2024,0,0,0,0,90.0,158.0,0.43388373911755823,-0.900968867902419,0.49999999999999994,0.8660254037844387,0.7907757369376989,-0.6121059825476626,1120
2024-01-12,24898929,140,95,29,15,177849.49285714285,12500.0,3200000,27,68,4,12,2,1,1,2024,0,0,0,0,89.0,157.0,-0.433883739117558,-0.9009688679024191,0.49999999999999994,0.8660254037844387,0.6513724827222223,-0.7587581226927909,1121
2024-01-13,16141000,40,36,11,9,403525.0,17500.0,10000000,8,28,5,13,2,1,1,2024,1,0,0,0,88.0,156.0,-0.9749279121818236,-0.2225209339563146,0.49999999999999994,0.8660254037844387,0.48530196253108104,-0.8743466161445821,1122
2024-01-14,11951000,77,48,9,11,155207.7922077922,5000.0,2250000,13,35,6,14,2,1,1,2024,1,0,0,0,87.0,155.0,-0.7818314824680299,0.6234898018587334,0.49999999999999994,0.8660254037844387,0.29936312297335804,-0.9541392564000488,1123
2024-01-15,33096600,266,109,13,14,124423.30827067669,1000.0,7500000,46,63,0,15,3,1,1,2024,0,0,0,0,86.0,154.0,0.0,1.0,0.49999999999999994,0.8660254037844387,0.10116832198743272,-0.994869323391895,1124
2024-01-16,36585356,75,72,13,12,487804.74666666664,50000.0,18047350,20,52,1,16,3,1,1,2024,0,0,0,0,85.0,153.0,0.7818314824680298,0.6234898018587336,0.49999999999999994,0.8660254037844387,-0.10116832198743204,-0.9948693233918952,1125
2024-01-17,9517504,91,70,11,12,104587.95604395604,5000.0,1000000,19,51,2,17,3,1,1,2024,0,0,0,0,84.0,152.0,0.9749279121818236,-0.22252093395631434,0.49999999999999994,0.8660254037844387,-0.2993631229733582,-0.9541392564000488,1126
2024-01-18,21870179,78,63,15,13,280386.91025641025,10000.0,4202069,10,53,3,18,3,1,1,2024,0,0,0,0,83.0,151.0,0.43388373911755823,-0.900968867902419,0.49999999999999994,0.8660254037844387,-0.4853019625310808,-0.8743466161445822,1127
2024-01-19,22431515,113,95,13,13,198508.98230088496,50000.0,3477000,23,72,4,19,3,1,1,2024,0,0,0,0,82.0,150.0,-0.433883739117558,-0.9009688679024191,0.49999999999999994,0.8660254037844387,-0.651372482722222,-0.7587581226927911,1128
2024-01-20,5368438,42,35,14,13,127819.95238095238,5000.0,982000,8,27,5,20,3,1,1,2024,1,0,0,0,81.0,149.0,-0.9749279121818236,-0.2225209339563146,0.49999999999999994,0.8660254037844387,-0.7907757369376986,-0.6121059825476627,1129
2024-01-21,4782945,53,44,10,11,90244.24528301887,2000.0,500000,14,30,6,21,3,1,1,2024,1,0,0,0,80.0,148.0,-0.7818314824680299,0.6234898018587334,0.49999999999999994,0.8660254037844387,-0.8978045395707417,-0.44039415155763423,1130
2024-01-22,35300000,42,40,6,12,840476.1904761905,500000.0,2500000,20,20,0,22,4,1,1,2024,0,0,0,0,79.0,147.0,0.0,1.0,0.49999999999999994,0.8660254037844387,-0.9680771188662041,-0.2506525322587213,1131
2024-01-23,8963751,39,37,6,10,229839.76923076922,150000.0,1500000,10,27,1,23,4,1,1,2024,0,0,0,0,78.0,146.0,0.7818314824680298,0.6234898018587336,0.49999999999999994,0.8660254037844387,-0.9987165071710528,-0.05064916883871355,1132
2024-01-24,21045000,36,34,8,12,584583.3333333334,300000.0,7500000,4,30,2,24,4,1,1,2024,0,0,0,0,77.0,145.0,0.9749279121818236,-0.22252093395631434,0.49999999999999994,0.8660254037844387,-0.9884683243281114,0.15142777750457667,1133
2024-01-25,12674000,30,30,7,11,422466.6666666667,300000.0,2000000,6,24,3,25,4,1,1,2024,0,0,0,0,76.0,144.0,0.43388373911755823,-0.900968867902419,0.49999999999999994,0.8660254037844387,-0.9377521321470804,0.3473052528448203,1134
2024-01-26,35973048,98,91,10,13,367071.9183673469,300000.0,5000000,25,66,4,26,4,1,1,2024,0,0,0,0,75.0,143.0,-0.433883739117558,-0.9009688679024191,0.49999999999999994,0.8660254037844387,-0.848644257494751,0.5289640103269624,1135
2024-01-27,21315744,28,28,8,12,761276.5714285715,300000.0,5991600,5,23,5,27,4,1,1,2024,1,0,0,0,74.0,142.0,-0.9749279121818236,-0.2225209339563146,0.49999999999999994,0.8660254037844387,-0.72479278722912,0.6889669190756865,1136
2024-01-28,10402100,29,29,8,8,358693.1034482759,300000.0,2500000,11,18,6,28,4,1,1,2024,1,0,0,0,73.0,141.0,-0.7818314824680299,0.6234898018587334,0.49999999999999994,0.8660254037844387,-0.5712682150947924,0.8207634412072763,1137
2024-01-29,37512532,59,54,7,12,635805.6271186441,300000.0,18000000,14,40,0,29,5,1,1,2024,0,0,0,0,72.0,140.0,0.0,1.0,0.49999999999999994,0.8660254037844387,-0.3943558551133187,0.9189578116202306,1138
2024-01-30,21308800,63,58,7,12,338234.92063492065,300000.0,3100000,10,48,1,30,5,1,1,2024,0,0,0,0,71.0,139.0,0.7818314824680298,0.6234898018587336,0.49999999999999994,0.8660254037844387,-0.20129852008866114,0.9795299412524943,1139
2024-01-31,29490931,61,59,7,12,483457.88524590165,300000.0,10000000,17,42,2,31,5,1,1,2024,0,1,0,0,70.0,138.0,0.9749279121818236,-0.22252093395631434,0.49999999999999994,0.8660254037844387,-2.4492935982947064e-16,1.0,1140
2024-02-01,24160685,61,56,12,12,396076.8032786885,300000.0,2500000,8,48,3,1,5,2,1,2024,0,0,1,0,69.0,137.0,0.43388373911755823,-0.900968867902419,0.8660254037844386,0.5000000000000001,0.20129852008866006,0.9795299412524945,1141
2024-02-02,36743900,78,70,11,14,471075.641025641,200000.0,12000000,11,59,4,2,5,2,1,2024,0,0,0,0,68.0,136.0,-0.433883739117558,-0.9009688679024191,0.8660254037844386,0.5000000000000001,0.39435585511331855,0.9189578116202306,1142
2024-02-03,28532500,26,22,10,12,1097403.8461538462,300000.0,20245000,4,18,5,3,5,2,1,2024,1,0,0,0,67.0,135.0,-0.9749279121818236,-0.2225209339563146,0.8660254037844386,0.5000000000000001,0.5712682150947923,0.8207634412072763,1143
2024-02-04,9245000,25,25,5,9,369800.0,300000.0,2700000,9,16,6,4,5,2,1,2024,1,0,0,0,66.0,134.0,-0.7818314824680299,0.6234898018587334,0.8660254037844386,0.5000000000000001,0.7247927872291199,0.6889669190756866,1144
2024-02-05,18138384,49,48,9,14,370171.10204081633,300000.0,1550000,17,31,0,5,6,2,1,2024,0,0,0,0,65.0,133.0,0.0,1.0,0.8660254037844386,0.5000000000000001,0.8486442574947509,0.5289640103269624,1145
2024-02-06,15581000,44,43,9,12,354113.63636363635,300000.0,2350000,14,29,1,6,6,2,1,2024,0,0,0,0,64.0,132.0,0.7818314824680298,0.6234898018587336,0.8660254037844386,0.5000000000000001,0.9377521321470804,0.3473052528448203,1146
2024-02-07,38973759,76,65,15,12,512812.61842105264,100000.0,17105000,17,48,2,7,6,2,1,2024,0,0,0,0,63.0,131.0,0.9749279121818236,-0.22252093395631434,0.8660254037844386,0.5000000000000001,0.9884683243281114,0.1514277775045767,1147
2024-02-08,15567913,33,32,8,12,471754.9393939394,25000.0,5625000,7,25,3,8,6,2,1,2024,0,0,0,0,62.0,130.0,0.43388373911755823,-0.900968867902419,0.8660254037844386,0.5000000000000001,0.9987165071710528,-0.05064916883871264,1148
2024-02-09,16797000,76,66,14,14,221013.15789473685,100000.0,2000000,22,44,4,9,6,2,1,2024,0,0,0,0,61.0,129.0,-0.433883739117558,-0.9009688679024191,0.8660254037844386,0.5000000000000001,0.9680771188662043,-0.2506525322587204,1149
2024-02-10,5911000,50,44,8,9,118220.0,5000.0,1000000,12,32,5,10,6,2,1,2024,1,0,0,0,60.0,128.0,-0.9749279121818236,-0.2225209339563146,0.8660254037844386,0.5000000000000001,0.8978045395707416,-0.4403941515576344,1150
2024-02-11,18605500,70,57,8,14,265792.85714285716,300000.0,1665500,13,44,6,11,6,2,1,2024,1,0,0,0,59.0,127.0,-0.7818314824680299,0.6234898018587334,0.8660254037844386,0.5000000000000001,0.7907757369376989,-0.6121059825476626,1151
2024-02-12,25495000,110,74,11,12,231772.72727272726,22500.0,8000000,17,57,0,12,7,2,1,2024,0,0,0,0,58.0,126.0,0.0,1.0,0.8660254037844386,0.5000000000000001,0.6513724827222223,-0.7587581226927909,1152
2024-02-13,18906680,130,64,13,12,145436.0,1000.0,9800000,18,46,1,13,7,2,1,2024,0,0,0,0,57.0,125.0,0.7818314824680298,0.6234898018587336,0.8660254037844386,0.5000000000000001,0.48530196253108104,-0.8743466161445821,1153
2024-02-14,4527654,22,21,9,8,205802.45454545456,27500.0,1106654,3,18,2,14,7,2,1,2024,0,0,0,0,56.0,124.0,0.9749279121818236,-0.22252093395631434,0.8660254037844386,0.5000000000000001,0.29936312297335804,-0.9541392564000488,1154
2024-02-15,3766353,110,51,10,11,34239.57272727273,1000.0,400000,11,40,3,15,7,2,1,2024,0,0,0,0,55.0,123.0,0.43388373911755823,-0.900968867902419,0.8660254037844386,0.5000000000000001,0.10116832198743272,-0.994869323391895,1155
2024-02-16,7695000,49,49,13,12,157040.81632653062,25000.0,2000000,8,41,4,16,7,2,1,2024,0,0,0,0,54.0,122.0,-0.433883739117558,-0.9009688679024191,0.8660254037844386,0.5000000000000001,-0.10116832198743204,-0.9948693233918952,1156
2024-02-17,7453000,32,27,8,12,232906.25,75000.0,1250000,9,18,5,17,7,2,1,2024,1,0,0,0,53.0,121.0,-0.9749279121818236,-0.2225209339563146,0.8660254037844386,0.5000000000000001,-0.2993631229733582,-0.9541392564000488,1157
2024-02-18,13009500,38,37,9,12,342355.2631578947,300000.0,2800000,9,28,6,18,7,2,1,2024,1,0,0,0,52.0,120.0,-0.7818314824680299,0.6234898018587334,0.8660254037844386,0.5000000000000001,-0.4853019625310808,-0.8743466161445822,1158
2024-02-19,6572750,59,47,14,12,111402.54237288136,5000.0,894750,10,37,0,19,8,2,1,2024,0,0,0,0,51.0,119.0,0.0,1.0,0.8660254037844386,0.5000000000000001,-0.651372482722222,-0.7587581226927911,1159
2024-02-20,13025500,33,32,7,11,394712.1212121212,300000.0,5000000,15,17,1,20,8,2,1,2024,0,0,0,0,50.0,118.0,0.7818314824680298,0.6234898018587336,0.8660254037844386,0.5000000000000001,-0.7907757369376986,-0.6121059825476627,1160
2024-02-21,4567000,34,29,8,11,134323.5294117647,37500.0,600000,9,20,2,21,8,2,1,2024,0,0,0,0,49.0,117.0,0.9749279121818236,-0.22252093395631434,0.8660254037844386,0.5000000000000001,-0.8978045395707417,-0.44039415155763423,1161
2024-02-22,11751500,79,67,14,10,148753.16455696203,25000.0,1350000,23,44,3,22,8,2,1,2024,0,0,0,0,48.0,116.0,0.43388373911755823,-0.900968867902419,0.8660254037844386,0.5000000000000001,-0.9680771188662041,-0.2506525322587213,1162
2024-02-23,39239700,115,95,19,14,341214.7826086957,110000.0,8030000,26,69,4,23,8,2,1,2024,0,0,0,0,47.0,115.0,-0.433883739117558,-0.9009688679024191,0.8660254037844386,0.5000000000000001,-0.9987165071710528,-0.05064916883871355,1163
2024-02-24,11149503,54,49,10,12,206472.27777777778,100000.0,2160000,12,37,5,24,8,2,1,2024,1,0,0,0,46.0,114.0,-0.9749279121818236,-0.2225209339563146,0.8660254037844386,0.5000000000000001,-0.9884683243281114,0.15142777750457667,1164
2024-02-25,10961280,49,45,11,13,223699.5918367347,100000.0,1962000,14,31,6,25,8,2,1,2024,1,0,0,0,45.0,113.0,-0.7818314824680299,0.6234898018587334,0.8660254037844386,0.5000000000000001,-0.9377521321470804,0.3473052528448203,1165
2024-02-26,21251599,75,64,13,13,283354.6533333333,10000.0,4743400,12,52,0,26,9,2,1,2024,0,0,0,0,44.0,112.0,0.0,1.0,0.8660254037844386,0.5000000000000001,-0.848644257494751,0.5289640103269624,1166
2024-02-27,21908211,99,89,15,15,221295.0606060606,100000.0,4000000,14,75,1,27,9,2,1,2024,0,0,0,0,43.0,111.0,0.7818314824680298,0.6234898018587336,0.8660254037844386,0.5000000000000001,-0.72479278722912,0.6889669190756865,1167
2024-02-28,43734500,102,81,23,12,428769.60784313723,50000.0,15000000,11,70,2,28,9,2,1,2024,0,0,0,0,42.0,110.0,0.9749279121818236,-0.22252093395631434,0.8660254037844386,0.5000000000000001,-0.5712682150947924,0.8207634412072763,1168
2024-02-29,21989783,106,81,13,16,207450.78301886792,20000.0,4123000,20,61,3,29,9,2,1,2024,0,1,0,0,41.0,109.0,0.43388373911755823,-0.900968867902419,0.8660254037844386,0.5000000000000001,-0.3943558551133187,0.9189578116202306,1169
2024-03-01,47449063,139,115,21,17,341360.1654676259,100000.0,10000000,25,90,4,1,9,3,1,2024,0,0,1,0,40.0,108.0,-0.433883739117558,-0.9009688679024191,1.0,6.123233995736766e-17,0.20129852008866006,0.9795299412524945,1170
2024-03-02,16385250,64,57,9,15,256019.53125,300000.0,1050000,13,44,5,2,9,3,1,2024,1,0,0,0,39.0,107.0,-0.9749279121818236,-0.2225209339563146,1.0,6.123233995736766e-17,0.39435585511331855,0.9189578116202306,1171
2024-03-03,23678559,82,73,15,14,288762.9146341463,100000.0,8025000,32,41,6,3,9,3,1,2024,1,0,0,0,38.0,106.0,-0.7818314824680299,0.6234898018587334,1.0,6.123233995736766e-17,0.5712682150947923,0.8207634412072763,1172
2024-03-04,14986884,82,63,10,14,182766.8780487805,10000.0,3200000,13,50,0,4,10,3,1,2024,0,0,0,0,37.0,105.0,0.0,1.0,1.0,6.123233995736766e-17,0.7247927872291199,0.6889669190756866,1173
2024-03-05,13668671,81,67,17,13,168749.02469135803,10000.0,2617171,18,49,1,5,10,3,1,2024,0,0,0,0,36.0,104.0,0.7818314824680298,0.6234898018587336,1.0,6.123233995736766e-17,0.8486442574947509,0.5289640103269624,1174
2024-03-06,22568100,60,52,10,11,376135.0,250000.0,3000000,15,37,2,6,10,3,1,2024,0,0,0,0,35.0,103.0,0.9749279121818236,-0.22252093395631434,1.0,6.123233995736766e-17,0.9377521321470804,0.3473052528448203,1175
2024-03-07,18466000,65,65,15,13,284092.3076923077,151000.0,5000000,16,49,3,7,10,3,1,2024,0,0,0,0,34.0,102.0,0.43388373911755823,-0.900968867902419,1.0,6.123233995736766e-17,0.9884683243281114,0.1514277775045767,1176
2024-03-08,20102255,62,61,14,15,324229.9193548387,292500.0,2000000,19,42,4,8,10,3,1,2024,0,0,0,0,33.0,101.0,-0.433883739117558,-0.9009688679024191,1.0,6.123233995736766e-17,0.9987165071710528,-0.05064916883871264,1177
2024-03-09,20983577,43,38,11,11,487990.16279069765,250000.0,5000000,17,21,5,9,10,3,1,2024,1,0,0,0,32.0,100.0,-0.9749279121818236,-0.2225209339563146,1.0,6.123233995736766e-17,0.9680771188662043,-0.2506525322587204,1178
2024-03-10,13502000,38,35,12,14,355315.7894736842,300000.0,2000000,10,25,6,10,10,3,1,2024,1,0,0,0,31.0,99.0,-0.7818314824680299,0.6234898018587334,1.0,6.123233995736766e-17,0.8978045395707416,-0.4403941515576344,1179
2024-03-11,35166340,83,82,16,17,423690.843373494,210000.0,15000000,43,39,0,11,11,3,1,2024,0,0,0,0,30.0,98.0,0.0,1.0,1.0,6.123233995736766e-17,0.7907757369376989,-0.6121059825476626,1180
2024-03-12,88000300,191,160,35,18,460734.55497382197,150000.0,10000000,75,85,1,12,11,3,1,2024,0,0,0,1,29.0,97.0,0.7818314824680298,0.6234898018587336,1.0,6.123233995736766e-17,0.6513724827222223,-0.7587581226927909,1181
2024-03-13,62347521,170,160,26,20,366750.12352941174,200000.0,10000000,86,74,2,13,11,3,1,2024,0,0,0,1,28.0,96.0,0.9749279121818236,-0.22252093395631434,1.0,6.123233995736766e-17,0.48530196253108104,-0.8743466161445821,1182
2024-03-14,99555465,218,184,30,19,456676.4449541284,165000.0,17000000,86,98,3,14,11,3,1,2024,0,0,0,1,27.0,95.0,0.43388373911755823,-0.900968867902419,1.0,6.123233995736766e-17,0.29936312297335804,-0.9541392564000488,1183
2024-03-15,173161915,589,358,46,19,293993.06451612903,5000.0,10000000,187,171,4,15,11,3,1,2024,0,0,0,1,26.0,94.0,-0.433883739117558,-0.9009688679024191,1.0,6.123233995736766e-17,0.10116832198743272,-0.994869323391895,1184
2024-03-16,72052800,186,184,24,19,387380.6451612903,300000.0,5000000,91,93,5,16,11,3,1,2024,1,0,0,1,25.0,93.0,-0.9749279121818236,-0.2225209339563146,1.0,6.123233995736766e-17,-0.10116832198743204,-0.9948693233918952,1185
2024-03-17,123646000,199,191,29,18,621336.6834170854,100000.0,15000000,90,101,6,17,11,3,1,2024,1,0,0,1,24.0,92.0,-0.7818314824680299,0.6234898018587334,1.0,6.123233995736766e-17,-0.2993631229733582,-0.9541392564000488,1186
2024-03-18,149271600,239,207,35,19,624567.3640167364,150000.0,28021000,102,105,0,18,12,3,1,2024,0,0,0,1,23.0,91.0,0.0,1.0,1.0,6.123233995736766e-17,-0.4853019625310808,-0.8743466161445822,1187
2024-03-19,110760503,291,236,39,18,380620.2852233677,50000.0,10500000,95,141,1,19,12,3,1,2024,0,0,0,1,22.0,90.0,0.7818314824680298,0.6234898018587336,1.0,6.123233995736766e-17,-0.651372482722222,-0.7587581226927911,1188
2024-03-20,140211015,243,216,34,19,577000.061728395,150000.0,15000000,94,122,2,20,12,3,1,2024,0,0,0,1,21.0,89.0,0.9749279121818236,-0.22252093395631434,1.0,6.123233995736766e-17,-0.7907757369376986,-0.6121059825476627,1189
2024-03-21,142077000,257,234,32,21,552828.7937743191,90000.0,10000000,125,109,3,21,12,3,1,2024,0,0,0,1,20.0,88.0,0.43388373911755823,-0.900968867902419,1.0,6.123233995736766e-17,-0.8978045395707417,-0.44039415155763423,1190
2024-03-22,337647092,445,371,47,20,758757.5101123595,150000.0,20000000,178,193,4,22,12,3,1,2024,0,0,0,1,19.0,87.0,-0.433883739117558,-0.9009688679024191,1.0,6.123233995736766e-17,-0.9680771188662041,-0.2506525322587213,1191
2024-03-23,98302484,203,180,31,20,484248.6896551724,200000.0,10000000,91,89,5,23,12,3,1,2024,1,0,0,1,18.0,86.0,-0.9749279121818236,-0.2225209339563146,1.0,6.123233995736766e-17,-0.9987165071710528,-0.05064916883871355,1192
2024-03-24,221378583,309,263,35,20,716435.5436893204,200000.0,10000000,149,114,6,24,12,3,1,2024,1,0,0,1,17.0,85.0,-0.7818314824680299,0.6234898018587334,1.0,6.123233995736766e-17,-0.9884683243281114,0.15142777750457667,1193
2024-03-25,217374074,416,338,45,20,522533.83173076925,100000.0,25000000,180,158,0,25,13,3,1,2024,0,0,0,1,16.0,84.0,0.0,1.0,1.0,6.123233995736766e-17,-0.9377521321470804,0.3473052528448203,1194
2024-03-26,274893308,536,407,43,19,512860.64925373136,100000.0,18000000,228,179,1,26,13,3,1,2024,0,0,0,1,15.0,83.0,0.7818314824680298,0.6234898018587336,1.0,6.123233995736766e-17,-0.848644257494751,0.5289640103269624,1195
2024-03-27,487503685,1041,614,55,21,468303.2516810759,45000.0,120000000,361,253,2,27,13,3,1,2024,0,0,0,1,14.0,82.0,0.9749279121818236,-0.22252093395631434,1.0,6.123233995736766e-17,-0.72479278722912,0.6889669190756865,1196
2024-03-28,489620909,752,558,56,19,651091.6343085107,150000.0,30000000,338,220,3,28,13,3,1,2024,0,0,0,1,13.0,81.0,0.43388373911755823,-0.900968867902419,1.0,6.123233995736766e-17,-0.5712682150947924,0.8207634412072763,1197
2024-03-29,826137360,1090,878,59,20,757924.1834862386,200000.0,50000000,534,344,4,29,13,3,1,2024,0,0,0,1,12.0,80.0,-0.433883739117558,-0.9009688679024191,1.0,6.123233995736766e-17,-0.3943558551133187,0.9189578116202306,1198
2024-03-30,672981269,831,628,54,20,809845.0890493381,180000.0,65000000,378,250,5,30,13,3,1,2024,1,0,0,1,11.0,79.0,-0.9749279121818236,-0.2225209339563146,1.0,6.123233995736766e-17,-0.20129852008866114,0.9795299412524943,1199
2024-03-31,568505332,1021,760,55,21,556812.2742409402,135000.0,20000000,488,272,6,31,13,3,1,2024,1,1,0,1,10.0,78.0,-0.7818314824680299,0.6234898018587334,1.0,6.123233995736766e-17,-2.4492935982947064e-16,1.0,1200
2024-04-01,879006024,1352,997,66,21,650152.3846153846,150000.0,100000000,617,380,0,1,14,4,2,2024,0,0,1,1,9.0,77.0,0.0,1.0,0.8660254037844387,-0.4999999999999998,0.20129852008866006,0.9795299412524945,1201
2024-04-02,960718533,1496,1120,64,21,642191.5327540106,161250.0,44000000,745,375,1,2,14,4,2,2024,0,0,0,1,8.0,76.0,0.7818314824680298,0.6234898018587336,0.8660254037844387,-0.4999999999999998,0.39435585511331855,0.9189578116202306,1202
2024-04-03,997134178,1508,1090,67,21,661229.5610079576,162500.0,50000000,729,361,2,3,14,4,2,2024,0,0,0,1,7.0,75.0,0.9749279121818236,-0.22252093395631434,0.8660254037844387,-0.4999999999999998,0.5712682150947923,0.8207634412072763,1203
2024-04-04,1099798721,2023,1518,77,21,543647.4152249135,150000.0,25000000,1018,500,3,4,14,4,2,2024,0,0,0,1,6.0,74.0,0.43388373911755823,-0.900968867902419,0.8660254037844387,-0.4999999999999998,0.7247927872291199,0.6889669190756866,1204
2024-04-05,1491725150,2645,1968,84,22,563979.2627599244,150000.0,45454000,1352,616,4,5,14,4,2,2024,0,0,0,1,5.0,73.0,-0.433883739117558,-0.9009688679024191,0.8660254037844387,-0.4999999999999998,0.8486442574947509,0.5289640103269624,1205
2024-04-06,1238805385,2160,1519,73,21,573521.011574074,172500.0,33125000,1043,476,5,6,14,4,2,2024,1,0,0,1,4.0,72.0,-0.9749279121818236,-0.2225209339563146,0.8660254037844387,-0.4999999999999998,0.9377521321470804,0.3473052528448203,1206
2024-04-07,1100558269,2274,1629,80,21,483974.6125769569,132500.0,40000000,1102,527,6,7,14,4,2,2024,1,0,0,1,3.0,71.0,-0.7818314824680299,0.6234898018587334,0.8660254037844387,-0.4999999999999998,0.9884683243281114,0.1514277775045767,1207
2024-04-08,1091561925,2326,1779,72,21,469287.15606190887,150000.0,41000000,1237,542,0,8,15,4,2,2024,0,0,0,1,2.0,70.0,0.0,1.0,0.8660254037844387,-0.4999999999999998,0.9987165071710528,-0.05064916883871264,1208
2024-04-09,1243892191,2043,1572,76,22,608855.6979931473,150000.0,26000000,1116,456,1,9,15,4,2,2024,0,0,0,1,1.0,69.0,0.7818314824680298,0.6234898018587336,0.8660254037844387,-0.4999999999999998,0.9680771188662043,-0.2506525322587204,1209
2024-04-10,54747150,113,105,17,16,484488.0530973451,100000.0,10000000,79,26,2,10,15,4,2,2024,0,0,0,0,0.0,68.0,0.9749279121818236,-0.22252093395631434,0.8660254037844387,-0.4999999999999998,0.8978045395707416,-0.4403941515576344,1210
2024-04-11,10351000,39,36,15,16,265410.25641025644,40000.0,4450000,17,19,3,11,15,4,2,2024,0,0,0,0,354.0,67.0,0.43388373911755823,-0.900968867902419,0.8660254037844387,-0.4999999999999998,0.7907757369376989,-0.6121059825476626,1211
2024-04-12,22920677,57,54,20,15,402117.1403508772,50000.0,6260000,25,29,4,12,15,4,2,2024,0,0,0,0,353.0,66.0,-0.433883739117558,-0.9009688679024191,0.8660254037844387,-0.4999999999999998,0.6513724827222223,-0.7587581226927909,1212
2024-04-13,27231497,33,27,11,14,825196.8787878788,100000.0,18610002,10,17,5,13,15,4,2,2024,1,0,0,0,352.0,65.0,-0.9749279121818236,-0.2225209339563146,0.8660254037844387,-0.4999999999999998,0.48530196253108104,-0.8743466161445821,1213
2024-04-14,44006500,77,57,13,14,571512.987012987,1000.0,30000000,29,28,6,14,15,4,2,2024,1,0,0,0,351.0,64.0,-0.7818314824680299,0.6234898018587334,0.8660254037844387,-0.4999999999999998,0.29936312297335804,-0.9541392564000488,1214
2024-04-15,21912735,342,94,21,15,64072.32456140351,1000.0,10000000,58,36,0,15,16,4,2,2024,0,0,0,0,350.0,63.0,0.0,1.0,0.8660254037844387,-0.4999999999999998,0.10116832198743272,-0.994869323391895,1215
2024-04-16,6826604,72,40,21,13,94813.94444444444,5000.0,2500000,14,26,1,16,16,4,2,2024,0,0,0,0,349.0,62.0,0.7818314824680298,0.6234898018587336,0.8660254037844387,-0.4999999999999998,-0.10116832198743204,-0.9948693233918952,1216
2024-04-17,6750000,37,34,14,14,182432.43243243243,45000.0,2000000,15,19,2,17,16,4,2,2024,0,0,0,0,348.0,61.0,0.9749279121818236,-0.22252093395631434,0.8660254037844387,-0.4999999999999998,-0.2993631229733582,-0.9541392564000488,1217
2024-04-18,22820000,45,38,16,12,507111.1111111111,10000.0,8000000,12,26,3,18,16,4,2,2024,0,0,0,0,347.0,60.0,0.43388373911755823,-0.900968867902419,0.8660254037844387,-0.4999999999999998,-0.4853019625310808,-0.8743466161445822,1218
2024-04-19,16565514,88,69,24,17,188244.47727272726,10000.0,5000000,16,53,4,19,16,4,2,2024,0,0,0,0,346.0,59.0,-0.433883739117558,-0.9009688679024191,0.8660254037844387,-0.4999999999999998,-0.651372482722222,-0.7587581226927911,1219
2024-04-20,1115531,36,33,17,11,30986.972222222223,10000.0,300000,3,30,5,20,16,4,2,2024,1,0,0,0,345.0,58.0,-0.9749279121818236,-0.2225209339563146,0.8660254037844387,-0.4999999999999998,-0.7907757369376986,-0.6121059825476627,1220
2024-04-21,6204000,47,39,13,13,132000.0,10000.0,2000000,10,29,6,21,16,4,2,2024,1,0,0,0,344.0,57.0,-0.7818314824680299,0.6234898018587334,0.8660254037844387,-0.4999999999999998,-0.8978045395707417,-0.44039415155763423,1221
2024-04-22,18756498,817,192,34,16,22957.76988984088,1000.0,3520000,53,139,0,22,17,4,2,2024,0,0,0,0,343.0,56.0,0.0,1.0,0.8660254037844387,-0.4999999999999998,-0.9680771188662041,-0.2506525322587213,1222
2024-04-23,7512500,51,45,18,15,147303.92156862744,10000.0,1700000,5,40,1,23,17,4,2,2024,0,0,0,0,342.0,55.0,0.7818314824680298,0.6234898018587336,0.8660254037844387,-0.4999999999999998,-0.9987165071710528,-0.05064916883871355,1223
2024-04-24,36706234,72,54,17,13,509808.80555555556,10000.0,4000000,14,40,2,24,17,4,2,2024,0,0,0,0,341.0,54.0,0.9749279121818236,-0.22252093395631434,0.8660254037844387,-0.4999999999999998,-0.9884683243281114,0.15142777750457667,1224
2024-04-25,31346089,93,73,22,16,337054.72043010755,20000.0,8000000,20,53,3,25,17,4,2,2024,0,0,0,0,340.0,53.0,0.43388373911755823,-0.900968867902419,0.8660254037844387,-0.4999999999999998,-0.9377521321470804,0.3473052528448203,1225
2024-04-26,38175001,127,90,20,14,300590.5590551181,50000.0,10000000,29,61,4,26,17,4,2,2024,0,0,0,0,339.0,52.0,-0.433883739117558,-0.9009688679024191,0.8660254037844387,-0.4999999999999998,-0.848644257494751,0.5289640103269624,1226
2024-04-27,16640000,59,58,16,14,282033.89830508473,150000.0,4000000,20,38,5,27,17,4,2,2024,1,0,0,0,338.0,51.0,-0.9749279121818236,-0.2225209339563146,0.8660254037844387,-0.4999999999999998,-0.72479278722912,0.6889669190756865,1227
2024-04-28,13291083,49,45,17,15,271246.5918367347,50000.0,2000000,12,33,6,28,17,4,2,2024,1,0,0,0,337.0,50.0,-0.7818314824680299,0.6234898018587334,0.8660254037844387,-0.4999999999999998,-0.5712682150947924,0.8207634412072763,1228
2024-04-29,18828251,58,52,18,14,324625.0172413793,10000.5,2000000,16,36,0,29,18,4,2,2024,0,0,0,0,336.0,49.0,0.0,1.0,0.8660254037844387,-0.4999999999999998,-0.3943558551133187,0.9189578116202306,1229
2024-04-30,150616100,124,110,21,15,1214645.9677419355,450000.0,20860000,45,65,1,30,18,4,2,2024,0,1,0,0,335.0,48.0,0.7818314824680298,0.6234898018587336,0.8660254037844387,-0.4999999999999998,-0.20129852008866114,0.9795299412524943,1230
2024-05-01,12479210,56,44,12,13,222843.0357142857,10000.0,2000000,3,41,2,1,18,5,2,2024,0,0,1,0,334.0,47.0,0.9749279121818236,-0.22252093395631434,0.49999999999999994,-0.8660254037844387,0.20129852008866006,0.9795299412524945,1231
2024-05-02,16246625,84,60,18,15,193412.20238095237,50000.0,5000000,7,53,3,2,18,5,2,2024,0,0,0,0,333.0,46.0,0.43388373911755823,-0.900968867902419,0.49999999999999994,-0.8660254037844387,0.39435585511331855,0.9189578116202306,1232
2024-05-03,20571753,90,78,20,14,228575.03333333333,50000.0,2500000,15,63,4,3,18,5,2,2024,0,0,0,0,332.0,45.0,-0.433883739117558,-0.9009688679024191,0.49999999999999994,-0.8660254037844387,0.5712682150947923,0.8207634412072763,1233
2024-05-04,7183714,45,45,13,13,159638.0888888889,15000.0,2100000,6,39,5,4,18,5,2,2024,1,0,0,0,331.0,44.0,-0.9749279121818236,-0.2225209339563146,0.49999999999999994,-0.8660254037844387,0.7247927872291199,0.6889669190756866,1234
2024-05-05,30958980,61,50,16,12,507524.262295082,20000.0,2100000,16,34,6,5,18,5,2,2024,1,0,0,0,330.0,43.0,-0.7818314824680299,0.6234898018587334,0.49999999999999994,-0.8660254037844387,0.8486442574947509,0.5289640103269624,1235
2024-05-06,14753266,68,56,20,13,216959.79411764705,10000.0,2100000,8,48,0,6,19,5,2,2024,0,0,0,0,329.0,42.0,0.0,1.0,0.49999999999999994,-0.8660254037844387,0.9377521321470804,0.3473052528448203,1236
2024-05-07,12432993,109,66,16,12,114064.15596330275,1000.0,2100000,19,47,1,7,19,5,2,2024,0,0,0,0,328.0,41.0,0.7818314824680298,0.6234898018587336,0.49999999999999994,-0.8660254037844387,0.9884683243281114,0.1514277775045767,1237
2024-05-08,10556025,68,42,25,12,155235.66176470587,1000.0,5000000,5,37,2,8,19,5,2,2024,0,0,0,0,327.0,40.0,0.9749279121818236,-0.22252093395631434,0.49999999999999994,-0.8660254037844387,0.9987165071710528,-0.05064916883871264,1238
2024-05-09,23941000,42,31,15,10,570023.8095238095,10000.0,15000000,8,23,3,9,19,5,2,2024,0,0,0,0,326.0,39.0,0.43388373911755823,-0.900968867902419,0.49999999999999994,-0.8660254037844387,0.9680771188662043,-0.2506525322587204,1239
2024-05-10,22172926,108,74,27,17,205304.87037037036,5000.0,5600000,18,56,4,10,19,5,2,2024,0,0,0,0,325.0,38.0,-0.433883739117558,-0.9009688679024191,0.49999999999999994,-0.8660254037844387,0.8978045395707416,-0.4403941515576344,1240
2024-05-11,10150500,33,29,11,9,307590.9090909091,5000.0,2550000,4,25,5,11,19,5,2,2024,1,0,0,0,324.0,37.0,-0.9749279121818236,-0.2225209339563146,0.49999999999999994,-0.8660254037844387,0.7907757369376989,-0.6121059825476626,1241
2024-05-12,18917000,40,31,13,11,472925.0,3500.0,10000000,6,25,6,12,19,5,2,2024,1,0,0,0,323.0,36.0,-0.7818314824680299,0.6234898018587334,0.49999999999999994,-0.8660254037844387,0.6513724827222223,-0.7587581226927909,1242
2024-05-13,28539826,96,68,24,16,297289.8541666667,5000.0,3000000,18,50,0,13,20,5,2,2024,0,0,0,0,322.0,35.0,0.0,1.0,0.49999999999999994,-0.8660254037844387,0.48530196253108104,-0.8743466161445821,1243
2024-05-14,54207000,138,72,23,14,392804.347826087,1000.0,13750000,17,55,1,14,20,5,2,2024,0,0,0,0,321.0,34.0,0.7818314824680298,0.6234898018587336,0.49999999999999994,-0.8660254037844387,0.29936312297335804,-0.9541392564000488,1244
2024-05-15,29652634,254,84,23,13,116742.65354330708,1000.0,13750000,25,59,2,15,20,5,2,2024,0,0,0,0,320.0,33.0,0.9749279121818236,-0.22252093395631434,0.49999999999999994,-0.8660254037844387,0.10116832198743272,-0.994869323391895,1245
2024-05-16,35680000,54,47,16,12,660740.7407407408,10000.0,13750000,16,31,3,16,20,5,2,2024,0,0,0,0,319.0,32.0,0.43388373911755823,-0.900968867902419,0.49999999999999994,-0.8660254037844387,-0.10116832198743204,-0.9948693233918952,1246
2024-05-17,15546008,74,61,22,12,210081.1891891892,10000.0,2100000,20,41,4,17,20,5,2,2024,0,0,0,0,318.0,31.0,-0.433883739117558,-0.9009688679024191,0.49999999999999994,-0.8660254037844387,-0.2993631229733582,-0.9541392564000488,1247
2024-05-18,16368500,45,45,15,12,363744.44444444444,10000.0,5000000,15,30,5,18,20,5,2,2024,1,0,0,0,317.0,30.0,-0.9749279121818236,-0.2225209339563146,0.49999999999999994,-0.8660254037844387,-0.4853019625310808,-0.8743466161445822,1248
2024-05-19,8685709,32,32,11,12,271428.40625,10000.0,2500000,3,29,6,19,20,5,2,2024,1,0,0,0,316.0,29.0,-0.7818314824680299,0.6234898018587334,0.49999999999999994,-0.8660254037844387,-0.651372482722222,-0.7587581226927911,1249
2024-05-20,2435000,52,43,13,12,46826.92307692308,1000.0,1000000,5,38,0,20,21,5,2,2024,0,0,0,0,315.0,28.0,0.0,1.0,0.49999999999999994,-0.8660254037844387,-0.7907757369376986,-0.6121059825476627,1250
2024-05-21,656500,43,36,10,11,15267.441860465116,2000.0,250000,4,32,1,21,21,5,2,2024,0,0,0,0,314.0,27.0,0.7818314824680298,0.6234898018587336,0.49999999999999994,-0.8660254037844387,-0.8978045395707417,-0.44039415155763423,1251
2024-05-22,10426000,54,46,12,10,193074.07407407407,10000.0,4200000,6,40,2,22,21,5,2,2024,0,0,0,0,313.0,26.0,0.9749279121818236,-0.22252093395631434,0.49999999999999994,-0.8660254037844387,-0.9680771188662041,-0.2506525322587213,1252
2024-05-23,11190000,27,24,10,13,414444.44444444444,10000.0,2100000,6,18,3,23,21,5,2,2024,0,0,0,0,312.0,25.0,0.43388373911755823,-0.900968867902419,0.49999999999999994,-0.8660254037844387,-0.9987165071710528,-0.05064916883871355,1253
2024-05-24,32435623,66,61,23,13,491448.8333333333,50000.0,3000000,11,50,4,24,21,5,2,2024,0,0,0,0,311.0,24.0,-0.433883739117558,-0.9009688679024191,0.49999999999999994,-0.8660254037844387,-0.9884683243281114,0.15142777750457667,1254
2024-05-25,9706507,61,38,13,12,159123.0655737705,1000.0,2100000,9,29,5,25,21,5,2,2024,1,0,0,0,310.0,23.0,-0.9749279121818236,-0.2225209339563146,0.49999999999999994,-0.8660254037844387,-0.9377521321470804,0.3473052528448203,1255
2024-05-26,40881555,41,34,14,11,997111.0975609756,50000.0,13750000,9,25,6,26,21,5,2,2024,1,0,0,0,309.0,22.0,-0.7818314824680299,0.6234898018587334,0.49999999999999994,-0.8660254037844387,-0.848644257494751,0.5289640103269624,1256
2024-05-27,30385000,43,36,12,12,706627.9069767442,120000.0,4000000,8,28,0,27,22,5,2,2024,0,0,0,0,308.0,21.0,0.0,1.0,0.49999999999999994,-0.8660254037844387,-0.72479278722912,0.6889669190756865,1257
2024-05-28,20995039,54,48,14,11,388797.01851851854,50000.0,2500000,10,38,1,28,22,5,2,2024,0,0,0,0,307.0,20.0,0.7818314824680298,0.6234898018587336,0.49999999999999994,-0.8660254037844387,-0.5712682150947924,0.8207634412072763,1258
2024-05-29,41377033,65,51,16,14,636569.7384615385,10000.0,13500000,16,35,2,29,22,5,2,2024,0,0,0,0,306.0,19.0,0.9749279121818236,-0.22252093395631434,0.49999999999999994,-0.8660254037844387,-0.3943558551133187,0.9189578116202306,1259
2024-05-30,18121185,58,43,13,15,312434.224137931,10000.0,2900000,7,36,3,30,22,5,2,2024,0,0,0,0,305.0,18.0,0.43388373911755823,-0.900968867902419,0.49999999999999994,-0.8660254037844387,-0.20129852008866114,0.9795299412524943,1260
2024-05-31,92882159,95,73,20,15,977706.9368421052,10008.0,43310000,14,59,4,31,22,5,2,2024,0,1,0,0,304.0,17.0,-0.433883739117558,-0.9009688679024191,0.49999999999999994,-0.8660254037844387,-2.4492935982947064e-16,1.0,1261
2024-06-01,61735338,61,51,15,13,1012054.7213114754,100000.0,15000000,13,38,5,1,22,6,2,2024,1,0,1,0,303.0,16.0,-0.9749279121818236,-0.2225209339563146,1.2246467991473532e-16,-1.0,0.20129852008866006,0.9795299412524945,1262
2024-06-02,50457975,79,55,29,11,638708.5443037974,87500.0,3000000,16,39,6,2,22,6,2,2024,1,0,0,0,302.0,15.0,-0.7818314824680299,0.6234898018587334,1.2246467991473532e-16,-1.0,0.39435585511331855,0.9189578116202306,1263
2024-06-03,38126750,91,67,18,13,418975.2747252747,5000.0,5330950,11,56,0,3,23,6,2,2024,0,0,0,0,301.0,14.0,0.0,1.0,1.2246467991473532e-16,-1.0,0.5712682150947923,0.8207634412072763,1264
2024-06-04,48488484,73,67,18,15,664225.8082191781,110000.0,10000000,18,49,1,4,23,6,2,2024,0,0,0,0,300.0,13.0,0.7818314824680298,0.6234898018587336,1.2246467991473532e-16,-1.0,0.7247927872291199,0.6889669190756866,1265
2024-06-05,60694375,71,59,17,12,854850.352112676,10000.0,12000000,20,39,2,5,23,6,2,2024,0,0,0,0,299.0,12.0,0.9749279121818236,-0.22252093395631434,1.2246467991473532e-16,-1.0,0.8486442574947509,0.5289640103269624,1266
2024-06-06,92650672,69,61,15,13,1342763.3623188406,288000.0,25000000,21,40,3,6,23,6,2,2024,0,0,0,0,298.0,11.0,0.43388373911755823,-0.900968867902419,1.2246467991473532e-16,-1.0,0.9377521321470804,0.3473052528448203,1267
2024-06-07,90897154,91,74,21,13,998869.8241758242,50000.0,32000000,25,49,4,7,23,6,2,2024,0,0,0,0,297.0,10.0,-0.433883739117558,-0.9009688679024191,1.2246467991473532e-16,-1.0,0.9884683243281114,0.1514277775045767,1268
2024-06-08,49283066,71,51,26,12,694127.690140845,10000.0,13750000,18,33,5,8,23,6,2,2024,1,0,0,0,296.0,9.0,-0.9749279121818236,-0.2225209339563146,1.2246467991473532e-16,-1.0,0.9987165071710528,-0.05064916883871264,1269
2024-06-09,48399609,56,40,15,15,864278.7321428572,27500.0,10750000,15,25,6,9,23,6,2,2024,1,0,0,0,295.0,8.0,-0.7818314824680299,0.6234898018587334,1.2246467991473532e-16,-1.0,0.9680771188662043,-0.2506525322587204,1270
2024-06-10,93656500,61,54,15,13,1535352.4590163934,1000000.0,8000000,28,26,0,10,24,6,2,2024,0,0,0,0,294.0,7.0,0.0,1.0,1.2246467991473532e-16,-1.0,0.8978045395707416,-0.4403941515576344,1271
2024-06-11,66803300,103,50,14,14,648575.7281553398,1000.0,30000000,10,40,1,11,24,6,2,2024,0,0,0,0,293.0,6.0,0.7818314824680298,0.6234898018587336,1.2246467991473532e-16,-1.0,0.7907757369376989,-0.6121059825476626,1272
2024-06-12,71767305,77,56,18,13,932042.922077922,10000.0,12000000,18,38,2,12,24,6,2,2024,0,0,0,0,292.0,5.0,0.9749279121818236,-0.22252093395631434,1.2246467991473532e-16,-1.0,0.6513724827222223,-0.7587581226927909,1273
2024-06-13,104468000,105,53,15,14,994933.3333333334,1000.0,40000000,12,41,3,13,24,6,2,2024,0,0,0,0,291.0,4.0,0.43388373911755823,-0.900968867902419,1.2246467991473532e-16,-1.0,0.48530196253108104,-0.8743466161445821,1274
2024-06-14,95059665,169,102,22,17,562483.224852071,1000.0,27597883,39,63,4,14,24,6,2,2024,0,0,0,0,290.0,3.0,-0.433883739117558,-0.9009688679024191,1.2246467991473532e-16,-1.0,0.29936312297335804,-0.9541392564000488,1275
2024-06-15,69676517,145,68,19,16,480527.70344827586,1000.0,6000000,22,46,5,15,24,6,2,2024,1,0,0,0,289.0,2.0,-0.9749279121818236,-0.2225209339563146,1.2246467991473532e-16,-1.0,0.10116832198743272,-0.994869323391895,1276
2024-06-16,196943325,53,52,16,11,3715911.7924528304,100000.0,100000000,16,36,6,16,24,6,2,2024,1,0,0,0,288.0,1.0,-0.7818314824680299,0.6234898018587334,1.2246467991473532e-16,-1.0,-0.10116832198743204,-0.9948693233918952,1277
2024-06-17,2003775,29,26,10,8,69095.68965517242,2400.0,1162859,4,22,0,17,25,6,2,2024,0,0,0,0,287.0,0.0,0.0,1.0,1.2246467991473532e-16,-1.0,-0.2993631229733582,-0.9541392564000488,1278
2024-06-18,164488500,29,24,9,6,5672017.24137931,2000.0,60000000,11,13,1,18,25,6,2,2024,0,0,0,0,286.0,354.0,0.7818314824680298,0.6234898018587336,1.2246467991473532e-16,-1.0,-0.4853019625310808,-0.8743466161445822,1279
2024-06-19,4862001,29,27,10,8,167655.2068965517,10000.0,2900000,7,20,2,19,25,6,2,2024,0,0,0,0,285.0,353.0,0.9749279121818236,-0.22252093395631434,1.2246467991473532e-16,-1.0,-0.651372482722222,-0.7587581226927911,1280
2024-06-20,9875501,10,8,5,5,987550.1,10000.5,7000000,2,6,3,20,25,6,2,2024,0,0,0,0,284.0,352.0,0.43388373911755823,-0.900968867902419,1.2246467991473532e-16,-1.0,-0.7907757369376986,-0.6121059825476627,1281
2024-06-21,4288750,55,37,13,11,77977.27272727272,1000.0,1000000,7,30,4,21,25,6,2,2024,0,0,0,0,283.0,351.0,-0.433883739117558,-0.9009688679024191,1.2246467991473532e-16,-1.0,-0.8978045395707417,-0.44039415155763423,1282
2024-06-22,1472000,32,21,8,8,46000.0,1500.0,850000,2,19,5,22,25,6,2,2024,1,0,0,0,282.0,350.0,-0.9749279121818236,-0.2225209339563146,1.2246467991473532e-16,-1.0,-0.9680771188662041,-0.2506525322587213,1283
2024-06-23,1075500,13,13,7,8,82730.76923076923,10000.0,500000,1,12,6,23,25,6,2,2024,1,0,0,0,281.0,349.0,-0.7818314824680299,0.6234898018587334,1.2246467991473532e-16,-1.0,-0.9987165071710528,-0.05064916883871355,1284
2024-06-24,14069875,28,25,8,9,502495.53571428574,17500.0,10000000,4,21,0,24,26,6,2,2024,0,0,0,0,280.0,348.0,0.0,1.0,1.2246467991473532e-16,-1.0,-0.9884683243281114,0.15142777750457667,1285
2024-06-25,10450355,63,51,17,14,165878.6507936508,10000.0,1559000,12,39,1,25,26,6,2,2024,0,0,0,0,279.0,347.0,0.7818314824680298,0.6234898018587336,1.2246467991473532e-16,-1.0,-0.9377521321470804,0.3473052528448203,1286
2024-06-26,24199418,42,37,7,10,576176.619047619,37500.0,10000000,6,31,2,26,26,6,2,2024,0,0,0,0,278.0,346.0,0.9749279121818236,-0.22252093395631434,1.2246467991473532e-16,-1.0,-0.848644257494751,0.5289640103269624,1287
2024-06-27,13595432,44,36,7,11,308987.0909090909,10000.0,5000000,6,30,3,27,26,6,2,2024,0,0,0,0,277.0,345.0,0.43388373911755823,-0.900968867902419,1.2246467991473532e-16,-1.0,-0.72479278722912,0.6889669190756865,1288
2024-06-28,37699690,49,48,9,14,769381.4285714285,200000.0,15000000,3,45,4,28,26,6,2,2024,0,0,0,0,276.0,344.0,-0.433883739117558,-0.9009688679024191,1.2246467991473532e-16,-1.0,-0.5712682150947924,0.8207634412072763,1289
2024-06-29,5917440,25,22,8,9,236697.6,100000.0,1000000,2,20,5,29,26,6,2,2024,1,0,0,0,275.0,343.0,-0.9749279121818236,-0.2225209339563146,1.2246467991473532e-16,-1.0,-0.3943558551133187,0.9189578116202306,1290
2024-06-30,12012855,31,27,7,11,387511.4516129032,40000.0,5625000,9,18,6,30,26,6,2,2024,1,1,0,0,274.0,342.0,-0.7818314824680299,0.6234898018587334,1.2246467991473532e-16,-1.0,-0.20129852008866114,0.9795299412524943,1291
2024-07-01,17907798,98,66,14,13,182732.6326530612,10000.0,1800000,6,60,0,1,27,7,3,2024,0,0,1,0,273.0,341.0,0.0,1.0,-0.4999999999999997,-0.8660254037844388,0.20129852008866006,0.9795299412524945,1292
2024-07-02,10614559,71,54,15,11,149500.8309859155,5000.0,1456000,12,42,1,2,27,7,3,2024,0,0,0,0,272.0,340.0,0.7818314824680298,0.6234898018587336,-0.4999999999999997,-0.8660254037844388,0.39435585511331855,0.9189578116202306,1293
2024-07-03,8188423,42,35,11,11,194962.45238095237,7500.0,2700000,5,30,2,3,27,7,3,2024,0,0,0,0,271.0,339.0,0.9749279121818236,-0.22252093395631434,-0.4999999999999997,-0.8660254037844388,0.5712682150947923,0.8207634412072763,1294
2024-07-04,18022384,53,42,12,13,340044.9811320755,50000.0,2000000,3,39,3,4,27,7,3,2024,0,0,0,0,270.0,338.0,0.43388373911755823,-0.900968867902419,-0.4999999999999997,-0.8660254037844388,0.7247927872291199,0.6889669190756866,1295
2024-07-05,10458800,88,63,16,13,118850.0,55000.0,1000000,5,58,4,5,27,7,3,2024,0,0,0,0,269.0,337.0,-0.433883739117558,-0.9009688679024191,-0.4999999999999997,-0.8660254037844388,0.8486442574947509,0.5289640103269624,1296
2024-07-06,4673625,34,29,8,10,137459.5588235294,75000.0,1000000,7,22,5,6,27,7,3,2024,1,0,0,0,268.0,336.0,-0.9749279121818236,-0.2225209339563146,-0.4999999999999997,-0.8660254037844388,0.9377521321470804,0.3473052528448203,1297
2024-07-07,3653650,22,21,8,10,166075.0,10000.0,900000,0,21,6,7,27,7,3,2024,1,0,0,0,267.0,335.0,-0.7818314824680299,0.6234898018587334,-0.4999999999999997,-0.8660254037844388,0.9884683243281114,0.1514277775045767,1298
2024-07-08,2768000,51,27,11,7,54274.509803921566,1000.0,1600000,2,25,0,8,28,7,3,2024,0,0,0,0,266.0,334.0,0.0,1.0,-0.4999999999999997,-0.8660254037844388,0.9987165071710528,-0.05064916883871264,1299
2024-07-09,43216500,32,25,11,8,1350515.625,5000.0,41000000,3,22,1,9,28,7,3,2024,0,0,0,0,265.0,333.0,0.7818314824680298,0.6234898018587336,-0.4999999999999997,-0.8660254037844388,0.9680771188662043,-0.2506525322587204,1300
2024-07-10,3412600,85,37,15,9,40148.23529411765,1000.0,500000,4,33,2,10,28,7,3,2024,0,0,0,0,264.0,332.0,0.9749279121818236,-0.22252093395631434,-0.4999999999999997,-0.8660254037844388,0.8978045395707416,-0.4403941515576344,1301
2024-07-11,5292500,68,30,17,9,77830.88235294117,1000.0,3054000,6,24,3,11,28,7,3,2024,0,0,0,0,263.0,331.0,0.43388373911755823,-0.900968867902419,-0.4999999999999997,-0.8660254037844388,0.7907757369376989,-0.6121059825476626,1302
2024-07-12,1345709,68,40,12,11,19789.83823529412,1000.0,200000,4,36,4,12,28,7,3,2024,0,0,0,0,262.0,330.0,-0.433883739117558,-0.9009688679024191,-0.4999999999999997,-0.8660254037844388,0.6513724827222223,-0.7587581226927909,1303
2024-07-13,1159000,29,17,4,7,39965.51724137931,1000.0,800000,4,13,5,13,28,7,3,2024,1,0,0,0,261.0,329.0,-0.9749279121818236,-0.2225209339563146,-0.4999999999999997,-0.8660254037844388,0.48530196253108104,-0.8743466161445821,1304
2024-07-14,236600,96,23,8,6,2464.5833333333335,1000.0,50000,1,22,6,14,28,7,3,2024,1,0,0,0,260.0,328.0,-0.7818314824680299,0.6234898018587334,-0.4999999999999997,-0.8660254037844388,0.29936312297335804,-0.9541392564000488,1305
2024-07-15,5830008,397,90,14,12,14685.158690176322,1000.0,728500,20,70,0,15,29,7,3,2024,0,0,0,0,259.0,327.0,0.0,1.0,-0.4999999999999997,-0.8660254037844388,0.10116832198743272,-0.994869323391895,1306
2024-07-16,7584326,42,36,9,9,180579.19047619047,17500.0,2000000,5,31,1,16,29,7,3,2024,0,0,0,0,258.0,326.0,0.7818314824680298,0.6234898018587336,-0.4999999999999997,-0.8660254037844388,-0.10116832198743204,-0.9948693233918952,1307
2024-07-17,657500,26,23,8,7,25288.46153846154,10000.0,100000,4,19,2,17,29,7,3,2024,0,0,0,0,257.0,325.0,0.9749279121818236,-0.22252093395631434,-0.4999999999999997,-0.8660254037844388,-0.2993631229733582,-0.9541392564000488,1308
2024-07-18,2039508,32,26,9,7,63734.625,1000.0,1000000,3,23,3,18,29,7,3,2024,0,0,0,0,256.0,324.0,0.43388373911755823,-0.900968867902419,-0.4999999999999997,-0.8660254037844388,-0.4853019625310808,-0.8743466161445822,1309
2024-07-19,12211000,83,60,15,11,147120.48192771085,2000.0,3000000,12,48,4,19,29,7,3,2024,0,0,0,0,255.0,323.0,-0.433883739117558,-0.9009688679024191,-0.4999999999999997,-0.8660254037844388,-0.651372482722222,-0.7587581226927911,1310
2024-07-20,1226500,22,21,9,9,55750.0,10000.0,500000,4,17,5,20,29,7,3,2024,1,0,0,0,254.0,322.0,-0.9749279121818236,-0.2225209339563146,-0.4999999999999997,-0.8660254037844388,-0.7907757369376986,-0.6121059825476627,1311
2024-07-21,181000,10,9,3,7,18100.0,10000.0,50000,1,8,6,21,29,7,3,2024,1,0,0,0,253.0,321.0,-0.7818314824680299,0.6234898018587334,-0.4999999999999997,-0.8660254037844388,-0.8978045395707417,-0.44039415155763423,1312
2024-07-22,4351500,40,28,9,10,108787.5,1000.0,1800000,7,21,0,22,30,7,3,2024,0,0,0,0,252.0,320.0,0.0,1.0,-0.4999999999999997,-0.8660254037844388,-0.9680771188662041,-0.2506525322587213,1313
2024-07-23,2268920,70,30,10,9,32413.14285714286,1000.0,1100000,4,26,1,23,30,7,3,2024,0,0,0,0,251.0,319.0,0.7818314824680298,0.6234898018587336,-0.4999999999999997,-0.8660254037844388,-0.9987165071710528,-0.05064916883871355,1314
2024-07-24,2158500,35,26,10,9,61671.42857142857,1000.0,1500000,7,19,2,24,30,7,3,2024,0,0,0,0,250.0,318.0,0.9749279121818236,-0.22252093395631434,-0.4999999999999997,-0.8660254037844388,-0.9884683243281114,0.15142777750457667,1315
2024-07-25,18206380,74,59,15,13,246032.16216216216,50000.0,3720000,11,48,3,25,30,7,3,2024,0,0,0,0,249.0,317.0,0.43388373911755823,-0.900968867902419,-0.4999999999999997,-0.8660254037844388,-0.9377521321470804,0.3473052528448203,1316
2024-07-26,21183145,93,66,17,14,227775.75268817204,10000.0,5000000,11,55,4,26,30,7,3,2024,0,0,0,0,248.0,316.0,-0.433883739117558,-0.9009688679024191,-0.4999999999999997,-0.8660254037844388,-0.848644257494751,0.5289640103269624,1317
2024-07-27,5417000,36,23,6,11,150472.22222222222,10000.0,1340000,2,21,5,27,30,7,3,2024,1,0,0,0,247.0,315.0,-0.9749279121818236,-0.2225209339563146,-0.4999999999999997,-0.8660254037844388,-0.72479278722912,0.6889669190756865,1318
2024-07-28,5876800,33,24,9,9,178084.84848484848,10000.0,1250000,2,22,6,28,30,7,3,2024,1,0,0,0,246.0,314.0,-0.7818314824680299,0.6234898018587334,-0.4999999999999997,-0.8660254037844388,-0.5712682150947924,0.8207634412072763,1319
2024-07-29,7060300,29,26,8,9,243458.62068965516,50000.0,1296400,1,25,0,29,31,7,3,2024,0,0,0,0,245.0,313.0,0.0,1.0,-0.4999999999999997,-0.8660254037844388,-0.3943558551133187,0.9189578116202306,1320
2024-07-30,14451280,45,42,14,12,321139.55555555556,100000.0,2000000,9,33,1,30,31,7,3,2024,0,0,0,0,244.0,312.0,0.7818314824680298,0.6234898018587336,-0.4999999999999997,-0.8660254037844388,-0.20129852008866114,0.9795299412524943,1321
2024-07-31,20892840,41,37,11,12,509581.46341463417,25000.0,10000000,6,31,2,31,31,7,3,2024,0,1,0,0,243.0,311.0,0.9749279121818236,-0.22252093395631434,-0.4999999999999997,-0.8660254037844388,-2.4492935982947064e-16,1.0,1322
2024-08-01,11663873,71,57,13,14,164279.9014084507,50000.0,1100000,6,51,3,1,31,8,3,2024,0,0,1,0,242.0,310.0,0.43388373911755823,-0.900968867902419,-0.8660254037844384,-0.5000000000000004,0.20129852008866006,0.9795299412524945,1323
2024-08-02,49458541,122,90,23,16,405397.87704918033,150000.0,13735782,17,73,4,2,31,8,3,2024,0,0,0,0,241.0,309.0,-0.433883739117558,-0.9009688679024191,-0.8660254037844384,-0.5000000000000004,0.39435585511331855,0.9189578116202306,1324
2024-08-03,16321254,41,37,14,13,398079.3658536585,30000.0,5287800,8,29,5,3,31,8,3,2024,1,0,0,0,240.0,308.0,-0.9749279121818236,-0.2225209339563146,-0.8660254037844384,-0.5000000000000004,0.5712682150947923,0.8207634412072763,1325
2024-08-04,2072000,32,18,9,7,64750.0,1000.0,1000000,4,14,6,4,31,8,3,2024,1,0,0,0,239.0,307.0,-0.7818314824680299,0.6234898018587334,-0.8660254037844384,-0.5000000000000004,0.7247927872291199,0.6889669190756866,1326
2024-08-05,5994500,66,32,13,12,90825.75757575757,1000.0,2000000,7,25,0,5,32,8,3,2024,0,0,0,0,238.0,306.0,0.0,1.0,-0.8660254037844384,-0.5000000000000004,0.8486442574947509,0.5289640103269624,1327
2024-08-06,16112499,57,34,10,11,282675.4210526316,1000.0,4920000,6,28,1,6,32,8,3,2024,0,0,0,0,237.0,305.0,0.7818314824680298,0.6234898018587336,-0.8660254037844384,-0.5000000000000004,0.9377521321470804,0.3473052528448203,1328
2024-08-07,7458680,85,50,12,11,87749.17647058824,1000.0,3798180,13,37,2,7,32,8,3,2024,0,0,0,0,236.0,304.0,0.9749279121818236,-0.22252093395631434,-0.8660254037844384,-0.5000000000000004,0.9884683243281114,0.1514277775045767,1329
2024-08-08,4840753,65,44,8,11,74473.12307692308,1111.0,750000,7,37,3,8,32,8,3,2024,0,0,0,0,235.0,303.0,0.43388373911755823,-0.900968867902419,-0.8660254037844384,-0.5000000000000004,0.9987165071710528,-0.05064916883871264,1330
2024-08-09,9124500,81,60,14,11,112648.14814814815,10000.0,1250000,12,48,4,9,32,8,3,2024,0,0,0,0,234.0,302.0,-0.433883739117558,-0.9009688679024191,-0.8660254037844384,-0.5000000000000004,0.9680771188662043,-0.2506525322587204,1331
2024-08-10,10173983,31,25,10,9,328193.0,5000.0,5548950,10,15,5,10,32,8,3,2024,1,0,0,0,233.0,301.0,-0.9749279121818236,-0.2225209339563146,-0.8660254037844384,-0.5000000000000004,0.8978045395707416,-0.4403941515576344,1332
2024-08-11,3245500,43,34,12,9,75476.74418604652,5000.0,1000000,11,23,6,11,32,8,3,2024,1,0,0,0,232.0,300.0,-0.7818314824680299,0.6234898018587334,-0.8660254037844384,-0.5000000000000004,0.7907757369376989,-0.6121059825476626,1333
2024-08-12,3816500,153,73,18,9,24944.444444444445,1000.0,1400000,34,39,0,12,33,8,3,2024,0,0,0,0,231.0,299.0,0.0,1.0,-0.8660254037844384,-0.5000000000000004,0.6513724827222223,-0.7587581226927909,1334
2024-08-13,40711560,52,37,18,7,782914.6153846154,1000.0,17500000,6,31,1,13,33,8,3,2024,0,0,0,0,230.0,298.0,0.7818314824680298,0.6234898018587336,-0.8660254037844384,-0.5000000000000004,0.48530196253108104,-0.8743466161445821,1335
2024-08-14,2646400,154,82,16,8,17184.415584415583,1000.0,350000,32,50,2,14,33,8,3,2024,0,0,0,0,229.0,297.0,0.9749279121818236,-0.22252093395631434,-0.8660254037844384,-0.5000000000000004,0.29936312297335804,-0.9541392564000488,1336
2024-08-15,1516961,190,74,16,6,7984.005263157895,1000.0,300000,37,37,3,15,33,8,3,2024,0,0,0,0,228.0,296.0,0.43388373911755823,-0.900968867902419,-0.8660254037844384,-0.5000000000000004,0.10116832198743272,-0.994869323391895,1337
2024-08-16,10575993,60,57,22,12,176266.55,17500.0,2500000,9,48,4,16,33,8,3,2024,0,0,0,0,227.0,295.0,-0.433883739117558,-0.9009688679024191,-0.8660254037844384,-0.5000000000000004,-0.10116832198743204,-0.9948693233918952,1338
2024-08-17,7055315,30,27,16,12,235177.16666666666,10000.0,4490315,6,21,5,17,33,8,3,2024,1,0,0,0,226.0,294.0,-0.9749279121818236,-0.2225209339563146,-0.8660254037844384,-0.5000000000000004,-0.2993631229733582,-0.9541392564000488,1339
2024-08-18,2798764,39,24,21,9,71763.17948717948,1000.0,600000,7,17,6,18,33,8,3,2024,1,0,0,0,225.0,293.0,-0.7818314824680299,0.6234898018587334,-0.8660254037844384,-0.5000000000000004,-0.4853019625310808,-0.8743466161445822,1340
2024-08-19,3723293,49,35,17,10,75985.57142857143,10000.0,1000000,9,26,0,19,34,8,3,2024,0,0,0,0,224.0,292.0,0.0,1.0,-0.8660254037844384,-0.5000000000000004,-0.651372482722222,-0.7587581226927911,1341
2024-08-20,3355326,49,40,14,8,68476.04081632652,2000.0,1173000,6,34,1,20,34,8,3,2024,0,0,0,0,223.0,291.0,0.7818314824680298,0.6234898018587336,-0.8660254037844384,-0.5000000000000004,-0.7907757369376986,-0.6121059825476627,1342
2024-08-21,13289154,44,37,13,9,302026.2272727273,5000.0,8238000,9,28,2,21,34,8,3,2024,0,0,0,0,222.0,290.0,0.9749279121818236,-0.22252093395631434,-0.8660254037844384,-0.5000000000000004,-0.8978045395707417,-0.44039415155763423,1343
2024-08-22,5584233,64,39,12,10,87253.640625,1000.0,1250000,7,32,3,22,34,8,3,2024,0,0,0,0,221.0,289.0,0.43388373911755823,-0.900968867902419,-0.8660254037844384,-0.5000000000000004,-0.9680771188662041,-0.2506525322587213,1344
2024-08-23,5317500,79,51,16,12,67310.12658227848,1000.0,2000000,6,45,4,23,34,8,3,2024,0,0,0,0,220.0,288.0,-0.433883739117558,-0.9009688679024191,-0.8660254037844384,-0.5000000000000004,-0.9987165071710528,-0.05064916883871355,1345
2024-08-24,2182248,38,32,9,11,57427.57894736842,2000.0,473748,3,29,5,24,34,8,3,2024,1,0,0,0,219.0,287.0,-0.9749279121818236,-0.2225209339563146,-0.8660254037844384,-0.5000000000000004,-0.9884683243281114,0.15142777750457667,1346
2024-08-25,1576000,26,24,9,6,60615.38461538462,7500.0,300000,4,20,6,25,34,8,3,2024,1,0,0,0,218.0,286.0,-0.7818314824680299,0.6234898018587334,-0.8660254037844384,-0.5000000000000004,-0.9377521321470804,0.3473052528448203,1347
2024-08-26,8483558,73,48,11,11,116213.12328767123,1000.0,5000000,6,42,0,26,35,8,3,2024,0,0,0,0,217.0,285.0,0.0,1.0,-0.8660254037844384,-0.5000000000000004,-0.848644257494751,0.5289640103269624,1348
2024-08-27,9345315,77,51,21,12,121367.72727272728,2000.0,1800000,5,46,1,27,35,8,3,2024,0,0,0,0,216.0,284.0,0.7818314824680298,0.6234898018587336,-0.8660254037844384,-0.5000000000000004,-0.72479278722912,0.6889669190756865,1349
2024-08-28,10944924,86,55,18,10,127266.55813953489,2000.0,2500000,5,50,2,28,35,8,3,2024,0,0,0,0,215.0,283.0,0.9749279121818236,-0.22252093395631434,-0.8660254037844384,-0.5000000000000004,-0.5712682150947924,0.8207634412072763,1350
2024-08-29,8972085,66,46,14,11,135940.68181818182,1000.0,3500000,5,41,3,29,35,8,3,2024,0,0,0,0,214.0,282.0,0.43388373911755823,-0.900968867902419,-0.8660254037844384,-0.5000000000000004,-0.3943558551133187,0.9189578116202306,1351
2024-08-30,22561775,119,64,26,12,189594.74789915967,1000.0,5625000,11,53,4,30,35,8,3,2024,0,0,0,0,213.0,281.0,-0.433883739117558,-0.9009688679024191,-0.8660254037844384,-0.5000000000000004,-0.20129852008866114,0.9795299412524943,1352
2024-08-31,5253009,39,37,9,10,134692.53846153847,30000.0,1000000,6,31,5,31,35,8,3,2024,1,1,0,0,212.0,280.0,-0.9749279121818236,-0.2225209339563146,-0.8660254037844384,-0.5000000000000004,-2.4492935982947064e-16,1.0,1353
2024-09-01,10796101,65,50,12,15,166093.86153846153,5000.0,2350000,6,44,6,1,35,9,3,2024,1,0,1,0,211.0,279.0,-0.7818314824680299,0.6234898018587334,-1.0,-1.8369701987210297e-16,0.20129852008866006,0.9795299412524945,1354
2024-09-02,8892476,66,47,11,14,134734.48484848486,6500.0,1500000,6,41,0,2,36,9,3,2024,0,0,0,0,210.0,278.0,0.0,1.0,-1.0,-1.8369701987210297e-16,0.39435585511331855,0.9189578116202306,1355
2024-09-03,8716388,87,67,15,16,100188.36781609195,1000.0,1000000,8,59,1,3,36,9,3,2024,0,0,0,0,209.0,277.0,0.7818314824680298,0.6234898018587336,-1.0,-1.8369701987210297e-16,0.5712682150947923,0.8207634412072763,1356
2024-09-04,3906000,62,55,12,14,63000.0,5000.0,500000,9,46,2,4,36,9,3,2024,0,0,0,0,208.0,276.0,0.9749279121818236,-0.22252093395631434,-1.0,-1.8369701987210297e-16,0.7247927872291199,0.6889669190756866,1357
2024-09-05,21619565,62,51,11,15,348702.6612903226,10000.0,10000000,16,35,3,5,36,9,3,2024,0,0,0,0,207.0,275.0,0.43388373911755823,-0.900968867902419,-1.0,-1.8369701987210297e-16,0.8486442574947509,0.5289640103269624,1358
2024-09-06,11388653,116,77,15,12,98178.04310344828,1500.0,2000000,9,68,4,6,36,9,3,2024,0,0,0,0,206.0,274.0,-0.433883739117558,-0.9009688679024191,-1.0,-1.8369701987210297e-16,0.9377521321470804,0.3473052528448203,1359
2024-09-07,5845000,33,32,11,10,177121.21212121213,10000.0,3000000,8,24,5,7,36,9,3,2024,1,0,0,0,205.0,273.0,-0.9749279121818236,-0.2225209339563146,-1.0,-1.8369701987210297e-16,0.9884683243281114,0.1514277775045767,1360
2024-09-08,23197234,19,19,6,9,1220907.0526315789,15000.0,20000000,5,14,6,8,36,9,3,2024,1,0,0,0,204.0,272.0,-0.7818314824680299,0.6234898018587334,-1.0,-1.8369701987210297e-16,0.9987165071710528,-0.05064916883871264,1361
2024-09-09,28249000,29,23,7,9,974103.448275862,10000.0,25621000,2,21,0,9,37,9,3,2024,0,0,0,0,203.0,271.0,0.0,1.0,-1.0,-1.8369701987210297e-16,0.9680771188662043,-0.2506525322587204,1362
2024-09-10,3156000,46,32,11,12,68608.69565217392,1000.0,950000,5,27,1,10,37,9,3,2024,0,0,0,0,202.0,270.0,0.7818314824680298,0.6234898018587336,-1.0,-1.8369701987210297e-16,0.8978045395707416,-0.4403941515576344,1363
2024-09-11,4551750,71,49,11,10,64109.15492957747,1000.0,1000000,19,30,2,11,37,9,3,2024,0,0,0,0,201.0,269.0,0.9749279121818236,-0.22252093395631434,-1.0,-1.8369701987210297e-16,0.7907757369376989,-0.6121059825476626,1364
2024-09-12,3247096,107,49,11,10,30346.69158878505,1000.0,1250000,10,39,3,12,37,9,3,2024,0,0,0,0,200.0,268.0,0.43388373911755823,-0.900968867902419,-1.0,-1.8369701987210297e-16,0.6513724827222223,-0.7587581226927909,1365
2024-09-13,5024200,139,51,14,10,36145.323741007196,1000.0,2000000,15,36,4,13,37,9,3,2024,0,0,0,0,199.0,267.0,-0.433883739117558,-0.9009688679024191,-1.0,-1.8369701987210297e-16,0.48530196253108104,-0.8743466161445821,1366
2024-09-14,748000,38,17,6,8,19684.21052631579,1000.0,300000,4,13,5,14,37,9,3,2024,1,0,0,0,198.0,266.0,-0.9749279121818236,-0.2225209339563146,-1.0,-1.8369701987210297e-16,0.29936312297335804,-0.9541392564000488,1367
2024-09-15,5980508,161,29,13,6,37146.01242236025,1000.0,3000000,5,24,6,15,37,9,3,2024,1,0,0,0,197.0,265.0,-0.7818314824680299,0.6234898018587334,-1.0,-1.8369701987210297e-16,0.10116832198743272,-0.994869323391895,1368
2024-09-16,1152086,19,19,8,9,60636.10526315789,10000.0,350000,6,13,0,16,38,9,3,2024,0,0,0,0,196.0,264.0,0.0,1.0,-1.0,-1.8369701987210297e-16,-0.10116832198743204,-0.9948693233918952,1369
2024-09-17,8089781,49,36,12,9,165097.57142857142,5000.0,2500000,13,23,1,17,38,9,3,2024,0,0,0,0,195.0,263.0,0.7818314824680298,0.6234898018587336,-1.0,-1.8369701987210297e-16,-0.2993631229733582,-0.9541392564000488,1370
2024-09-18,2779483,33,28,7,9,84226.75757575757,2300.0,1500000,5,23,2,18,38,9,3,2024,0,0,0,0,194.0,262.0,0.9749279121818236,-0.22252093395631434,-1.0,-1.8369701987210297e-16,-0.4853019625310808,-0.8743466161445822,1371
2024-09-19,7561280,44,33,8,7,171847.27272727274,10000.0,3146280,12,21,3,19,38,9,3,2024,0,0,0,0,193.0,261.0,0.43388373911755823,-0.900968867902419,-1.0,-1.8369701987210297e-16,-0.651372482722222,-0.7587581226927911,1372
2024-09-20,8573325,64,55,13,10,133958.203125,10000.0,1175000,14,41,4,20,38,9,3,2024,0,0,0,0,192.0,260.0,-0.433883739117558,-0.9009688679024191,-1.0,-1.8369701987210297e-16,-0.7907757369376986,-0.6121059825476627,1373
2024-09-21,510200,28,18,6,6,18221.428571428572,1000.0,240000,6,12,5,21,38,9,3,2024,1,0,0,0,191.0,259.0,-0.9749279121818236,-0.2225209339563146,-1.0,-1.8369701987210297e-16,-0.8978045395707417,-0.44039415155763423,1374
2024-09-22,18153100,30,23,12,8,605103.3333333334,7500.0,16424100,7,16,6,22,38,9,3,2024,1,0,0,0,190.0,258.0,-0.7818314824680299,0.6234898018587334,-1.0,-1.8369701987210297e-16,-0.9680771188662041,-0.2506525322587213,1375
2024-09-23,4288002,74,24,7,6,57945.97297297297,17000.0,2500002,7,17,0,23,39,9,3,2024,0,0,0,0,189.0,257.0,0.0,1.0,-1.0,-1.8369701987210297e-16,-0.9987165071710528,-0.05064916883871355,1376
2024-09-24,1412600,39,30,7,10,36220.51282051282,5000.0,450000,8,22,1,24,39,9,3,2024,0,0,0,0,188.0,256.0,0.7818314824680298,0.6234898018587336,-1.0,-1.8369701987210297e-16,-0.9884683243281114,0.15142777750457667,1377
2024-09-25,13893028,74,47,13,11,187743.62162162163,10000.0,1800000,9,38,2,25,39,9,3,2024,0,0,0,0,187.0,255.0,0.9749279121818236,-0.22252093395631434,-1.0,-1.8369701987210297e-16,-0.9377521321470804,0.3473052528448203,1378
2024-09-26,31601765,82,63,16,12,385387.3780487805,33600.0,10941155,9,54,3,26,39,9,3,2024,0,0,0,0,186.0,254.0,0.43388373911755823,-0.900968867902419,-1.0,-1.8369701987210297e-16,-0.848644257494751,0.5289640103269624,1379
2024-09-27,15998764,106,82,17,17,150931.7358490566,50000.0,1100000,15,67,4,27,39,9,3,2024,0,0,0,0,185.0,253.0,-0.433883739117558,-0.9009688679024191,-1.0,-1.8369701987210297e-16,-0.72479278722912,0.6889669190756865,1380
2024-09-28,8719450,49,43,12,11,177947.95918367346,50000.0,1150000,21,22,5,28,39,9,3,2024,1,0,0,0,184.0,252.0,-0.9749279121818236,-0.2225209339563146,-1.0,-1.8369701987210297e-16,-0.5712682150947924,0.8207634412072763,1381
2024-09-29,18938000,29,26,11,8,653034.4827586206,10000.0,12700000,9,17,6,29,39,9,3,2024,1,0,0,0,183.0,251.0,-0.7818314824680299,0.6234898018587334,-1.0,-1.8369701987210297e-16,-0.3943558551133187,0.9189578116202306,1382
2024-09-30,10670177,70,57,13,12,152431.1,10000.0,2500000,23,34,0,30,40,9,3,2024,0,1,0,0,182.0,250.0,0.0,1.0,-1.0,-1.8369701987210297e-16,-0.20129852008866114,0.9795299412524943,1383
2024-10-01,28453945,96,81,15,14,296395.2604166667,10000.0,9755370,25,56,1,1,40,10,4,2024,0,0,1,0,181.0,249.0,0.7818314824680298,0.6234898018587336,-0.8660254037844386,0.5000000000000001,0.20129852008866006,0.9795299412524945,1384
2024-10-02,11547700,76,51,11,14,151943.42105263157,1500.0,1500000,8,43,2,2,40,10,4,2024,0,0,0,0,180.0,248.0,0.9749279121818236,-0.22252093395631434,-0.8660254037844386,0.5000000000000001,0.39435585511331855,0.9189578116202306,1385
2024-10-03,11018200,99,87,16,13,111294.9494949495,1000.0,5625000,42,45,3,3,40,10,4,2024,0,0,0,0,179.0,247.0,0.43388373911755823,-0.900968867902419,-0.8660254037844386,0.5000000000000001,0.5712682150947923,0.8207634412072763,1386
2024-10-04,30999500,74,63,16,13,418912.1621621622,100000.0,10000000,9,54,4,4,40,10,4,2024,0,0,0,0,178.0,246.0,-0.433883739117558,-0.9009688679024191,-0.8660254037844386,0.5000000000000001,0.7247927872291199,0.6889669190756866,1387
2024-10-05,4741800,30,26,10,10,158060.0,10000.0,2000000,7,19,5,5,40,10,4,2024,1,0,0,0,177.0,245.0,-0.9749279121818236,-0.2225209339563146,-0.8660254037844386,0.5000000000000001,0.8486442574947509,0.5289640103269624,1388
2024-10-06,2151500,33,26,8,11,65196.969696969696,10000.0,1000000,5,21,6,6,40,10,4,2024,1,0,0,0,176.0,244.0,-0.7818314824680299,0.6234898018587334,-0.8660254037844386,0.5000000000000001,0.9377521321470804,0.3473052528448203,1389
2024-10-07,8400000,69,45,15,14,121739.13043478261,1000.0,2000000,15,30,0,7,41,10,4,2024,0,0,0,0,175.0,243.0,0.0,1.0,-0.8660254037844386,0.5000000000000001,0.9884683243281114,0.1514277775045767,1390
2024-10-08,5256450,45,35,8,11,116810.0,3000.0,1500000,4,31,1,8,41,10,4,2024,0,0,0,0,174.0,242.0,0.7818314824680298,0.6234898018587336,-0.8660254037844386,0.5000000000000001,0.9987165071710528,-0.05064916883871264,1391
2024-10-09,4180715,84,41,11,8,49770.416666666664,1000.0,1000000,10,31,2,9,41,10,4,2024,0,0,0,0,173.0,241.0,0.9749279121818236,-0.22252093395631434,-0.8660254037844386,0.5000000000000001,0.9680771188662043,-0.2506525322587204,1392
2024-10-10,17850000,74,60,14,13,241216.2162162162,10000.0,3000000,18,42,3,10,41,10,4,2024,0,0,0,0,172.0,240.0,0.43388373911755823,-0.900968867902419,-0.8660254037844386,0.5000000000000001,0.8978045395707416,-0.4403941515576344,1393
2024-10-11,16701300,121,80,15,13,138027.27272727274,1000.0,3281300,18,62,4,11,41,10,4,2024,0,0,0,0,171.0,239.0,-0.433883739117558,-0.9009688679024191,-0.8660254037844386,0.5000000000000001,0.7907757369376989,-0.6121059825476626,1394
2024-10-12,6519001,56,34,16,10,116410.73214285714,1000.0,2000000,9,25,5,12,41,10,4,2024,1,0,0,0,170.0,238.0,-0.9749279121818236,-0.2225209339563146,-0.8660254037844386,0.5000000000000001,0.6513724827222223,-0.7587581226927909,1395
2024-10-13,1376000,76,15,6,6,18105.263157894737,1000.0,875000,3,12,6,13,41,10,4,2024,1,0,0,0,169.0,237.0,-0.7818314824680299,0.6234898018587334,-0.8660254037844386,0.5000000000000001,0.48530196253108104,-0.8743466161445821,1396
2024-10-14,8374560,283,89,23,12,29592.08480565371,1000.0,3000033,27,62,0,14,42,10,4,2024,0,0,0,0,168.0,236.0,0.0,1.0,-0.8660254037844386,0.5000000000000001,0.29936312297335804,-0.9541392564000488,1397
2024-10-15,3729485,230,54,14,11,16215.152173913044,1000.0,800000,14,40,1,15,42,10,4,2024,0,0,0,0,167.0,235.0,0.7818314824680298,0.6234898018587336,-0.8660254037844386,0.5000000000000001,0.10116832198743272,-0.994869323391895,1398
2024-10-16,1867400,66,37,8,10,28293.939393939392,1000.0,500000,10,27,2,16,42,10,4,2024,0,0,0,0,166.0,234.0,0.9749279121818236,-0.22252093395631434,-0.8660254037844386,0.5000000000000001,-0.10116832198743204,-0.9948693233918952,1399
2024-10-17,20817285,47,43,13,12,442920.9574468085,10000.0,10818285,3,40,3,17,42,10,4,2024,0,0,0,0,165.0,233.0,0.43388373911755823,-0.900968867902419,-0.8660254037844386,0.5000000000000001,-0.2993631229733582,-0.9541392564000488,1400
2024-10-18,20961911,75,55,10,14,279492.14666666667,10000.0,13600000,8,47,4,18,42,10,4,2024,0,0,0,0,164.0,232.0,-0.433883739117558,-0.9009688679024191,-0.8660254037844386,0.5000000000000001,-0.4853019625310808,-0.8743466161445822,1401
2024-10-19,4600970,32,30,8,11,143780.3125,3500.0,2000000,8,22,5,19,42,10,4,2024,1,0,0,0,163.0,231.0,-0.9749279121818236,-0.2225209339563146,-0.8660254037844386,0.5000000000000001,-0.651372482722222,-0.7587581226927911,1402
2024-10-20,4631500,26,21,7,6,178134.61538461538,10000.0,1250000,9,12,6,20,42,10,4,2024,1,0,0,0,162.0,230.0,-0.7818314824680299,0.6234898018587334,-0.8660254037844386,0.5000000000000001,-0.7907757369376986,-0.6121059825476627,1403
2024-10-21,14938500,52,44,11,10,287278.8461538461,2000.0,10000000,8,36,0,21,43,10,4,2024,0,0,0,0,161.0,229.0,0.0,1.0,-0.8660254037844386,0.5000000000000001,-0.8978045395707417,-0.44039415155763423,1404
2024-10-22,8197050,88,39,17,10,93148.29545454546,1000.0,5000000,6,33,1,22,43,10,4,2024,0,0,0,0,160.0,228.0,0.7818314824680298,0.6234898018587336,-0.8660254037844386,0.5000000000000001,-0.9680771188662041,-0.2506525322587213,1405
2024-10-23,2073609,59,43,10,7,35145.91525423729,1000.0,500000,10,33,2,23,43,10,4,2024,0,0,0,0,159.0,227.0,0.9749279121818236,-0.22252093395631434,-0.8660254037844386,0.5000000000000001,-0.9987165071710528,-0.05064916883871355,1406
2024-10-24,2170502,69,44,14,12,31456.55072463768,1000.0,500000,7,37,3,24,43,10,4,2024,0,0,0,0,158.0,226.0,0.43388373911755823,-0.900968867902419,-0.8660254037844386,0.5000000000000001,-0.9884683243281114,0.15142777750457667,1407
2024-10-25,79578990,103,84,17,17,772611.5533980583,50000.0,28111051,19,65,4,25,43,10,4,2024,0,0,0,0,157.0,225.0,-0.433883739117558,-0.9009688679024191,-0.8660254037844386,0.5000000000000001,-0.9377521321470804,0.3473052528448203,1408
2024-10-26,9586345,49,38,10,11,195639.693877551,10000.0,1800000,6,32,5,26,43,10,4,2024,1,0,0,0,156.0,224.0,-0.9749279121818236,-0.2225209339563146,-0.8660254037844386,0.5000000000000001,-0.848644257494751,0.5289640103269624,1409
2024-10-27,10344145,25,22,5,9,413765.8,10000.0,5000000,1,21,6,27,43,10,4,2024,1,0,0,0,155.0,223.0,-0.7818314824680299,0.6234898018587334,-0.8660254037844386,0.5000000000000001,-0.72479278722912,0.6889669190756865,1410
2024-10-28,26001090,116,78,14,13,224147.3275862069,10000.0,3000000,17,61,0,28,44,10,4,2024,0,0,0,0,154.0,222.0,0.0,1.0,-0.8660254037844386,0.5000000000000001,-0.5712682150947924,0.8207634412072763,1411
2024-10-29,9545314,51,42,7,12,187163.01960784313,10000.0,1500000,7,35,1,29,44,10,4,2024,0,0,0,0,153.0,221.0,0.7818314824680298,0.6234898018587336,-0.8660254037844386,0.5000000000000001,-0.3943558551133187,0.9189578116202306,1412
2024-10-30,5025310,72,48,10,9,69795.97222222222,1000.0,1100000,5,43,2,30,44,10,4,2024,0,0,0,0,152.0,220.0,0.9749279121818236,-0.22252093395631434,-0.8660254037844386,0.5000000000000001,-0.20129852008866114,0.9795299412524943,1413
2024-10-31,13048995,49,40,9,13,266306.02040816325,10000.0,3750000,4,36,3,31,44,10,4,2024,0,1,0,0,151.0,219.0,0.43388373911755823,-0.900968867902419,-0.8660254037844386,0.5000000000000001,-2.4492935982947064e-16,1.0,1414
2024-11-01,63695380,173,126,21,16,368181.387283237,96000.0,13180000,32,94,4,1,44,11,4,2024,0,0,1,0,150.0,218.0,-0.433883739117558,-0.9009688679024191,-0.5000000000000004,0.8660254037844384,0.20129852008866006,0.9795299412524945,1415
2024-11-02,51037649,47,46,11,16,1085907.425531915,115000.0,22973000,9,37,5,2,44,11,4,2024,1,0,0,0,149.0,217.0,-0.9749279121818236,-0.2225209339563146,-0.5000000000000004,0.8660254037844384,0.39435585511331855,0.9189578116202306,1416
2024-11-03,7835475,45,30,13,13,174121.66666666666,10000.0,2150000,5,25,6,3,44,11,4,2024,1,0,0,0,148.0,216.0,-0.7818314824680299,0.6234898018587334,-0.5000000000000004,0.8660254037844384,0.5712682150947923,0.8207634412072763,1417
2024-11-04,20281500,96,51,14,12,211265.625,1000.0,7037000,15,36,0,4,45,11,4,2024,0,0,0,0,147.0,215.0,0.0,1.0,-0.5000000000000004,0.8660254037844384,0.7247927872291199,0.6889669190756866,1418
2024-11-05,7932038,75,54,11,16,105760.50666666667,10000.0,2500000,11,43,1,5,45,11,4,2024,0,0,0,0,146.0,214.0,0.7818314824680298,0.6234898018587336,-0.5000000000000004,0.8660254037844384,0.8486442574947509,0.5289640103269624,1419
2024-11-06,3879311,69,46,10,11,56221.89855072464,1000.0,1000000,15,31,2,6,45,11,4,2024,0,0,0,0,145.0,213.0,0.9749279121818236,-0.22252093395631434,-0.5000000000000004,0.8660254037844384,0.9377521321470804,0.3473052528448203,1420
2024-11-07,2724505,45,29,7,8,60544.555555555555,1000.0,800000,6,23,3,7,45,11,4,2024,0,0,0,0,144.0,212.0,0.43388373911755823,-0.900968867902419,-0.5000000000000004,0.8660254037844384,0.9884683243281114,0.1514277775045767,1421
2024-11-08,22014645,109,71,13,14,201969.22018348624,5000.0,2000000,20,51,4,8,45,11,4,2024,0,0,0,0,143.0,211.0,-0.433883739117558,-0.9009688679024191,-0.5000000000000004,0.8660254037844384,0.9987165071710528,-0.05064916883871264,1422
2024-11-09,4237100,35,22,11,10,121060.0,10000.0,750000,5,17,5,9,45,11,4,2024,1,0,0,0,142.0,210.0,-0.9749279121818236,-0.2225209339563146,-0.5000000000000004,0.8660254037844384,0.9680771188662043,-0.2506525322587204,1423
2024-11-10,5543495,77,71,6,10,71993.44155844155,1000.0,1500000,53,18,6,10,45,11,4,2024,1,0,0,0,141.0,209.0,-0.7818314824680299,0.6234898018587334,-0.5000000000000004,0.8660254037844384,0.8978045395707416,-0.4403941515576344,1424
2024-11-11,6564580,156,97,29,14,42080.64102564102,1000.0,1000000,60,37,0,11,46,11,4,2024,0,0,0,0,140.0,208.0,0.0,1.0,-0.5000000000000004,0.8660254037844384,0.7907757369376989,-0.6121059825476626,1425
2024-11-12,20545239,151,56,9,12,136061.18543046358,1000.0,10000000,20,36,1,12,46,11,4,2024,0,0,0,0,139.0,207.0,0.7818314824680298,0.6234898018587336,-0.5000000000000004,0.8660254037844384,0.6513724827222223,-0.7587581226927909,1426
2024-11-13,4795100,139,63,11,9,34497.12230215827,1000.0,2000000,11,52,2,13,46,11,4,2024,0,0,0,0,138.0,206.0,0.9749279121818236,-0.22252093395631434,-0.5000000000000004,0.8660254037844384,0.48530196253108104,-0.8743466161445821,1427
2024-11-14,3786241,120,41,8,8,31552.008333333335,1000.0,1500000,7,34,3,14,46,11,4,2024,0,0,0,0,137.0,205.0,0.43388373911755823,-0.900968867902419,-0.5000000000000004,0.8660254037844384,0.29936312297335804,-0.9541392564000488,1428
2024-11-15,23899180,212,90,17,15,112731.98113207547,1000.0,7421875,21,69,4,15,46,11,4,2024,0,0,0,0,136.0,204.0,-0.433883739117558,-0.9009688679024191,-0.5000000000000004,0.8660254037844384,0.10116832198743272,-0.994869323391895,1429
2024-11-16,10156000,41,38,8,10,247707.31707317074,50000.0,5000000,10,28,5,16,46,11,4,2024,1,0,0,0,135.0,203.0,-0.9749279121818236,-0.2225209339563146,-0.5000000000000004,0.8660254037844384,-0.10116832198743204,-0.9948693233918952,1430
2024-11-17,1222500,28,21,6,9,43660.71428571428,1000.0,500000,6,15,6,17,46,11,4,2024,1,0,0,0,134.0,202.0,-0.7818314824680299,0.6234898018587334,-0.5000000000000004,0.8660254037844384,-0.2993631229733582,-0.9541392564000488,1431
2024-11-18,3867294,91,61,11,12,42497.73626373626,1000.0,1350000,30,31,0,18,47,11,4,2024,0,0,0,0,133.0,201.0,0.0,1.0,-0.5000000000000004,0.8660254037844384,-0.4853019625310808,-0.8743466161445822,1432
2024-11-19,7729380,52,41,10,11,148641.92307692306,5000.0,2500000,8,33,1,19,47,11,4,2024,0,0,0,0,132.0,200.0,0.7818314824680298,0.6234898018587336,-0.5000000000000004,0.8660254037844384,-0.651372482722222,-0.7587581226927911,1433
2024-11-20,16397624,46,36,8,10,356470.0869565217,10000.0,10000000,8,28,2,20,47,11,4,2024,0,0,0,0,131.0,199.0,0.9749279121818236,-0.22252093395631434,-0.5000000000000004,0.8660254037844384,-0.7907757369376986,-0.6121059825476627,1434
2024-11-21,1583505,53,32,8,13,29877.45283018868,1000.0,500000,7,25,3,21,47,11,4,2024,0,0,0,0,130.0,198.0,0.43388373911755823,-0.900968867902419,-0.5000000000000004,0.8660254037844384,-0.8978045395707417,-0.44039415155763423,1435
2024-11-22,13565756,77,60,14,16,176178.64935064936,10000.0,2725500,17,43,4,22,47,11,4,2024,0,0,0,0,129.0,197.0,-0.433883739117558,-0.9009688679024191,-0.5000000000000004,0.8660254037844384,-0.9680771188662041,-0.2506525322587213,1436
2024-11-23,4742000,28,22,11,8,169357.14285714287,37500.0,1000000,6,16,5,23,47,11,4,2024,1,0,0,0,128.0,196.0,-0.9749279121818236,-0.2225209339563146,-0.5000000000000004,0.8660254037844384,-0.9987165071710528,-0.05064916883871355,1437
2024-11-24,11744000,21,19,5,9,559238.0952380953,10000.0,10000000,3,16,6,24,47,11,4,2024,1,0,0,0,127.0,195.0,-0.7818314824680299,0.6234898018587334,-0.5000000000000004,0.8660254037844384,-0.9884683243281114,0.15142777750457667,1438
2024-11-25,18000546,61,45,13,13,295090.91803278687,10000.0,6700000,14,31,0,25,48,11,4,2024,0,0,0,0,126.0,194.0,0.0,1.0,-0.5000000000000004,0.8660254037844384,-0.9377521321470804,0.3473052528448203,1439
2024-11-26,7790285,67,51,6,14,116272.9104477612,10000.0,1000000,13,38,1,26,48,11,4,2024,0,0,0,0,125.0,193.0,0.7818314824680298,0.6234898018587336,-0.5000000000000004,0.8660254037844384,-0.848644257494751,0.5289640103269624,1440
2024-11-27,1747000,16,16,5,10,109187.5,10000.0,1000000,7,9,2,27,48,11,4,2024,0,0,0,0,124.0,192.0,0.9749279121818236,-0.22252093395631434,-0.5000000000000004,0.8660254037844384,-0.72479278722912,0.6889669190756865,1441
2024-11-28,17737075,100,65,15,15,177370.75,10000.0,2500000,11,54,3,28,48,11,4,2024,0,0,0,0,123.0,191.0,0.43388373911755823,-0.900968867902419,-0.5000000000000004,0.8660254037844384,-0.5712682150947924,0.8207634412072763,1442
2024-11-29,16879833,107,76,18,16,157755.44859813084,10000.0,2137000,16,60,4,29,48,11,4,2024,0,0,0,0,122.0,190.0,-0.433883739117558,-0.9009688679024191,-0.5000000000000004,0.8660254037844384,-0.3943558551133187,0.9189578116202306,1443
2024-11-30,8359210,71,37,28,13,117735.35211267606,1000.0,1500000,4,33,5,30,48,11,4,2024,1,1,0,0,121.0,189.0,-0.9749279121818236,-0.2225209339563146,-0.5000000000000004,0.8660254037844384,-0.20129852008866114,0.9795299412524943,1444
2024-12-01,10092800,49,36,12,11,205975.51020408163,10000.0,1500000,6,30,6,1,48,12,4,2024,1,0,1,0,120.0,188.0,-0.7818314824680299,0.6234898018587334,-2.4492935982947064e-16,1.0,0.20129852008866006,0.9795299412524945,1445
2024-12-02,22489120,103,67,13,13,218340.9708737864,10000.0,5000000,9,58,0,2,49,12,4,2024,0,0,0,0,119.0,187.0,0.0,1.0,-2.4492935982947064e-16,1.0,0.39435585511331855,0.9189578116202306,1446
2024-12-03,8916500,121,57,14,15,73690.0826446281,1000.0,1500000,8,49,1,3,49,12,4,2024,0,0,0,0,118.0,186.0,0.7818314824680298,0.6234898018587336,-2.4492935982947064e-16,1.0,0.5712682150947923,0.8207634412072763,1447
2024-12-04,5431000,72,39,12,12,75430.55555555556,1000.0,1000000,6,33,2,4,49,12,4,2024,0,0,0,0,117.0,185.0,0.9749279121818236,-0.22252093395631434,-2.4492935982947064e-16,1.0,0.7247927872291199,0.6889669190756866,1448
2024-12-05,10070483,103,55,12,14,97771.67961165048,5000.0,1331600,10,45,3,5,49,12,4,2024,0,0,0,0,116.0,184.0,0.43388373911755823,-0.900968867902419,-2.4492935982947064e-16,1.0,0.8486442574947509,0.5289640103269624,1449
2024-12-06,20407510,122,95,18,15,167274.67213114753,50000.0,2000000,24,71,4,6,49,12,4,2024,0,0,0,0,115.0,183.0,-0.433883739117558,-0.9009688679024191,-2.4492935982947064e-16,1.0,0.9377521321470804,0.3473052528448203,1450
2024-12-07,15997000,68,46,12,13,235250.0,30000.0,5000000,15,31,5,7,49,12,4,2024,1,0,0,0,114.0,182.0,-0.9749279121818236,-0.2225209339563146,-2.4492935982947064e-16,1.0,0.9884683243281114,0.1514277775045767,1451
2024-12-08,6237250,45,43,7,13,138605.55555555556,50000.0,1000000,14,29,6,8,49,12,4,2024,1,0,0,0,113.0,181.0,-0.7818314824680299,0.6234898018587334,-2.4492935982947064e-16,1.0,0.9987165071710528,-0.05064916883871264,1452
2024-12-09,28399045,150,72,19,15,189326.96666666667,1000.0,7712500,25,47,0,9,50,12,4,2024,0,0,0,0,112.0,180.0,0.0,1.0,-2.4492935982947064e-16,1.0,0.9680771188662043,-0.2506525322587204,1453
2024-12-10,4051510,75,38,9,9,54020.13333333333,1000.0,1000000,14,24,1,10,50,12,4,2024,0,0,0,0,111.0,179.0,0.7818314824680298,0.6234898018587336,-2.4492935982947064e-16,1.0,0.8978045395707416,-0.4403941515576344,1454
2024-12-11,15137418,87,50,12,11,173993.3103448276,1000.0,5000000,11,39,2,11,50,12,4,2024,0,0,0,0,110.0,178.0,0.9749279121818236,-0.22252093395631434,-2.4492935982947064e-16,1.0,0.7907757369376989,-0.6121059825476626,1455
2024-12-12,10874610,119,51,13,14,91383.27731092437,1000.0,1500000,15,36,3,12,50,12,4,2024,0,0,0,0,109.0,177.0,0.43388373911755823,-0.900968867902419,-2.4492935982947064e-16,1.0,0.6513724827222223,-0.7587581226927909,1456
2024-12-13,23613600,165,105,20,17,143112.72727272726,1000.0,3400000,45,60,4,13,50,12,4,2024,0,0,0,0,108.0,176.0,-0.433883739117558,-0.9009688679024191,-2.4492935982947064e-16,1.0,0.48530196253108104,-0.8743466161445821,1457
2024-12-14,5291600,57,33,9,10,92835.08771929824,1000.0,1000000,10,23,5,14,50,12,4,2024,1,0,0,0,107.0,175.0,-0.9749279121818236,-0.2225209339563146,-2.4492935982947064e-16,1.0,0.29936312297335804,-0.9541392564000488,1458
2024-12-15,16532005,167,54,8,14,98994.04191616767,1000.0,5528790,11,43,6,15,50,12,4,2024,1,0,0,0,106.0,174.0,-0.7818314824680299,0.6234898018587334,-2.4492935982947064e-16,1.0,0.10116832198743272,-0.994869323391895,1459
2024-12-16,43034110,51,48,9,12,843806.0784313725,50000.0,18000000,14,34,0,16,51,12,4,2024,0,0,0,0,105.0,173.0,0.0,1.0,-2.4492935982947064e-16,1.0,-0.10116832198743204,-0.9948693233918952,1460
2024-12-17,70146010,96,55,12,15,730687.6041666666,100000.0,30000000,13,42,1,17,51,12,4,2024,0,0,0,0,104.0,172.0,0.7818314824680298,0.6234898018587336,-2.4492935982947064e-16,1.0,-0.2993631229733582,-0.9541392564000488,1461
2024-12-18,14163346,66,43,12,11,214596.15151515152,1000.0,3502000,11,32,2,18,51,12,4,2024,0,0,0,0,103.0,171.0,0.9749279121818236,-0.22252093395631434,-2.4492935982947064e-16,1.0,-0.4853019625310808,-0.8743466161445822,1462
2024-12-19,66917810,83,61,12,12,806238.6746987952,10000.0,12900000,23,38,3,19,51,12,4,2024,0,0,0,0,102.0,170.0,0.43388373911755823,-0.900968867902419,-2.4492935982947064e-16,1.0,-0.651372482722222,-0.7587581226927911,1463
2024-12-20,29712204,103,79,15,15,288468.0,20000.0,3500000,34,45,4,20,51,12,4,2024,0,0,0,0,101.0,169.0,-0.433883739117558,-0.9009688679024191,-2.4492935982947064e-16,1.0,-0.7907757369376986,-0.6121059825476627,1464
2024-12-21,21210000,28,26,6,13,757500.0,100000.0,10000000,9,17,5,21,51,12,4,2024,1,0,0,0,100.0,168.0,-0.9749279121818236,-0.2225209339563146,-2.4492935982947064e-16,1.0,-0.8978045395707417,-0.44039415155763423,1465
2024-12-22,25686760,19,19,8,11,1351934.7368421052,50000.0,19000000,11,8,6,22,51,12,4,2024,1,0,0,0,99.0,167.0,-0.7818314824680299,0.6234898018587334,-2.4492935982947064e-16,1.0,-0.9680771188662041,-0.2506525322587213,1466
2024-12-23,17997510,79,45,12,13,227816.58227848102,2000.0,5038900,11,34,0,23,52,12,4,2024,0,0,0,0,98.0,166.0,0.0,1.0,-2.4492935982947064e-16,1.0,-0.9987165071710528,-0.05064916883871355,1467
2024-12-24,38059156,100,78,14,13,380591.56,37250.0,10000000,27,51,1,24,52,12,4,2024,0,0,0,0,97.0,165.0,0.7818314824680298,0.6234898018587336,-2.4492935982947064e-16,1.0,-0.9884683243281114,0.15142777750457667,1468
2024-12-25,19937727,42,35,6,12,474707.78571428574,75000.0,7579575,5,30,2,25,52,12,4,2024,0,0,0,0,96.0,164.0,0.9749279121818236,-0.22252093395631434,-2.4492935982947064e-16,1.0,-0.9377521321470804,0.3473052528448203,1469
2024-12-26,24476375,30,28,5,11,815879.1666666666,100000.0,11838375,12,16,3,26,52,12,4,2024,0,0,0,0,95.0,163.0,0.43388373911755823,-0.900968867902419,-2.4492935982947064e-16,1.0,-0.848644257494751,0.5289640103269624,1470
2024-12-27,46332358,122,85,20,14,379773.4262295082,22500.0,22000000,22,63,4,27,52,12,4,2024,0,0,0,0,94.0,162.0,-0.433883739117558,-0.9009688679024191,-2.4492935982947064e-16,1.0,-0.72479278722912,0.6889669190756865,1471
2024-12-28,4219625,66,36,37,12,63933.71212121212,10000.0,867514,11,25,5,28,52,12,4,2024,1,0,0,0,93.0,161.0,-0.9749279121818236,-0.2225209339563146,-2.4492935982947064e-16,1.0,-0.5712682150947924,0.8207634412072763,1472
2024-12-29,8741000,27,24,5,12,323740.74074074073,25000.0,2785000,7,17,6,29,52,12,4,2024,1,0,0,0,92.0,160.0,-0.7818314824680299,0.6234898018587334,-2.4492935982947064e-16,1.0,-0.3943558551133187,0.9189578116202306,1473
2024-12-30,9508747,59,40,7,12,161165.2033898305,10000.0,2104600,8,32,0,30,1,12,4,2024,0,0,0,0,91.0,159.0,0.0,1.0,-2.4492935982947064e-16,1.0,-0.20129852008866114,0.9795299412524943,1474
2024-12-31,15006105,52,44,10,15,288578.9423076923,75000.0,3000000,11,33,1,31,1,12,4,2024,0,1,0,0,90.0,158.0,0.7818314824680298,0.6234898018587336,-2.4492935982947064e-16,1.0,-2.4492935982947064e-16,1.0,1475
2025-01-01,11659407,71,57,12,17,164217.0,87500.0,1010025,10,47,2,1,1,1,1,2025,0,0,1,0,89.0,157.0,0.9749279121818236,-0.22252093395631434,0.49999999999999994,0.8660254037844387,0.20129852008866006,0.9795299412524945,1476
2025-01-02,32326480,107,99,14,15,302116.6355140187,212000.0,2031527,37,62,3,2,1,1,1,2025,0,0,0,0,88.0,156.0,0.43388373911755823,-0.900968867902419,0.49999999999999994,0.8660254037844387,0.39435585511331855,0.9189578116202306,1477
2025-01-03,73897793,154,114,17,15,479855.7987012987,100000.0,25000000,28,86,4,3,1,1,1,2025,0,0,0,0,87.0,155.0,-0.433883739117558,-0.9009688679024191,0.49999999999999994,0.8660254037844387,0.5712682150947923,0.8207634412072763,1478
2025-01-04,34156450,53,49,14,14,644461.320754717,100000.0,24000000,14,35,5,4,1,1,1,2025,1,0,0,0,86.0,154.0,-0.9749279121818236,-0.2225209339563146,0.49999999999999994,0.8660254037844387,0.7247927872291199,0.6889669190756866,1479
2025-01-05,19855500,48,34,10,13,413656.25,15000.0,5000000,12,22,6,5,1,1,1,2025,1,0,0,0,85.0,153.0,-0.7818314824680299,0.6234898018587334,0.49999999999999994,0.8660254037844387,0.8486442574947509,0.5289640103269624,1480
2025-01-06,36510000,134,73,19,14,272462.6865671642,1000.0,12095000,34,39,0,6,2,1,1,2025,0,0,0,0,84.0,152.0,0.0,1.0,0.49999999999999994,0.8660254037844387,0.9377521321470804,0.3473052528448203,1481
2025-01-07,29783656,125,89,16,14,238269.248,10000.0,10000000,22,67,1,7,2,1,1,2025,0,0,0,0,83.0,151.0,0.7818314824680298,0.6234898018587336,0.49999999999999994,0.8660254037844387,0.9884683243281114,0.1514277775045767,1482
2025-01-08,52810587,130,113,19,18,406235.2846153846,100000.0,8750000,34,79,2,8,2,1,1,2025,0,0,0,0,82.0,150.0,0.9749279121818236,-0.22252093395631434,0.49999999999999994,0.8660254037844387,0.9987165071710528,-0.05064916883871264,1483
2025-01-09,30345180,224,101,15,15,135469.55357142858,1000.0,4000000,42,59,3,9,2,1,1,2025,0,0,0,0,81.0,149.0,0.43388373911755823,-0.900968867902419,0.49999999999999994,0.8660254037844387,0.9680771188662043,-0.2506525322587204,1484
2025-01-10,27526389,257,122,21,17,107106.5719844358,1000.0,2000000,44,78,4,10,2,1,1,2025,0,0,0,0,80.0,148.0,-0.433883739117558,-0.9009688679024191,0.49999999999999994,0.8660254037844387,0.8978045395707416,-0.4403941515576344,1485
2025-01-11,19841080,80,70,11,16,248013.5,200000.0,2000000,19,51,5,11,2,1,1,2025,1,0,0,0,79.0,147.0,-0.9749279121818236,-0.2225209339563146,0.49999999999999994,0.8660254037844387,0.7907757369376989,-0.6121059825476626,1486
2025-01-12,22554000,59,46,9,14,382271.18644067796,290000.0,5000000,19,27,6,12,2,1,1,2025,1,0,0,0,78.0,146.0,-0.7818314824680299,0.6234898018587334,0.49999999999999994,0.8660254037844387,0.6513724827222223,-0.7587581226927909,1487
2025-01-13,24660550,165,101,18,16,149457.87878787878,1000.0,2000000,29,72,0,13,3,1,1,2025,0,0,0,0,77.0,145.0,0.0,1.0,0.49999999999999994,0.8660254037844387,0.48530196253108104,-0.8743466161445821,1488
2025-01-14,22061000,157,105,15,15,140515.92356687898,10000.0,2319000,28,77,1,14,3,1,1,2025,0,0,0,0,76.0,144.0,0.7818314824680298,0.6234898018587336,0.49999999999999994,0.8660254037844387,0.29936312297335804,-0.9541392564000488,1489
2025-01-15,18833520,207,89,12,15,90983.1884057971,1000.0,3000000,25,64,2,15,3,1,1,2025,0,0,0,0,75.0,143.0,0.9749279121818236,-0.22252093395631434,0.49999999999999994,0.8660254037844387,0.10116832198743272,-0.994869323391895,1490
2025-01-16,19550500,100,94,14,15,195505.0,300000.0,1625000,29,65,3,16,3,1,1,2025,0,0,0,0,74.0,142.0,0.43388373911755823,-0.900968867902419,0.49999999999999994,0.8660254037844387,-0.10116832198743204,-0.9948693233918952,1491
2025-01-17,30832700,167,153,21,19,184626.94610778443,50000.0,2500000,70,83,4,17,3,1,1,2025,0,0,0,0,73.0,141.0,-0.433883739117558,-0.9009688679024191,0.49999999999999994,0.8660254037844387,-0.2993631229733582,-0.9541392564000488,1492
2025-01-18,18447000,77,76,9,10,239571.42857142858,30000.0,3000000,43,33,5,18,3,1,1,2025,1,0,0,0,72.0,140.0,-0.9749279121818236,-0.2225209339563146,0.49999999999999994,0.8660254037844387,-0.4853019625310808,-0.8743466161445822,1493
2025-01-19,8885494,52,48,10,14,170874.88461538462,30000.0,2000000,18,30,6,19,3,1,1,2025,1,0,0,0,71.0,139.0,-0.7818314824680299,0.6234898018587334,0.49999999999999994,0.8660254037844387,-0.651372482722222,-0.7587581226927911,1494
2025-01-20,19019000,103,87,17,16,184650.4854368932,30000.0,2000000,37,50,0,20,4,1,1,2025,0,0,0,0,70.0,138.0,0.0,1.0,0.49999999999999994,0.8660254037844387,-0.7907757369376986,-0.6121059825476627,1495
2025-01-21,20678318,75,64,15,15,275710.9066666667,10000.0,3601818,26,38,1,21,4,1,1,2025,0,0,0,0,69.0,137.0,0.7818314824680298,0.6234898018587336,0.49999999999999994,0.8660254037844387,-0.8978045395707417,-0.44039415155763423,1496
2025-01-22,26006164,39,37,5,10,666824.717948718,300000.0,9145000,11,26,2,22,4,1,1,2025,0,0,0,0,68.0,136.0,0.9749279121818236,-0.22252093395631434,0.49999999999999994,0.8660254037844387,-0.9680771188662041,-0.2506525322587213,1497
2025-01-23,9826000,35,34,7,9,280742.85714285716,300000.0,1250000,14,20,3,23,4,1,1,2025,0,0,0,0,67.0,135.0,0.43388373911755823,-0.900968867902419,0.49999999999999994,0.8660254037844387,-0.9987165071710528,-0.05064916883871355,1498
2025-01-24,96088970,91,86,18,14,1055922.7472527472,300000.0,53201300,32,54,4,24,4,1,1,2025,0,0,0,0,66.0,134.0,-0.433883739117558,-0.9009688679024191,0.49999999999999994,0.8660254037844387,-0.9884683243281114,0.15142777750457667,1499
2025-01-25,101323010,86,82,9,13,1178174.534883721,300000.0,48000000,29,53,5,25,4,1,1,2025,1,0,0,0,65.0,133.0,-0.9749279121818236,-0.2225209339563146,0.49999999999999994,0.8660254037844387,-0.9377521321470804,0.3473052528448203,1500
2025-01-26,18333506,39,38,10,13,470089.89743589744,300000.0,5613950,20,18,6,26,4,1,1,2025,1,0,0,0,64.0,132.0,-0.7818314824680299,0.6234898018587334,0.49999999999999994,0.8660254037844387,-0.848644257494751,0.5289640103269624,1501
2025-01-27,11653000,38,35,9,11,306657.8947368421,300000.0,1000000,15,20,0,27,5,1,1,2025,0,0,0,0,63.0,131.0,0.0,1.0,0.49999999999999994,0.8660254037844387,-0.72479278722912,0.6889669190756865,1502
2025-01-28,11340850,42,42,10,13,270020.2380952381,300000.0,1350000,17,25,1,28,5,1,1,2025,0,0,0,0,62.0,130.0,0.7818314824680298,0.6234898018587336,0.49999999999999994,0.8660254037844387,-0.5712682150947924,0.8207634412072763,1503
2025-01-29,17031000,81,73,12,16,210259.25925925927,100000.0,1000000,26,47,2,29,5,1,1,2025,0,0,0,0,61.0,129.0,0.9749279121818236,-0.22252093395631434,0.49999999999999994,0.8660254037844387,-0.3943558551133187,0.9189578116202306,1504
2025-01-30,21581000,96,65,12,13,224802.08333333334,10000.0,5000000,14,51,3,30,5,1,1,2025,0,0,0,0,60.0,128.0,0.43388373911755823,-0.900968867902419,0.49999999999999994,0.8660254037844387,-0.20129852008866114,0.9795299412524943,1505
2025-01-31,32110080,290,174,27,18,110724.41379310345,2000.0,2300000,56,118,4,31,5,1,1,2025,0,1,0,0,59.0,127.0,-0.433883739117558,-0.9009688679024191,0.49999999999999994,0.8660254037844387,-2.4492935982947064e-16,1.0,1506
2025-02-01,43108377,138,126,14,19,312379.54347826086,300000.0,5000000,42,84,5,1,5,2,1,2025,1,0,1,0,58.0,126.0,-0.9749279121818236,-0.2225209339563146,0.8660254037844386,0.5000000000000001,0.20129852008866006,0.9795299412524945,1507
2025-02-02,18054751,77,68,12,13,234477.2857142857,180000.0,2775000,28,40,6,2,5,2,1,2025,1,0,0,0,57.0,125.0,-0.7818314824680299,0.6234898018587334,0.8660254037844386,0.5000000000000001,0.39435585511331855,0.9189578116202306,1508
2025-02-03,51905997,171,141,20,19,303543.84210526315,100000.0,7205646,39,102,0,3,6,2,1,2025,0,0,0,0,56.0,124.0,0.0,1.0,0.8660254037844386,0.5000000000000001,0.5712682150947923,0.8207634412072763,1509
2025-02-04,31480250,124,98,18,17,253872.98387096773,50000.0,10000000,33,65,1,4,6,2,1,2025,0,0,0,0,55.0,123.0,0.7818314824680298,0.6234898018587336,0.8660254037844386,0.5000000000000001,0.7247927872291199,0.6889669190756866,1510
2025-02-05,35438999,116,112,12,19,305508.6120689655,300000.0,10000000,49,63,2,5,6,2,1,2025,0,0,0,0,54.0,122.0,0.9749279121818236,-0.22252093395631434,0.8660254037844386,0.5000000000000001,0.8486442574947509,0.5289640103269624,1511
2025-02-06,25078597,105,99,17,17,238843.78095238094,100000.0,5000000,44,55,3,6,6,2,1,2025,0,0,0,0,53.0,121.0,0.43388373911755823,-0.900968867902419,0.8660254037844386,0.5000000000000001,0.9377521321470804,0.3473052528448203,1512
2025-02-07,39188000,179,156,23,18,218927.37430167597,192000.0,2200000,48,108,4,7,6,2,1,2025,0,0,0,0,52.0,120.0,-0.433883739117558,-0.9009688679024191,0.8660254037844386,0.5000000000000001,0.9884683243281114,0.1514277775045767,1513
2025-02-08,10789250,78,76,10,16,138323.71794871794,50000.0,731250,38,38,5,8,6,2,1,2025,1,0,0,0,51.0,119.0,-0.9749279121818236,-0.2225209339563146,0.8660254037844386,0.5000000000000001,0.9987165071710528,-0.05064916883871264,1514
2025-02-09,15010500,108,62,11,17,138986.11111111112,1000.0,3000000,21,41,6,9,6,2,1,2025,1,0,0,0,50.0,118.0,-0.7818314824680299,0.6234898018587334,0.8660254037844386,0.5000000000000001,0.9680771188662043,-0.2506525322587204,1515
2025-02-10,18794100,151,91,18,14,124464.23841059602,10000.0,3000000,35,56,0,10,7,2,1,2025,0,0,0,0,49.0,117.0,0.0,1.0,0.8660254037844386,0.5000000000000001,0.8978045395707416,-0.4403941515576344,1516
2025-02-11,52052585,307,121,17,16,169552.39413680782,1000.0,25000000,33,88,1,11,7,2,1,2025,0,0,0,0,48.0,116.0,0.7818314824680298,0.6234898018587336,0.8660254037844386,0.5000000000000001,0.7907757369376989,-0.6121059825476626,1517
2025-02-12,43190701,250,128,35,20,172762.804,1000.0,19890000,48,80,2,12,7,2,1,2025,0,0,0,0,47.0,115.0,0.9749279121818236,-0.22252093395631434,0.8660254037844386,0.5000000000000001,0.6513724827222223,-0.7587581226927909,1518
2025-02-13,25460520,146,112,16,16,174387.12328767125,10000.0,3000000,42,70,3,13,7,2,1,2025,0,0,0,0,46.0,114.0,0.43388373911755823,-0.900968867902419,0.8660254037844386,0.5000000000000001,0.48530196253108104,-0.8743466161445821,1519
2025-02-14,35970000,221,120,19,19,162760.18099547512,1000.0,5383100,30,90,4,14,7,2,1,2025,0,0,0,0,45.0,113.0,-0.433883739117558,-0.9009688679024191,0.8660254037844386,0.5000000000000001,0.29936312297335804,-0.9541392564000488,1520
2025-02-15,36047731,314,212,16,18,114801.69108280254,10000.0,4100000,98,114,5,15,7,2,1,2025,1,0,0,0,44.0,112.0,-0.9749279121818236,-0.2225209339563146,0.8660254037844386,0.5000000000000001,0.10116832198743272,-0.994869323391895,1521
2025-02-16,17498000,112,107,16,16,156232.14285714287,50000.0,4250000,50,57,6,16,7,2,1,2025,1,0,0,0,43.0,111.0,-0.7818314824680299,0.6234898018587334,0.8660254037844386,0.5000000000000001,-0.10116832198743204,-0.9948693233918952,1522
2025-02-17,23901000,112,94,16,16,213401.7857142857,50000.0,8000000,30,64,0,17,8,2,1,2025,0,0,0,0,42.0,110.0,0.0,1.0,0.8660254037844386,0.5000000000000001,-0.2993631229733582,-0.9541392564000488,1523
2025-02-18,24172758,89,79,16,17,271604.0224719101,10000.0,5050008,30,49,1,18,8,2,1,2025,0,0,0,0,41.0,109.0,0.7818314824680298,0.6234898018587336,0.8660254037844386,0.5000000000000001,-0.4853019625310808,-0.8743466161445822,1524
2025-02-19,12559107,100,93,19,17,125591.07,10000.0,1600000,44,49,2,19,8,2,1,2025,0,0,0,0,40.0,108.0,0.9749279121818236,-0.22252093395631434,0.8660254037844386,0.5000000000000001,-0.651372482722222,-0.7587581226927911,1525
2025-02-20,21894000,111,101,17,19,197243.24324324325,50000.0,5000000,50,51,3,20,8,2,1,2025,0,0,0,0,39.0,107.0,0.43388373911755823,-0.900968867902419,0.8660254037844386,0.5000000000000001,-0.7907757369376986,-0.6121059825476627,1526
2025-02-21,35895239,164,137,25,19,218873.40853658537,50000.0,6125000,59,78,4,21,8,2,1,2025,0,0,0,0,38.0,106.0,-0.433883739117558,-0.9009688679024191,0.8660254037844386,0.5000000000000001,-0.8978045395707417,-0.44039415155763423,1527
2025-02-22,16516100,59,54,11,16,279933.89830508473,20000.0,10000000,14,40,5,22,8,2,1,2025,1,0,0,0,37.0,105.0,-0.9749279121818236,-0.2225209339563146,0.8660254037844386,0.5000000000000001,-0.9680771188662041,-0.2506525322587213,1528
2025-02-23,19615800,72,64,20,14,272441.6666666667,50000.0,7730000,26,38,6,23,8,2,1,2025,1,0,0,0,36.0,104.0,-0.7818314824680299,0.6234898018587334,0.8660254037844386,0.5000000000000001,-0.9987165071710528,-0.05064916883871355,1529
2025-02-24,21752000,116,106,21,18,187517.24137931035,100000.0,1500000,54,52,0,24,9,2,1,2025,0,0,0,0,35.0,103.0,0.0,1.0,0.8660254037844386,0.5000000000000001,-0.9884683243281114,0.15142777750457667,1530
2025-02-25,50831500,139,120,23,17,365694.24460431654,150000.0,20700000,48,72,1,25,9,2,1,2025,0,0,0,0,34.0,102.0,0.7818314824680298,0.6234898018587336,0.8660254037844386,0.5000000000000001,-0.9377521321470804,0.3473052528448203,1531
2025-02-26,38857552,142,135,20,18,273644.7323943662,300000.0,2800000,52,83,2,26,9,2,1,2025,0,0,0,0,33.0,101.0,0.9749279121818236,-0.22252093395631434,0.8660254037844386,0.5000000000000001,-0.848644257494751,0.5289640103269624,1532
2025-02-27,41965162,147,134,27,16,285477.2925170068,300000.0,3000000,46,88,3,27,9,2,1,2025,0,0,0,0,32.0,100.0,0.43388373911755823,-0.900968867902419,0.8660254037844386,0.5000000000000001,-0.72479278722912,0.6889669190756865,1533
2025-02-28,76330585,237,209,29,19,322069.97890295356,100000.0,9000000,88,121,4,28,9,2,1,2025,0,1,0,0,31.0,99.0,-0.433883739117558,-0.9009688679024191,0.8660254037844386,0.5000000000000001,-0.5712682150947924,0.8207634412072763,1534
2025-03-01,149552104,367,327,31,21,407498.9209809264,100000.0,15000000,160,167,5,1,9,3,1,2025,1,0,1,1,30.0,98.0,-0.9749279121818236,-0.2225209339563146,1.0,6.123233995736766e-17,0.20129852008866006,0.9795299412524945,1535
2025-03-02,97274046,257,238,41,20,378498.233463035,50000.0,12400000,101,137,6,2,9,3,1,2025,1,0,0,1,29.0,97.0,-0.7818314824680299,0.6234898018587334,1.0,6.123233995736766e-17,0.39435585511331855,0.9189578116202306,1536
2025-03-03,163673748,366,329,50,22,447196.0327868852,100000.0,10000000,152,177,0,3,10,3,1,2025,0,0,0,1,28.0,96.0,0.0,1.0,1.0,6.123233995736766e-17,0.5712682150947923,0.8207634412072763,1537
2025-03-04,85250441,289,265,47,21,294984.22491349484,50000.0,8230600,133,132,1,4,10,3,1,2025,0,0,0,1,27.0,95.0,0.7818314824680298,0.6234898018587336,1.0,6.123233995736766e-17,0.7247927872291199,0.6889669190756866,1538
2025-03-05,140842377,423,344,44,22,332960.7021276596,50000.0,15000000,164,180,2,5,10,3,1,2025,0,0,0,1,26.0,94.0,0.9749279121818236,-0.22252093395631434,1.0,6.123233995736766e-17,0.8486442574947509,0.5289640103269624,1539
2025-03-06,102974517,372,327,46,21,276813.21774193546,50000.0,10000000,164,163,3,6,10,3,1,2025,0,0,0,1,25.0,93.0,0.43388373911755823,-0.900968867902419,1.0,6.123233995736766e-17,0.9377521321470804,0.3473052528448203,1540
2025-03-07,316604231,589,546,61,22,537528.4057724958,100000.0,37000000,296,250,4,7,10,3,1,2025,0,0,0,1,24.0,92.0,-0.433883739117558,-0.9009688679024191,1.0,6.123233995736766e-17,0.9884683243281114,0.1514277775045767,1541
2025-03-08,154101625,382,319,55,21,403407.3952879581,50000.0,22650000,156,163,5,8,10,3,1,2025,1,0,0,1,23.0,91.0,-0.9749279121818236,-0.2225209339563146,1.0,6.123233995736766e-17,0.9987165071710528,-0.05064916883871264,1542
2025-03-09,271164039,402,361,53,19,674537.4104477612,100000.0,25000000,170,191,6,9,10,3,1,2025,1,0,0,1,22.0,90.0,-0.7818314824680299,0.6234898018587334,1.0,6.123233995736766e-17,0.9680771188662043,-0.2506525322587204,1543
2025-03-10,277922697,520,438,71,22,534466.725,100000.0,20000000,248,190,0,10,11,3,1,2025,0,0,0,1,21.0,89.0,0.0,1.0,1.0,6.123233995736766e-17,0.8978045395707416,-0.4403941515576344,1544
2025-03-11,209031732,455,375,54,21,459410.4,50000.0,11000000,168,207,1,11,11,3,1,2025,0,0,0,1,20.0,88.0,0.7818314824680298,0.6234898018587336,1.0,6.123233995736766e-17,0.7907757369376989,-0.6121059825476626,1545
2025-03-12,200389875,430,352,56,19,466022.9651162791,100000.0,10000000,175,177,2,12,11,3,1,2025,0,0,0,1,19.0,87.0,0.9749279121818236,-0.22252093395631434,1.0,6.123233995736766e-17,0.6513724827222223,-0.7587581226927909,1546
2025-03-13,215894110,492,385,53,21,438809.1666666667,50000.0,25000000,199,186,3,13,11,3,1,2025,0,0,0,1,18.0,86.0,0.43388373911755823,-0.900968867902419,1.0,6.123233995736766e-17,0.48530196253108104,-0.8743466161445821,1547
2025-03-14,426608353,810,607,66,23,526676.9790123457,94000.0,30000000,327,280,4,14,11,3,1,2025,0,0,0,1,17.0,85.0,-0.433883739117558,-0.9009688679024191,1.0,6.123233995736766e-17,0.29936312297335804,-0.9541392564000488,1548
2025-03-15,309733965,565,385,62,21,548201.7079646018,50000.0,50000000,199,186,5,15,11,3,1,2025,1,0,0,1,16.0,84.0,-0.9749279121818236,-0.2225209339563146,1.0,6.123233995736766e-17,0.10116832198743272,-0.994869323391895,1549
2025-03-16,321303079,519,408,62,24,619081.0770712909,100000.0,20000000,199,209,6,16,11,3,1,2025,1,0,0,1,15.0,83.0,-0.7818314824680299,0.6234898018587334,1.0,6.123233995736766e-17,-0.10116832198743204,-0.9948693233918952,1550
2025-03-17,438035123,641,535,71,23,683362.1263650546,170000.0,25000000,296,239,0,17,12,3,1,2025,0,0,0,1,14.0,82.0,0.0,1.0,1.0,6.123233995736766e-17,-0.2993631229733582,-0.9541392564000488,1551
2025-03-18,524980441,874,700,76,23,600664.1201372998,100000.0,16490625,422,278,1,18,12,3,1,2025,0,0,0,1,13.0,81.0,0.7818314824680298,0.6234898018587336,1.0,6.123233995736766e-17,-0.4853019625310808,-0.8743466161445822,1552
2025-03-19,566167483,941,695,70,23,601665.7630180658,100000.0,100000000,424,271,2,19,12,3,1,2025,0,0,0,1,12.0,80.0,0.9749279121818236,-0.22252093395631434,1.0,6.123233995736766e-17,-0.651372482722222,-0.7587581226927911,1553
2025-03-20,849755806,1279,971,74,23,664390.7787333855,141000.0,25000000,593,378,3,20,12,3,1,2025,0,0,0,1,11.0,79.0,0.43388373911755823,-0.900968867902419,1.0,6.123233995736766e-17,-0.7907757369376986,-0.6121059825476627,1554
2025-03-21,1107840902,2034,1529,89,22,544661.2104228121,125000.0,25150000,902,627,4,21,12,3,1,2025,0,0,0,1,10.0,78.0,-0.433883739117558,-0.9009688679024191,1.0,6.123233995736766e-17,-0.8978045395707417,-0.44039415155763423,1555
2025-03-22,952431952,1735,1321,92,23,548952.1337175793,150000.0,37500000,787,534,5,22,12,3,1,2025,1,0,0,1,9.0,77.0,-0.9749279121818236,-0.2225209339563146,1.0,6.123233995736766e-17,-0.9680771188662041,-0.2506525322587213,1556
2025-03-23,1031234649,1741,1350,85,21,592323.1757610568,100020.0,90000000,810,540,6,23,12,3,1,2025,1,0,0,1,8.0,76.0,-0.7818314824680299,0.6234898018587334,1.0,6.123233995736766e-17,-0.9987165071710528,-0.05064916883871355,1557
2025-03-24,1385969758,2495,1774,97,22,555498.901002004,100000.0,42000000,1087,687,0,24,13,3,1,2025,0,0,0,1,7.0,75.0,0.0,1.0,1.0,6.123233995736766e-17,-0.9884683243281114,0.15142777750457667,1558
2025-03-25,1572660105,2978,2044,100,22,528092.7149093351,100000.0,50000000,1294,750,1,25,13,3,1,2025,0,0,0,1,6.0,74.0,0.7818314824680298,0.6234898018587336,1.0,6.123233995736766e-17,-0.9377521321470804,0.3473052528448203,1559
2025-03-26,1652568812,3162,2238,99,25,522634.0328905756,100000.0,80306200,1458,780,2,26,13,3,1,2025,0,0,0,1,5.0,73.0,0.9749279121818236,-0.22252093395631434,1.0,6.123233995736766e-17,-0.848644257494751,0.5289640103269624,1560
2025-03-27,1614692998,3195,2368,97,24,505381.22003129893,100000.0,28900000,1643,725,3,27,13,3,1,2025,0,0,0,1,4.0,72.0,0.43388373911755823,-0.900968867902419,1.0,6.123233995736766e-17,-0.72479278722912,0.6889669190756865,1561
2025-03-28,1899501303,3453,2461,96,24,550101.738488271,100000.0,50000000,1668,793,4,28,13,3,1,2025,0,0,0,1,3.0,71.0,-0.433883739117558,-0.9009688679024191,1.0,6.123233995736766e-17,-0.5712682150947924,0.8207634412072763,1562
2025-03-29,1057737004,2128,1667,94,23,497056.8627819549,135000.0,21587500,1114,553,5,29,13,3,1,2025,1,0,0,1,2.0,70.0,-0.9749279121818236,-0.2225209339563146,1.0,6.123233995736766e-17,-0.3943558551133187,0.9189578116202306,1563
2025-03-30,941604336,1675,1352,90,23,562151.8423880597,141000.0,50000000,916,436,6,30,13,3,1,2025,1,0,0,1,1.0,69.0,-0.7818314824680299,0.6234898018587334,1.0,6.123233995736766e-17,-0.20129852008866114,0.9795299412524943,1564
2025-03-31,65496503,84,77,24,18,779720.2738095238,100000.0,13500000,41,36,0,31,14,3,1,2025,0,1,0,0,0.0,68.0,0.0,1.0,1.0,6.123233995736766e-17,-2.4492935982947064e-16,1.0,1565
2025-04-01,57949645,78,75,22,16,742944.1666666666,95000.0,10275651,34,41,1,1,14,4,2,2025,0,0,1,0,353.0,67.0,0.7818314824680298,0.6234898018587336,0.8660254037844387,-0.4999999999999998,0.20129852008866006,0.9795299412524945,1566
2025-04-02,47344700,50,49,20,16,946894.0,100000.0,22000000,14,35,2,2,14,4,2,2025,0,0,0,0,352.0,66.0,0.9749279121818236,-0.22252093395631434,0.8660254037844387,-0.4999999999999998,0.39435585511331855,0.9189578116202306,1567
2025-04-03,7810000,61,54,16,16,128032.7868852459,50000.0,1012000,18,36,3,3,14,4,2,2025,0,0,0,0,351.0,65.0,0.43388373911755823,-0.900968867902419,0.8660254037844387,-0.4999999999999998,0.5712682150947923,0.8207634412072763,1568
2025-04-04,51196492,215,122,30,17,238123.21860465116,35000.0,8870000,52,70,4,4,14,4,2,2025,0,0,0,0,350.0,64.0,-0.433883739117558,-0.9009688679024191,0.8660254037844387,-0.4999999999999998,0.7247927872291199,0.6889669190756866,1569
2025-04-05,36518050,66,63,19,16,553303.7878787878,100000.0,10050000,23,40,5,5,14,4,2,2025,1,0,0,0,349.0,63.0,-0.9749279121818236,-0.2225209339563146,0.8660254037844387,-0.4999999999999998,0.8486442574947509,0.5289640103269624,1570
2025-04-06,26813770,82,77,20,16,326997.1951219512,50000.0,11417500,27,50,6,6,14,4,2,2025,1,0,0,0,348.0,62.0,-0.7818314824680299,0.6234898018587334,0.8660254037844387,-0.4999999999999998,0.9377521321470804,0.3473052528448203,1571
2025-04-07,23708500,82,76,21,18,289128.0487804878,75000.0,2500000,23,53,0,7,15,4,2,2025,0,0,0,0,347.0,61.0,0.0,1.0,0.8660254037844387,-0.4999999999999998,0.9884683243281114,0.1514277775045767,1572
2025-04-08,28716249,96,75,25,18,299127.59375,15000.0,10000000,31,44,1,8,15,4,2,2025,0,0,0,0,346.0,60.0,0.7818314824680298,0.6234898018587336,0.8660254037844387,-0.4999999999999998,0.9987165071710528,-0.05064916883871264,1573
2025-04-09,23894942,104,69,41,18,229759.0576923077,10000.0,6997500,25,44,2,9,15,4,2,2025,0,0,0,0,345.0,59.0,0.9749279121818236,-0.22252093395631434,0.8660254037844387,-0.4999999999999998,0.9680771188662043,-0.2506525322587204,1574
2025-04-10,15330947,88,71,13,19,174215.30681818182,10000.0,5000000,18,53,3,10,15,4,2,2025,0,0,0,0,344.0,58.0,0.43388373911755823,-0.900968867902419,0.8660254037844387,-0.4999999999999998,0.8978045395707416,-0.4403941515576344,1575
2025-04-11,38220463,218,166,37,18,175323.2247706422,27500.0,7258352,53,113,4,11,15,4,2,2025,0,0,0,0,343.0,57.0,-0.433883739117558,-0.9009688679024191,0.8660254037844387,-0.4999999999999998,0.7907757369376989,-0.6121059825476626,1576
2025-04-12,11383000,95,70,21,18,119821.05263157895,10000.0,2000000,26,44,5,12,15,4,2,2025,1,0,0,0,342.0,56.0,-0.9749279121818236,-0.2225209339563146,0.8660254037844387,-0.4999999999999998,0.6513724827222223,-0.7587581226927909,1577
2025-04-13,6124000,54,53,17,16,113407.4074074074,20000.0,929750,10,43,6,13,15,4,2,2025,1,0,0,0,341.0,55.0,-0.7818314824680299,0.6234898018587334,0.8660254037844387,-0.4999999999999998,0.48530196253108104,-0.8743466161445821,1578
2025-04-14,9103142,184,104,22,18,49473.59782608696,1000.0,1000000,32,72,0,14,16,4,2,2025,0,0,0,0,340.0,54.0,0.0,1.0,0.8660254037844387,-0.4999999999999998,0.29936312297335804,-0.9541392564000488,1579
2025-04-15,13324962,342,132,22,17,38961.87719298246,1000.0,3295454,50,82,1,15,16,4,2,2025,0,0,0,0,339.0,53.0,0.7818314824680298,0.6234898018587336,0.8660254037844387,-0.4999999999999998,0.10116832198743272,-0.994869323391895,1580
2025-04-16,22722275,109,73,21,15,208461.2385321101,10000.0,7622300,21,52,2,16,16,4,2,2025,0,0,0,0,338.0,52.0,0.9749279121818236,-0.22252093395631434,0.8660254037844387,-0.4999999999999998,-0.10116832198743204,-0.9948693233918952,1581
2025-04-17,20352022,84,78,18,15,242285.97619047618,32500.0,5000000,31,47,3,17,16,4,2,2025,0,0,0,0,337.0,51.0,0.43388373911755823,-0.900968867902419,0.8660254037844387,-0.4999999999999998,-0.2993631229733582,-0.9541392564000488,1582
2025-04-18,23079000,100,91,23,17,230790.0,50000.0,5500000,34,57,4,18,16,4,2,2025,0,0,0,0,336.0,50.0,-0.433883739117558,-0.9009688679024191,0.8660254037844387,-0.4999999999999998,-0.4853019625310808,-0.8743466161445822,1583
2025-04-19,31177520,81,76,11,14,384907.65432098764,50000.0,10000000,37,39,5,19,16,4,2,2025,1,0,0,0,335.0,49.0,-0.9749279121818236,-0.2225209339563146,0.8660254037844387,-0.4999999999999998,-0.651372482722222,-0.7587581226927911,1584
2025-04-20,96309000,113,101,18,18,852292.0353982301,185000.0,17150000,52,49,6,20,16,4,2,2025,1,0,0,0,334.0,48.0,-0.7818314824680299,0.6234898018587334,0.8660254037844387,-0.4999999999999998,-0.7907757369376986,-0.6121059825476627,1585
2025-04-21,14330000,70,63,16,14,204714.2857142857,10000.0,4485000,22,41,0,21,17,4,2,2025,0,0,0,0,333.0,47.0,0.0,1.0,0.8660254037844387,-0.4999999999999998,-0.8978045395707417,-0.44039415155763423,1586
2025-04-22,6805950,55,53,16,17,123744.54545454546,30000.0,1250000,17,36,1,22,17,4,2,2025,0,0,0,0,332.0,46.0,0.7818314824680298,0.6234898018587336,0.8660254037844387,-0.4999999999999998,-0.9680771188662041,-0.2506525322587213,1587
2025-04-23,21824611,38,37,12,13,574331.8684210526,15000.0,17450000,7,30,2,23,17,4,2,2025,0,0,0,0,331.0,45.0,0.9749279121818236,-0.22252093395631434,0.8660254037844387,-0.4999999999999998,-0.9987165071710528,-0.05064916883871355,1588
2025-04-24,5265500,63,60,17,12,83579.36507936507,20000.0,1000000,21,39,3,24,17,4,2,2025,0,0,0,0,330.0,44.0,0.43388373911755823,-0.900968867902419,0.8660254037844387,-0.4999999999999998,-0.9884683243281114,0.15142777750457667,1589
2025-04-25,40553216,145,133,25,19,279677.35172413796,44000.0,5000000,40,93,4,25,17,4,2,2025,0,0,0,0,329.0,43.0,-0.433883739117558,-0.9009688679024191,0.8660254037844387,-0.4999999999999998,-0.9377521321470804,0.3473052528448203,1590
2025-04-26,9910800,47,47,14,14,210868.085106383,10000.0,1620000,13,34,5,26,17,4,2,2025,1,0,0,0,328.0,42.0,-0.9749279121818236,-0.2225209339563146,0.8660254037844387,-0.4999999999999998,-0.848644257494751,0.5289640103269624,1591
2025-04-27,12586550,70,49,19,16,179807.85714285713,10000.0,5000000,7,42,6,27,17,4,2,2025,1,0,0,0,327.0,41.0,-0.7818314824680299,0.6234898018587334,0.8660254037844387,-0.4999999999999998,-0.72479278722912,0.6889669190756865,1592
2025-04-28,18416050,94,82,16,16,195915.4255319149,10000.0,2550000,25,57,0,28,18,4,2,2025,0,0,0,0,326.0,40.0,0.0,1.0,0.8660254037844387,-0.4999999999999998,-0.5712682150947924,0.8207634412072763,1593
2025-04-29,24422900,68,61,17,15,359160.29411764705,15000.0,9000000,9,52,1,29,18,4,2,2025,0,0,0,0,325.0,39.0,0.7818314824680298,0.6234898018587336,0.8660254037844387,-0.4999999999999998,-0.3943558551133187,0.9189578116202306,1594
2025-04-30,21661647,83,62,17,15,260983.6987951807,10000.0,5625000,14,48,2,30,18,4,2,2025,0,1,0,0,324.0,38.0,0.9749279121818236,-0.22252093395631434,0.8660254037844387,-0.4999999999999998,-0.20129852008866114,0.9795299412524943,1595
2025-05-01,8066500,56,54,15,16,144044.64285714287,27500.0,1699000,7,47,3,1,18,5,2,2025,0,0,1,0,323.0,37.0,0.43388373911755823,-0.900968867902419,0.49999999999999994,-0.8660254037844387,0.20129852008866006,0.9795299412524945,1596
2025-05-02,26367354,155,116,29,17,170111.9612903226,10000.0,2790000,19,97,4,2,18,5,2,2025,0,0,0,0,322.0,36.0,-0.433883739117558,-0.9009688679024191,0.49999999999999994,-0.8660254037844387,0.39435585511331855,0.9189578116202306,1597
2025-05-03,26572500,64,56,20,13,415195.3125,21250.0,11500000,9,47,5,3,18,5,2,2025,1,0,0,0,321.0,35.0,-0.9749279121818236,-0.2225209339563146,0.49999999999999994,-0.8660254037844387,0.5712682150947923,0.8207634412072763,1598
2025-05-04,13522534,45,40,14,13,300500.7555555556,10000.0,5000000,9,31,6,4,18,5,2,2025,1,0,0,0,320.0,34.0,-0.7818314824680299,0.6234898018587334,0.49999999999999994,-0.8660254037844387,0.7247927872291199,0.6889669190756866,1599
2025-05-05,43782153,93,70,25,17,470775.8387096774,10000.0,2790000,13,57,0,5,19,5,2,2025,0,0,0,0,319.0,33.0,0.0,1.0,0.49999999999999994,-0.8660254037844387,0.8486442574947509,0.5289640103269624,1600
2025-05-06,32524320,83,69,24,16,391859.2771084337,10000.0,2850000,18,51,1,6,19,5,2,2025,0,0,0,0,318.0,32.0,0.7818314824680298,0.6234898018587336,0.49999999999999994,-0.8660254037844387,0.9377521321470804,0.3473052528448203,1601
2025-05-07,57417600,104,86,23,17,552092.3076923077,25000.0,2790000,28,58,2,7,19,5,2,2025,0,0,0,0,317.0,31.0,0.9749279121818236,-0.22252093395631434,0.49999999999999994,-0.8660254037844387,0.9884683243281114,0.1514277775045767,1602
2025-05-08,109303500,132,92,29,16,828056.8181818182,10000.0,13500000,32,60,3,8,19,5,2,2025,0,0,0,0,316.0,30.0,0.43388373911755823,-0.900968867902419,0.49999999999999994,-0.8660254037844387,0.9987165071710528,-0.05064916883871264,1603
2025-05-09,42303315,153,100,32,17,276492.2549019608,10000.0,3310790,29,71,4,9,19,5,2,2025,0,0,0,0,315.0,29.0,-0.433883739117558,-0.9009688679024191,0.49999999999999994,-0.8660254037844387,0.9680771188662043,-0.2506525322587204,1604
2025-05-10,7776720,39,38,15,12,199403.07692307694,10000.0,2790000,9,29,5,10,19,5,2,2025,1,0,0,0,314.0,28.0,-0.9749279121818236,-0.2225209339563146,0.49999999999999994,-0.8660254037844387,0.8978045395707416,-0.4403941515576344,1605
2025-05-11,9288309,64,30,11,11,145129.828125,504.5,8554800,6,24,6,11,19,5,2,2025,1,0,0,0,313.0,27.0,-0.7818314824680299,0.6234898018587334,0.49999999999999994,-0.8660254037844387,0.7907757369376989,-0.6121059825476626,1606
2025-05-12,42789500,46,43,15,12,930206.5217391305,100000.0,2900000,14,29,0,12,20,5,2,2025,0,0,0,0,312.0,26.0,0.0,1.0,0.49999999999999994,-0.8660254037844387,0.6513724827222223,-0.7587581226927909,1607
2025-05-13,10635775,44,42,11,12,241722.1590909091,10000.0,2850000,12,30,1,13,20,5,2,2025,0,0,0,0,311.0,25.0,0.7818314824680298,0.6234898018587336,0.49999999999999994,-0.8660254037844387,0.48530196253108104,-0.8743466161445821,1608
2025-05-14,14352481,400,105,54,16,35881.2025,1000.0,2900000,37,68,2,14,20,5,2,2025,0,0,0,0,310.0,24.0,0.9749279121818236,-0.22252093395631434,0.49999999999999994,-0.8660254037844387,0.29936312297335804,-0.9541392564000488,1609
2025-05-15,9240500,143,63,16,10,64618.881118881116,1000.0,2790000,15,48,3,15,20,5,2,2025,0,0,0,0,309.0,23.0,0.43388373911755823,-0.900968867902419,0.49999999999999994,-0.8660254037844387,0.10116832198743272,-0.994869323391895,1610
2025-05-16,38940322,86,84,27,16,452794.4418604651,50000.0,2900000,32,52,4,16,20,5,2,2025,0,0,0,0,308.0,22.0,-0.433883739117558,-0.9009688679024191,0.49999999999999994,-0.8660254037844387,-0.10116832198743204,-0.9948693233918952,1611
2025-05-17,35458311,51,51,21,14,695261.0,10000.0,10260000,23,28,5,17,20,5,2,2025,1,0,0,0,307.0,21.0,-0.9749279121818236,-0.2225209339563146,0.49999999999999994,-0.8660254037844387,-0.2993631229733582,-0.9541392564000488,1612
2025-05-18,24778500,34,32,13,10,728779.4117647059,10000.0,10000000,8,24,6,18,20,5,2,2025,1,0,0,0,306.0,20.0,-0.7818314824680299,0.6234898018587334,0.49999999999999994,-0.8660254037844387,-0.4853019625310808,-0.8743466161445822,1613
2025-05-19,32549525,67,57,16,12,485813.80597014923,10000.0,2900000,17,40,0,19,21,5,2,2025,0,0,0,0,305.0,19.0,0.0,1.0,0.49999999999999994,-0.8660254037844387,-0.651372482722222,-0.7587581226927911,1614
2025-05-20,73385500,65,51,16,14,1129007.6923076923,10000.0,43000000,13,38,1,20,21,5,2,2025,0,0,0,0,304.0,18.0,0.7818314824680298,0.6234898018587336,0.49999999999999994,-0.8660254037844387,-0.7907757369376986,-0.6121059825476627,1615
2025-05-21,51287009,48,43,12,12,1068479.3541666667,10000.0,25000000,12,31,2,21,21,5,2,2025,0,0,0,0,303.0,17.0,0.9749279121818236,-0.22252093395631434,0.49999999999999994,-0.8660254037844387,-0.8978045395707417,-0.44039415155763423,1616
2025-05-22,14710350,50,43,17,13,294207.0,10000.0,2900000,12,31,3,22,21,5,2,2025,0,0,0,0,302.0,16.0,0.43388373911755823,-0.900968867902419,0.49999999999999994,-0.8660254037844387,-0.9680771188662041,-0.2506525322587213,1617
2025-05-23,49598947,105,97,32,14,472370.9238095238,100000.0,4000000,29,68,4,23,21,5,2,2025,0,0,0,0,301.0,15.0,-0.433883739117558,-0.9009688679024191,0.49999999999999994,-0.8660254037844387,-0.9987165071710528,-0.05064916883871355,1618
2025-05-24,135747972,72,56,19,15,1885388.5,50000.0,100000000,21,35,5,24,21,5,2,2025,1,0,0,0,300.0,14.0,-0.9749279121818236,-0.2225209339563146,0.49999999999999994,-0.8660254037844387,-0.9884683243281114,0.15142777750457667,1619
2025-05-25,20495375,39,39,19,14,525522.4358974359,10000.0,4480000,10,29,6,25,21,5,2,2025,1,0,0,0,299.0,13.0,-0.7818314824680299,0.6234898018587334,0.49999999999999994,-0.8660254037844387,-0.9377521321470804,0.3473052528448203,1620
2025-05-26,74111413,107,81,26,16,692630.0280373832,10000.0,25000000,28,53,0,26,22,5,2,2025,0,0,0,0,298.0,12.0,0.0,1.0,0.49999999999999994,-0.8660254037844387,-0.848644257494751,0.5289640103269624,1621
2025-05-27,113871775,82,62,18,17,1388680.1829268292,12500.0,40250000,12,50,1,27,22,5,2,2025,0,0,0,0,297.0,11.0,0.7818314824680298,0.6234898018587336,0.49999999999999994,-0.8660254037844387,-0.72479278722912,0.6889669190756865,1622
2025-05-28,62095000,76,71,27,14,817039.4736842106,50000.0,13500000,23,48,2,28,22,5,2,2025,0,0,0,0,296.0,10.0,0.9749279121818236,-0.22252093395631434,0.49999999999999994,-0.8660254037844387,-0.5712682150947924,0.8207634412072763,1623
2025-05-29,37232200,52,49,18,15,716003.8461538461,50000.0,11500000,12,37,3,29,22,5,2,2025,0,0,0,0,295.0,9.0,0.43388373911755823,-0.900968867902419,0.49999999999999994,-0.8660254037844387,-0.3943558551133187,0.9189578116202306,1624
2025-05-30,86778964,134,109,28,19,647604.2089552239,50000.0,2900000,30,79,4,30,22,5,2,2025,0,0,0,0,294.0,8.0,-0.433883739117558,-0.9009688679024191,0.49999999999999994,-0.8660254037844387,-0.20129852008866114,0.9795299412524943,1625
2025-05-31,28687025,102,100,18,13,281245.3431372549,22500.0,2900000,69,31,5,31,22,5,2,2025,1,1,0,0,293.0,7.0,-0.9749279121818236,-0.2225209339563146,0.49999999999999994,-0.8660254037844387,-2.4492935982947064e-16,1.0,1626
2025-06-01,72594943,202,197,18,15,359380.90594059404,50000.0,3500000,147,50,6,1,22,6,2,2025,1,0,1,0,292.0,6.0,-0.7818314824680299,0.6234898018587334,1.2246467991473532e-16,-1.0,0.20129852008866006,0.9795299412524945,1627
2025-06-02,71760835,164,130,25,14,437566.06707317074,20000.0,3250000,75,55,0,2,23,6,2,2025,0,0,0,0,291.0,5.0,0.0,1.0,1.2246467991473532e-16,-1.0,0.39435585511331855,0.9189578116202306,1628
2025-06-03,59274000,115,102,27,15,515426.0869565217,50000.0,7900000,54,48,1,3,23,6,2,2025,0,0,0,0,290.0,4.0,0.7818314824680298,0.6234898018587336,1.2246467991473532e-16,-1.0,0.5712682150947923,0.8207634412072763,1629
2025-06-04,179033331,112,103,31,15,1598511.8839285714,50000.0,39000000,46,57,2,4,23,6,2,2025,0,0,0,0,289.0,3.0,0.9749279121818236,-0.22252093395631434,1.2246467991473532e-16,-1.0,0.7247927872291199,0.6889669190756866,1630
2025-06-05,134580081,164,144,28,18,820610.25,200000.0,3250000,53,91,3,5,23,6,2,2025,0,0,0,0,288.0,2.0,0.43388373911755823,-0.900968867902419,1.2246467991473532e-16,-1.0,0.8486442574947509,0.5289640103269624,1631
2025-06-06,22353667,88,46,18,16,254018.94318181818,10000.0,5000000,10,36,4,6,23,6,2,2025,0,0,0,0,287.0,1.0,-0.433883739117558,-0.9009688679024191,1.2246467991473532e-16,-1.0,0.9377521321470804,0.3473052528448203,1632
2025-06-07,3155000,42,30,11,12,75119.04761904762,10000.0,1000000,5,25,5,7,23,6,2,2025,1,0,0,0,286.0,0.0,-0.9749279121818236,-0.2225209339563146,1.2246467991473532e-16,-1.0,0.9884683243281114,0.1514277775045767,1633
2025-06-08,15313500,51,39,12,13,300264.70588235295,10000.0,6272000,6,33,6,8,23,6,2,2025,1,0,0,0,285.0,353.0,-0.7818314824680299,0.6234898018587334,1.2246467991473532e-16,-1.0,0.9987165071710528,-0.05064916883871264,1634
2025-06-09,5348000,57,33,9,11,93824.56140350878,1000.0,2050000,5,28,0,9,24,6,2,2025,0,0,0,0,284.0,352.0,0.0,1.0,1.2246467991473532e-16,-1.0,0.9680771188662043,-0.2506525322587204,1635
2025-06-10,19191348,58,50,15,12,330885.3103448276,10000.0,4000000,8,42,1,10,24,6,2,2025,0,0,0,0,283.0,351.0,0.7818314824680298,0.6234898018587336,1.2246467991473532e-16,-1.0,0.8978045395707416,-0.4403941515576344,1636
2025-06-11,3940944,38,35,11,12,103709.05263157895,10000.0,855685,6,29,2,11,24,6,2,2025,0,0,0,0,282.0,350.0,0.9749279121818236,-0.22252093395631434,1.2246467991473532e-16,-1.0,0.7907757369376989,-0.6121059825476626,1637
2025-06-12,6058887,123,50,14,14,49259.243902439026,1000.0,1500000,12,38,3,12,24,6,2,2025,0,0,0,0,281.0,349.0,0.43388373911755823,-0.900968867902419,1.2246467991473532e-16,-1.0,0.6513724827222223,-0.7587581226927909,1638
2025-06-13,18275000,186,84,29,18,98252.68817204301,1000.0,8000000,11,73,4,13,24,6,2,2025,0,0,0,0,280.0,348.0,-0.433883739117558,-0.9009688679024191,1.2246467991473532e-16,-1.0,0.48530196253108104,-0.8743466161445821,1639
2025-06-14,37322100,106,55,19,13,352095.28301886795,1000.0,20000000,25,30,5,14,24,6,2,2025,1,0,0,0,279.0,347.0,-0.9749279121818236,-0.2225209339563146,1.2246467991473532e-16,-1.0,0.29936312297335804,-0.9541392564000488,1640
2025-06-15,1231664,371,100,29,10,3319.8490566037735,1000.0,300000,32,68,6,15,24,6,2,2025,1,0,0,0,278.0,346.0,-0.7818314824680299,0.6234898018587334,1.2246467991473532e-16,-1.0,0.10116832198743272,-0.994869323391895,1641
2025-06-16,5557371,55,49,13,11,101043.10909090909,10000.0,2182000,7,42,0,16,25,6,2,2025,0,0,0,0,277.0,345.0,0.0,1.0,1.2246467991473532e-16,-1.0,-0.10116832198743204,-0.9948693233918952,1642
2025-06-17,7004222,63,52,16,10,111178.12698412698,10000.0,925972,14,38,1,17,25,6,2,2025,0,0,0,0,276.0,344.0,0.7818314824680298,0.6234898018587336,1.2246467991473532e-16,-1.0,-0.2993631229733582,-0.9541392564000488,1643
2025-06-18,52195725,61,60,17,14,855667.6229508197,10000.0,43000000,23,37,2,18,25,6,2,2025,0,0,0,0,275.0,343.0,0.9749279121818236,-0.22252093395631434,1.2246467991473532e-16,-1.0,-0.4853019625310808,-0.8743466161445822,1644
2025-06-19,1992800,50,48,15,11,39856.0,10000.0,1000000,13,35,3,19,25,6,2,2025,0,0,0,0,274.0,342.0,0.43388373911755823,-0.900968867902419,1.2246467991473532e-16,-1.0,-0.651372482722222,-0.7587581226927911,1645
2025-06-20,8778900,76,63,22,16,115511.84210526316,10000.0,3000000,20,43,4,20,25,6,2,2025,0,0,0,0,273.0,341.0,-0.433883739117558,-0.9009688679024191,1.2246467991473532e-16,-1.0,-0.7907757369376986,-0.6121059825476627,1646
2025-06-21,1534100,22,21,11,8,69731.81818181818,10000.0,1057100,0,21,5,21,25,6,2,2025,1,0,0,0,272.0,340.0,-0.9749279121818236,-0.2225209339563146,1.2246467991473532e-16,-1.0,-0.8978045395707417,-0.44039415155763423,1647
2025-06-22,3771995,28,26,10,10,134714.10714285713,10000.0,1000000,5,21,6,22,25,6,2,2025,1,0,0,0,271.0,339.0,-0.7818314824680299,0.6234898018587334,1.2246467991473532e-16,-1.0,-0.9680771188662041,-0.2506525322587213,1648
2025-06-23,5252853,44,38,12,10,119383.02272727272,10000.0,1100000,6,32,0,23,26,6,2,2025,0,0,0,0,270.0,338.0,0.0,1.0,1.2246467991473532e-16,-1.0,-0.9987165071710528,-0.05064916883871355,1649
2025-06-24,18649401,48,41,13,12,388529.1875,10000.0,15300000,11,30,1,24,26,6,2,2025,0,0,0,0,269.0,337.0,0.7818314824680298,0.6234898018587336,1.2246467991473532e-16,-1.0,-0.9884683243281114,0.15142777750457667,1650
2025-06-25,40253215,57,50,17,14,706196.754385965,10000.0,21350000,3,47,2,25,26,6,2,2025,0,0,0,0,268.0,336.0,0.9749279121818236,-0.22252093395631434,1.2246467991473532e-16,-1.0,-0.9377521321470804,0.3473052528448203,1651
2025-06-26,15654827,61,54,15,13,256636.50819672132,50000.0,2700000,8,46,3,26,26,6,2,2025,0,0,0,0,267.0,335.0,0.43388373911755823,-0.900968867902419,1.2246467991473532e-16,-1.0,-0.848644257494751,0.5289640103269624,1652
2025-06-27,13069000,58,55,18,15,225327.58620689655,50000.0,3000000,8,47,4,27,26,6,2,2025,0,0,0,0,266.0,334.0,-0.433883739117558,-0.9009688679024191,1.2246467991473532e-16,-1.0,-0.72479278722912,0.6889669190756865,1653
2025-06-28,5594812,28,27,11,12,199814.7142857143,10000.0,1250000,2,25,5,28,26,6,2,2025,1,0,0,0,265.0,333.0,-0.9749279121818236,-0.2225209339563146,1.2246467991473532e-16,-1.0,-0.5712682150947924,0.8207634412072763,1654
2025-06-29,4633000,32,27,10,10,144781.25,10000.0,1200000,1,26,6,29,26,6,2,2025,1,0,0,0,264.0,332.0,-0.7818314824680299,0.6234898018587334,1.2246467991473532e-16,-1.0,-0.3943558551133187,0.9189578116202306,1655
2025-06-30,14949921,87,63,25,14,171838.1724137931,10000.0,2639500,14,49,0,30,27,6,2,2025,0,1,0,0,263.0,331.0,0.0,1.0,1.2246467991473532e-16,-1.0,-0.20129852008866114,0.9795299412524943,1656
2025-07-01,13571015,66,56,21,14,205621.4393939394,35000.0,2750000,8,48,1,1,27,7,3,2025,0,0,1,0,262.0,330.0,0.7818314824680298,0.6234898018587336,-0.4999999999999997,-0.8660254037844388,0.20129852008866006,0.9795299412524945,1657
2025-07-02,7786500,73,51,16,14,106664.38356164383,10000.0,1400000,9,42,2,2,27,7,3,2025,0,0,0,0,261.0,329.0,0.9749279121818236,-0.22252093395631434,-0.4999999999999997,-0.8660254037844388,0.39435585511331855,0.9189578116202306,1658
2025-07-03,10952139,90,70,17,15,121690.43333333333,10000.0,2000000,25,45,3,3,27,7,3,2025,0,0,0,0,260.0,328.0,0.43388373911755823,-0.900968867902419,-0.4999999999999997,-0.8660254037844388,0.5712682150947923,0.8207634412072763,1659
2025-07-04,36159587,80,75,22,17,451994.8375,50000.0,21147500,19,56,4,4,27,7,3,2025,0,0,0,0,259.0,327.0,-0.433883739117558,-0.9009688679024191,-0.4999999999999997,-0.8660254037844388,0.7247927872291199,0.6889669190756866,1660
2025-07-05,3430153,52,33,18,11,65964.48076923077,7500.0,995000,9,24,5,5,27,7,3,2025,1,0,0,0,258.0,326.0,-0.9749279121818236,-0.2225209339563146,-0.4999999999999997,-0.8660254037844388,0.8486442574947509,0.5289640103269624,1661
2025-07-06,6877597,39,31,13,11,176348.64102564103,20000.0,1159000,6,25,6,6,27,7,3,2025,1,0,0,0,257.0,325.0,-0.7818314824680299,0.6234898018587334,-0.4999999999999997,-0.8660254037844388,0.9377521321470804,0.3473052528448203,1662
2025-07-07,6664705,49,41,19,13,136014.38775510204,10000.0,3300000,10,31,0,7,28,7,3,2025,0,0,0,0,256.0,324.0,0.0,1.0,-0.4999999999999997,-0.8660254037844388,0.9884683243281114,0.1514277775045767,1663
2025-07-08,6003875,93,38,16,9,64557.79569892473,1000.0,2500000,9,29,1,8,28,7,3,2025,0,0,0,0,255.0,323.0,0.7818314824680298,0.6234898018587336,-0.4999999999999997,-0.8660254037844388,0.9987165071710528,-0.05064916883871264,1664
2025-07-09,11229250,55,39,12,11,204168.18181818182,5000.0,3000000,9,30,2,9,28,7,3,2025,0,0,0,0,254.0,322.0,0.9749279121818236,-0.22252093395631434,-0.4999999999999997,-0.8660254037844388,0.9680771188662043,-0.2506525322587204,1665
2025-07-10,4921600,79,41,12,12,62298.73417721519,1000.0,1500000,12,29,3,10,28,7,3,2025,0,0,0,0,253.0,321.0,0.43388373911755823,-0.900968867902419,-0.4999999999999997,-0.8660254037844388,0.8978045395707416,-0.4403941515576344,1666
2025-07-11,13246200,96,68,27,15,137981.25,10000.0,2011000,11,57,4,11,28,7,3,2025,0,0,0,0,252.0,320.0,-0.433883739117558,-0.9009688679024191,-0.4999999999999997,-0.8660254037844388,0.7907757369376989,-0.6121059825476626,1667
2025-07-12,7988750,86,54,11,14,92892.44186046511,2000.0,4146750,19,35,5,12,28,7,3,2025,1,0,0,0,251.0,319.0,-0.9749279121818236,-0.2225209339563146,-0.4999999999999997,-0.8660254037844388,0.6513724827222223,-0.7587581226927909,1668
2025-07-13,1789500,53,26,12,11,33764.15094339623,1000.0,500000,5,21,6,13,28,7,3,2025,1,0,0,0,250.0,318.0,-0.7818314824680299,0.6234898018587334,-0.4999999999999997,-0.8660254037844388,0.48530196253108104,-0.8743466161445821,1669
2025-07-14,4453773,282,82,20,11,15793.521276595744,1000.0,1340000,37,45,0,14,29,7,3,2025,0,0,0,0,249.0,317.0,0.0,1.0,-0.4999999999999997,-0.8660254037844388,0.29936312297335804,-0.9541392564000488,1670
2025-07-15,5801753,407,102,36,12,14254.921375921376,1000.0,3000000,40,62,1,15,29,7,3,2025,0,0,0,0,248.0,316.0,0.7818314824680298,0.6234898018587336,-0.4999999999999997,-0.8660254037844388,0.10116832198743272,-0.994869323391895,1671
2025-07-16,2796976,56,48,14,14,49946.0,5000.0,500000,4,44,2,16,29,7,3,2025,0,0,0,0,247.0,315.0,0.9749279121818236,-0.22252093395631434,-0.4999999999999997,-0.8660254037844388,-0.10116832198743204,-0.9948693233918952,1672
2025-07-17,2432000,63,55,15,12,38603.1746031746,5000.0,375000,12,43,3,17,29,7,3,2025,0,0,0,0,246.0,314.0,0.43388373911755823,-0.900968867902419,-0.4999999999999997,-0.8660254037844388,-0.2993631229733582,-0.9541392564000488,1673
2025-07-18,7263076,95,88,21,14,76453.43157894736,10000.0,2509000,35,53,4,18,29,7,3,2025,0,0,0,0,245.0,313.0,-0.433883739117558,-0.9009688679024191,-0.4999999999999997,-0.8660254037844388,-0.4853019625310808,-0.8743466161445822,1674
2025-07-19,3180783,33,32,12,9,96387.36363636363,10000.0,2000000,10,22,5,19,29,7,3,2025,1,0,0,0,244.0,312.0,-0.9749279121818236,-0.2225209339563146,-0.4999999999999997,-0.8660254037844388,-0.651372482722222,-0.7587581226927911,1675
2025-07-20,9571000,44,43,11,8,217522.72727272726,5000.0,5600000,20,23,6,20,29,7,3,2025,1,0,0,0,243.0,311.0,-0.7818314824680299,0.6234898018587334,-0.4999999999999997,-0.8660254037844388,-0.7907757369376986,-0.6121059825476627,1676
2025-07-21,1287800,83,62,12,10,15515.66265060241,5000.0,300000,27,35,0,21,30,7,3,2025,0,0,0,0,242.0,310.0,0.0,1.0,-0.4999999999999997,-0.8660254037844388,-0.8978045395707417,-0.44039415155763423,1677
2025-07-22,27990006,49,41,10,11,571224.612244898,5000.0,10425000,14,27,1,22,30,7,3,2025,0,0,0,0,241.0,309.0,0.7818314824680298,0.6234898018587336,-0.4999999999999997,-0.8660254037844388,-0.9680771188662041,-0.2506525322587213,1678
2025-07-23,2065500,51,39,9,11,40500.0,1000.0,1150000,8,31,2,23,30,7,3,2025,0,0,0,0,240.0,308.0,0.9749279121818236,-0.22252093395631434,-0.4999999999999997,-0.8660254037844388,-0.9987165071710528,-0.05064916883871355,1679
2025-07-24,2401850,53,49,9,10,45317.92452830189,10000.0,974350,23,26,3,24,30,7,3,2025,0,0,0,0,239.0,307.0,0.43388373911755823,-0.900968867902419,-0.4999999999999997,-0.8660254037844388,-0.9884683243281114,0.15142777750457667,1680
2025-07-25,14020483,77,70,21,14,182084.1948051948,50000.0,2000000,7,63,4,25,30,7,3,2025,0,0,0,0,238.0,306.0,-0.433883739117558,-0.9009688679024191,-0.4999999999999997,-0.8660254037844388,-0.9377521321470804,0.3473052528448203,1681
2025-07-26,9882500,31,28,8,10,318790.32258064515,50000.0,5000000,4,24,5,26,30,7,3,2025,1,0,0,0,237.0,305.0,-0.9749279121818236,-0.2225209339563146,-0.4999999999999997,-0.8660254037844388,-0.848644257494751,0.5289640103269624,1682
2025-07-27,5272000,53,29,11,11,99471.69811320755,1000.0,1131000,3,26,6,27,30,7,3,2025,1,0,0,0,236.0,304.0,-0.7818314824680299,0.6234898018587334,-0.4999999999999997,-0.8660254037844388,-0.72479278722912,0.6889669190756865,1683
2025-07-28,11732618,60,55,15,10,195543.63333333333,10000.0,4840000,11,44,0,28,31,7,3,2025,0,0,0,0,235.0,303.0,0.0,1.0,-0.4999999999999997,-0.8660254037844388,-0.5712682150947924,0.8207634412072763,1684
2025-07-29,15529600,63,51,15,12,246501.5873015873,10000.0,5625000,11,40,1,29,31,7,3,2025,0,0,0,0,234.0,302.0,0.7818314824680298,0.6234898018587336,-0.4999999999999997,-0.8660254037844388,-0.3943558551133187,0.9189578116202306,1685
2025-07-30,7988000,45,37,13,10,177511.11111111112,10000.0,2500000,1,36,2,30,31,7,3,2025,0,0,0,0,233.0,301.0,0.9749279121818236,-0.22252093395631434,-0.4999999999999997,-0.8660254037844388,-0.20129852008866114,0.9795299412524943,1686
2025-07-31,7238900,75,44,15,11,96518.66666666667,1000.0,1500000,13,31,3,31,31,7,3,2025,0,1,0,0,232.0,300.0,0.43388373911755823,-0.900968867902419,-0.4999999999999997,-0.8660254037844388,-2.4492935982947064e-16,1.0,1687
2025-08-01,14964958,115,95,23,16,130130.06956521739,30000.0,1000000,19,76,4,1,31,8,3,2025,0,0,1,0,231.0,299.0,-0.433883739117558,-0.9009688679024191,-0.8660254037844384,-0.5000000000000004,0.20129852008866006,0.9795299412524945,1688
2025-08-02,4811815,42,36,13,11,114567.02380952382,10000.0,1000065,6,30,5,2,31,8,3,2025,1,0,0,0,230.0,298.0,-0.9749279121818236,-0.2225209339563146,-0.8660254037844384,-0.5000000000000004,0.39435585511331855,0.9189578116202306,1689
2025-08-03,9903001,64,63,8,13,154734.390625,10000.0,2000000,27,36,6,3,31,8,3,2025,1,0,0,0,229.0,297.0,-0.7818314824680299,0.6234898018587334,-0.8660254037844384,-0.5000000000000004,0.5712682150947923,0.8207634412072763,1690
2025-08-04,11802905,81,69,17,15,145714.8765432099,5000.0,2000000,18,51,0,4,32,8,3,2025,0,0,0,0,228.0,296.0,0.0,1.0,-0.8660254037844384,-0.5000000000000004,0.7247927872291199,0.6889669190756866,1691
2025-08-05,8610500,58,46,15,9,148456.89655172414,10000.0,2000000,8,38,1,5,32,8,3,2025,0,0,0,0,227.0,295.0,0.7818314824680298,0.6234898018587336,-0.8660254037844384,-0.5000000000000004,0.8486442574947509,0.5289640103269624,1692
2025-08-06,7146731,74,57,15,13,96577.44594594595,7500.0,1527000,19,38,2,6,32,8,3,2025,0,0,0,0,226.0,294.0,0.9749279121818236,-0.22252093395631434,-0.8660254037844384,-0.5000000000000004,0.9377521321470804,0.3473052528448203,1693
2025-08-07,22410890,84,48,13,14,266796.3095238095,1000.0,5000000,14,34,3,7,32,8,3,2025,0,0,0,0,225.0,293.0,0.43388373911755823,-0.900968867902419,-0.8660254037844384,-0.5000000000000004,0.9884683243281114,0.1514277775045767,1694
2025-08-08,452313899,101,71,21,16,4478355.435643564,7000.0,422850000,18,53,4,8,32,8,3,2025,0,0,0,0,224.0,292.0,-0.433883739117558,-0.9009688679024191,-0.8660254037844384,-0.5000000000000004,0.9987165071710528,-0.05064916883871264,1695
2025-08-09,3014009,32,30,11,11,94187.78125,10000.0,1100000,10,20,5,9,32,8,3,2025,1,0,0,0,223.0,291.0,-0.9749279121818236,-0.2225209339563146,-0.8660254037844384,-0.5000000000000004,0.9680771188662043,-0.2506525322587204,1696
2025-08-10,1688000,42,35,10,11,40190.47619047619,10000.0,500000,15,20,6,10,32,8,3,2025,1,0,0,0,222.0,290.0,-0.7818314824680299,0.6234898018587334,-0.8660254037844384,-0.5000000000000004,0.8978045395707416,-0.4403941515576344,1697
2025-08-11,12472050,187,122,19,13,66695.45454545454,1000.0,5000000,46,76,0,11,33,8,3,2025,0,0,0,0,221.0,289.0,0.0,1.0,-0.8660254037844384,-0.5000000000000004,0.7907757369376989,-0.6121059825476626,1698
2025-08-12,17330600,115,71,19,13,150700.86956521738,1000.0,3000000,24,47,1,12,33,8,3,2025,0,0,0,0,220.0,288.0,0.7818314824680298,0.6234898018587336,-0.8660254037844384,-0.5000000000000004,0.6513724827222223,-0.7587581226927909,1699
2025-08-13,3243000,99,41,32,8,32757.575757575756,1000.0,1000000,7,34,2,13,33,8,3,2025,0,0,0,0,219.0,287.0,0.9749279121818236,-0.22252093395631434,-0.8660254037844384,-0.5000000000000004,0.48530196253108104,-0.8743466161445821,1700
2025-08-14,1396299,119,49,13,10,11733.605042016807,1000.0,500000,12,37,3,14,33,8,3,2025,0,0,0,0,218.0,286.0,0.43388373911755823,-0.900968867902419,-0.8660254037844384,-0.5000000000000004,0.29936312297335804,-0.9541392564000488,1701
2025-08-15,7634931,313,104,26,14,24392.750798722045,1000.0,2000000,32,72,4,15,33,8,3,2025,0,0,0,0,217.0,285.0,-0.433883739117558,-0.9009688679024191,-0.8660254037844384,-0.5000000000000004,0.10116832198743272,-0.994869323391895,1702
2025-08-16,1099291,26,25,10,8,42280.42307692308,10000.0,340791,5,20,5,16,33,8,3,2025,1,0,0,0,216.0,284.0,-0.9749279121818236,-0.2225209339563146,-0.8660254037844384,-0.5000000000000004,-0.10116832198743204,-0.9948693233918952,1703
2025-08-17,930500,21,19,9,8,44309.52380952381,10000.0,500000,2,17,6,17,33,8,3,2025,1,0,0,0,215.0,283.0,-0.7818314824680299,0.6234898018587334,-0.8660254037844384,-0.5000000000000004,-0.2993631229733582,-0.9541392564000488,1704
2025-08-18,1087500,26,23,9,9,41826.92307692308,10000.0,500000,3,20,0,18,34,8,3,2025,0,0,0,0,214.0,282.0,0.0,1.0,-0.8660254037844384,-0.5000000000000004,-0.4853019625310808,-0.8743466161445822,1705
2025-08-19,4076550,32,29,12,7,127392.1875,10000.0,3000000,8,21,1,19,34,8,3,2025,0,0,0,0,213.0,281.0,0.7818314824680298,0.6234898018587336,-0.8660254037844384,-0.5000000000000004,-0.651372482722222,-0.7587581226927911,1706
2025-08-20,1197500,40,35,16,11,29937.5,7500.0,350000,6,29,2,20,34,8,3,2025,0,0,0,0,212.0,280.0,0.9749279121818236,-0.22252093395631434,-0.8660254037844384,-0.5000000000000004,-0.7907757369376986,-0.6121059825476627,1707
2025-08-21,7594351,52,48,17,10,146045.21153846153,5000.0,4500000,14,34,3,21,34,8,3,2025,0,0,0,0,211.0,279.0,0.43388373911755823,-0.900968867902419,-0.8660254037844384,-0.5000000000000004,-0.8978045395707417,-0.44039415155763423,1708
2025-08-22,10376500,86,79,21,13,120656.97674418605,10000.0,2000000,23,56,4,22,34,8,3,2025,0,0,0,0,210.0,278.0,-0.433883739117558,-0.9009688679024191,-0.8660254037844384,-0.5000000000000004,-0.9680771188662041,-0.2506525322587213,1709
2025-08-23,1647350,36,35,9,9,45759.72222222222,5000.0,1100850,19,16,5,23,34,8,3,2025,1,0,0,0,209.0,277.0,-0.9749279121818236,-0.2225209339563146,-0.8660254037844384,-0.5000000000000004,-0.9987165071710528,-0.05064916883871355,1710
2025-08-24,1582200,51,49,9,10,31023.529411764706,5000.0,1000000,35,14,6,24,34,8,3,2025,1,0,0,0,208.0,276.0,-0.7818314824680299,0.6234898018587334,-0.8660254037844384,-0.5000000000000004,-0.9884683243281114,0.15142777750457667,1711
2025-08-25,10897500,59,56,12,10,184703.38983050847,10000.0,2280000,13,43,0,25,35,8,3,2025,0,0,0,0,207.0,275.0,0.0,1.0,-0.8660254037844384,-0.5000000000000004,-0.9377521321470804,0.3473052528448203,1712
2025-08-26,11606069,59,45,17,13,196713.0338983051,10000.0,4000000,10,35,1,26,35,8,3,2025,0,0,0,0,206.0,274.0,0.7818314824680298,0.6234898018587336,-0.8660254037844384,-0.5000000000000004,-0.848644257494751,0.5289640103269624,1713
2025-08-27,6630125,51,38,12,11,130002.45098039215,2000.0,2500000,6,32,2,27,35,8,3,2025,0,0,0,0,205.0,273.0,0.9749279121818236,-0.22252093395631434,-0.8660254037844384,-0.5000000000000004,-0.72479278722912,0.6889669190756865,1714
2025-08-28,15506627,62,49,16,10,250106.88709677418,10000.0,4000000,11,38,3,28,35,8,3,2025,0,0,0,0,204.0,272.0,0.43388373911755823,-0.900968867902419,-0.8660254037844384,-0.5000000000000004,-0.5712682150947924,0.8207634412072763,1715
2025-08-29,12410630,98,71,19,16,126639.08163265306,2000.0,3000000,9,62,4,29,35,8,3,2025,0,0,0,0,203.0,271.0,-0.433883739117558,-0.9009688679024191,-0.8660254037844384,-0.5000000000000004,-0.3943558551133187,0.9189578116202306,1716
2025-08-30,6867018,25,23,10,10,274680.72,100000.0,1200000,3,20,5,30,35,8,3,2025,1,0,0,0,202.0,270.0,-0.9749279121818236,-0.2225209339563146,-0.8660254037844384,-0.5000000000000004,-0.20129852008866114,0.9795299412524943,1717
2025-08-31,3030500,48,30,9,9,63135.416666666664,2000.0,1000000,3,27,6,31,35,8,3,2025,1,1,0,0,201.0,269.0,-0.7818314824680299,0.6234898018587334,-0.8660254037844384,-0.5000000000000004,-2.4492935982947064e-16,1.0,1718
2025-09-01,24318093,113,67,18,15,215204.3628318584,2000.0,5000000,12,55,0,1,36,9,3,2025,0,0,1,0,200.0,268.0,0.0,1.0,-1.0,-1.8369701987210297e-16,0.20129852008866006,0.9795299412524945,1719
2025-09-02,20962809,64,57,18,13,327543.890625,10000.0,4300000,12,45,1,2,36,9,3,2025,0,0,0,0,199.0,267.0,0.7818314824680298,0.6234898018587336,-1.0,-1.8369701987210297e-16,0.39435585511331855,0.9189578116202306,1720
2025-09-03,19048087,107,67,20,13,178019.5046728972,2000.0,5625000,7,60,2,3,36,9,3,2025,0,0,0,0,198.0,266.0,0.9749279121818236,-0.22252093395631434,-1.0,-1.8369701987210297e-16,0.5712682150947923,0.8207634412072763,1721
2025-09-04,10277510,55,44,19,11,186863.81818181818,5000.0,7169100,7,37,3,4,36,9,3,2025,0,0,0,0,197.0,265.0,0.43388373911755823,-0.900968867902419,-1.0,-1.8369701987210297e-16,0.7247927872291199,0.6889669190756866,1722
2025-09-05,21270683,98,61,21,14,217047.7857142857,20000.0,12050000,22,39,4,5,36,9,3,2025,0,0,0,0,196.0,264.0,-0.433883739117558,-0.9009688679024191,-1.0,-1.8369701987210297e-16,0.8486442574947509,0.5289640103269624,1723
2025-09-06,2249000,40,35,14,10,56225.0,10000.0,500000,5,30,5,6,36,9,3,2025,1,0,0,0,195.0,263.0,-0.9749279121818236,-0.2225209339563146,-1.0,-1.8369701987210297e-16,0.9377521321470804,0.3473052528448203,1724
2025-09-07,2595000,32,24,12,12,81093.75,7500.0,1000000,6,18,6,7,36,9,3,2025,1,0,0,0,194.0,262.0,-0.7818314824680299,0.6234898018587334,-1.0,-1.8369701987210297e-16,0.9884683243281114,0.1514277775045767,1725
2025-09-08,10285600,138,69,19,13,74533.33333333333,1000.0,1780000,14,55,0,8,37,9,3,2025,0,0,0,0,193.0,261.0,0.0,1.0,-1.0,-1.8369701987210297e-16,0.9987165071710528,-0.05064916883871264,1726
2025-09-09,6818100,73,63,15,12,93398.6301369863,2000.0,2500000,29,34,1,9,37,9,3,2025,0,0,0,0,192.0,260.0,0.7818314824680298,0.6234898018587336,-1.0,-1.8369701987210297e-16,0.9680771188662043,-0.2506525322587204,1727
2025-09-10,17347176,108,54,16,10,160622.0,1000.0,10055501,13,41,2,10,37,9,3,2025,0,0,0,0,191.0,259.0,0.9749279121818236,-0.22252093395631434,-1.0,-1.8369701987210297e-16,0.8978045395707416,-0.4403941515576344,1728
2025-09-11,187999400,118,73,20,16,1593215.2542372881,1000.0,100000000,30,43,3,11,37,9,3,2025,0,0,0,0,190.0,258.0,0.43388373911755823,-0.900968867902419,-1.0,-1.8369701987210297e-16,0.7907757369376989,-0.6121059825476626,1729
2025-09-12,37236344,128,94,27,20,290908.9375,50000.0,6496249,24,70,4,12,37,9,3,2025,0,0,0,0,189.0,257.0,-0.433883739117558,-0.9009688679024191,-1.0,-1.8369701987210297e-16,0.6513724827222223,-0.7587581226927909,1730
2025-09-13,31284500,43,30,15,13,727546.5116279069,10000.0,25000000,7,23,5,13,37,9,3,2025,1,0,0,0,188.0,256.0,-0.9749279121818236,-0.2225209339563146,-1.0,-1.8369701987210297e-16,0.48530196253108104,-0.8743466161445821,1731
2025-09-14,5499500,147,57,12,8,37411.56462585034,1000.0,3230000,14,43,6,14,37,9,3,2025,1,0,0,0,187.0,255.0,-0.7818314824680299,0.6234898018587334,-1.0,-1.8369701987210297e-16,0.29936312297335804,-0.9541392564000488,1732
2025-09-15,16251759,404,124,26,16,40227.126237623765,1000.0,3000000,51,73,0,15,38,9,3,2025,0,0,0,0,186.0,254.0,0.0,1.0,-1.0,-1.8369701987210297e-16,0.10116832198743272,-0.994869323391895,1733
2025-09-16,4692900,55,51,16,15,85325.45454545454,10000.0,1050000,21,30,1,16,38,9,3,2025,0,0,0,0,185.0,253.0,0.7818314824680298,0.6234898018587336,-1.0,-1.8369701987210297e-16,-0.10116832198743204,-0.9948693233918952,1734
2025-09-17,5624006,68,62,20,14,82705.9705882353,6000.0,1000706,21,41,2,17,38,9,3,2025,0,0,0,0,184.0,252.0,0.9749279121818236,-0.22252093395631434,-1.0,-1.8369701987210297e-16,-0.2993631229733582,-0.9541392564000488,1735
2025-09-18,8970884,69,58,17,15,130012.8115942029,10000.0,2500000,14,44,3,18,38,9,3,2025,0,0,0,0,183.0,251.0,0.43388373911755823,-0.900968867902419,-1.0,-1.8369701987210297e-16,-0.4853019625310808,-0.8743466161445822,1736
2025-09-19,28983876,99,90,25,14,292766.42424242425,20000.0,5000000,31,59,4,19,38,9,3,2025,0,0,0,0,182.0,250.0,-0.433883739117558,-0.9009688679024191,-1.0,-1.8369701987210297e-16,-0.651372482722222,-0.7587581226927911,1737
2025-09-20,10149500,48,39,12,16,211447.91666666666,10000.0,5000000,9,30,5,20,38,9,3,2025,1,0,0,0,181.0,249.0,-0.9749279121818236,-0.2225209339563146,-1.0,-1.8369701987210297e-16,-0.7907757369376986,-0.6121059825476627,1738
2025-09-21,3846500,38,36,11,12,101223.68421052632,10000.0,1500000,8,28,6,21,38,9,3,2025,1,0,0,0,180.0,248.0,-0.7818314824680299,0.6234898018587334,-1.0,-1.8369701987210297e-16,-0.8978045395707417,-0.44039415155763423,1739
2025-09-22,1588259,66,53,17,16,24064.530303030304,7450.0,275000,19,34,0,22,39,9,3,2025,0,0,0,0,179.0,247.0,0.0,1.0,-1.0,-1.8369701987210297e-16,-0.9680771188662041,-0.2506525322587213,1740
2025-09-23,7083900,72,65,18,12,98387.5,5000.0,1350000,32,33,1,23,39,9,3,2025,0,0,0,0,178.0,246.0,0.7818314824680298,0.6234898018587336,-1.0,-1.8369701987210297e-16,-0.9987165071710528,-0.05064916883871355,1741
2025-09-24,8228100,54,42,17,11,152372.22222222222,2250.0,2000000,6,36,2,24,39,9,3,2025,0,0,0,0,177.0,245.0,0.9749279121818236,-0.22252093395631434,-1.0,-1.8369701987210297e-16,-0.9884683243281114,0.15142777750457667,1742
2025-09-25,31657643,105,80,20,16,301501.3619047619,10000.0,5000000,27,53,3,25,39,9,3,2025,0,0,0,0,176.0,244.0,0.43388373911755823,-0.900968867902419,-1.0,-1.8369701987210297e-16,-0.9377521321470804,0.3473052528448203,1743
2025-09-26,26988758,153,100,31,16,176397.11111111112,10000.0,5000000,26,74,4,26,39,9,3,2025,0,0,0,0,175.0,243.0,-0.433883739117558,-0.9009688679024191,-1.0,-1.8369701987210297e-16,-0.848644257494751,0.5289640103269624,1744
2025-09-27,9909500,45,38,12,16,220211.11111111112,10000.0,2750000,4,34,5,27,39,9,3,2025,1,0,0,0,174.0,242.0,-0.9749279121818236,-0.2225209339563146,-1.0,-1.8369701987210297e-16,-0.72479278722912,0.6889669190756865,1745
2025-09-28,10629468,43,39,10,13,247196.93023255814,10000.0,5000000,7,32,6,28,39,9,3,2025,1,0,0,0,173.0,241.0,-0.7818314824680299,0.6234898018587334,-1.0,-1.8369701987210297e-16,-0.5712682150947924,0.8207634412072763,1746
2025-09-29,8860953,82,65,19,15,108060.40243902439,10000.0,2000000,16,49,0,29,40,9,3,2025,0,0,0,0,172.0,240.0,0.0,1.0,-1.0,-1.8369701987210297e-16,-0.3943558551133187,0.9189578116202306,1747
2025-09-30,16307254,68,61,19,14,239812.5588235294,10000.0,4000000,23,38,1,30,40,9,3,2025,0,1,0,0,171.0,239.0,0.7818314824680298,0.6234898018587336,-1.0,-1.8369701987210297e-16,-0.20129852008866114,0.9795299412524943,1748
2025-10-01,25609470,118,91,22,16,217029.40677966102,10000.0,6078500,26,65,2,1,40,10,4,2025,0,0,1,0,170.0,238.0,0.9749279121818236,-0.22252093395631434,-0.8660254037844386,0.5000000000000001,0.20129852008866006,0.9795299412524945,1749
2025-10-02,17523233,71,65,22,13,246806.0985915493,20000.0,6500000,19,46,3,2,40,10,4,2025,0,0,0,0,169.0,237.0,0.43388373911755823,-0.900968867902419,-0.8660254037844386,0.5000000000000001,0.39435585511331855,0.9189578116202306,1750
2025-10-03,56949432,141,128,25,18,403896.6808510638,50000.0,25000000,41,87,4,3,40,10,4,2025,0,0,0,0,168.0,236.0,-0.433883739117558,-0.9009688679024191,-0.8660254037844386,0.5000000000000001,0.5712682150947923,0.8207634412072763,1751
2025-10-04,24391101,78,57,18,15,312706.42307692306,10000.0,7500000,11,46,5,4,40,10,4,2025,1,0,0,0,167.0,235.0,-0.9749279121818236,-0.2225209339563146,-0.8660254037844386,0.5000000000000001,0.7247927872291199,0.6889669190756866,1752
2025-10-05,27282400,69,58,19,12,395397.1014492754,10000.0,18500000,23,35,6,5,40,10,4,2025,1,0,0,0,166.0,234.0,-0.7818314824680299,0.6234898018587334,-0.8660254037844386,0.5000000000000001,0.8486442574947509,0.5289640103269624,1753
2025-10-06,13306802,104,74,22,15,127950.01923076923,7250.0,2500000,25,49,0,6,41,10,4,2025,0,0,0,0,165.0,233.0,0.0,1.0,-0.8660254037844386,0.5000000000000001,0.9377521321470804,0.3473052528448203,1754
2025-10-07,20288010,70,61,21,16,289828.71428571426,10000.0,12150000,19,42,1,7,41,10,4,2025,0,0,0,0,164.0,232.0,0.7818314824680298,0.6234898018587336,-0.8660254037844386,0.5000000000000001,0.9884683243281114,0.1514277775045767,1755
2025-10-08,8837600,71,56,22,12,124473.23943661971,10000.0,2100000,17,39,2,8,41,10,4,2025,0,0,0,0,163.0,231.0,0.9749279121818236,-0.22252093395631434,-0.8660254037844386,0.5000000000000001,0.9987165071710528,-0.05064916883871264,1756
2025-10-09,23209100,85,69,21,16,273048.23529411765,20000.0,10000000,26,43,3,9,41,10,4,2025,0,0,0,0,162.0,230.0,0.43388373911755823,-0.900968867902419,-0.8660254037844386,0.5000000000000001,0.9680771188662043,-0.2506525322587204,1757
2025-10-10,50920216,186,119,22,19,273764.60215053766,20000.0,10000000,31,88,4,10,41,10,4,2025,0,0,0,0,161.0,229.0,-0.433883739117558,-0.9009688679024191,-0.8660254037844386,0.5000000000000001,0.8978045395707416,-0.4403941515576344,1758
2025-10-11,4565440,72,56,15,17,63408.88888888889,5000.0,500000,27,29,5,11,41,10,4,2025,1,0,0,0,160.0,228.0,-0.9749279121818236,-0.2225209339563146,-0.8660254037844386,0.5000000000000001,0.7907757369376989,-0.6121059825476626,1759
2025-10-12,24687141,88,68,16,15,280535.6931818182,12500.0,5417000,28,40,6,12,41,10,4,2025,1,0,0,0,159.0,227.0,-0.7818314824680299,0.6234898018587334,-0.8660254037844386,0.5000000000000001,0.6513724827222223,-0.7587581226927909,1760
2025-10-13,14950323,158,92,49,18,94622.29746835443,2000.0,2500000,29,63,0,13,42,10,4,2025,0,0,0,0,158.0,226.0,0.0,1.0,-0.8660254037844386,0.5000000000000001,0.48530196253108104,-0.8743466161445821,1761
2025-10-14,21271176,308,95,35,15,69062.25974025975,1000.0,7250000,45,50,1,14,42,10,4,2025,0,0,0,0,157.0,225.0,0.7818314824680298,0.6234898018587336,-0.8660254037844386,0.5000000000000001,0.29936312297335804,-0.9541392564000488,1762
2025-10-15,16464797,561,170,27,16,29349.014260249554,1000.0,1844200,74,96,2,15,42,10,4,2025,0,0,0,0,156.0,224.0,0.9749279121818236,-0.22252093395631434,-0.8660254037844386,0.5000000000000001,0.10116832198743272,-0.994869323391895,1763
2025-10-16,27298200,58,49,17,15,470658.6206896552,10000.0,5732200,7,42,3,16,42,10,4,2025,0,0,0,0,155.0,223.0,0.43388373911755823,-0.900968867902419,-0.8660254037844386,0.5000000000000001,-0.10116832198743204,-0.9948693233918952,1764
2025-10-17,26454675,118,107,25,16,224192.16101694916,50000.0,5000000,34,73,4,17,42,10,4,2025,0,0,0,0,154.0,222.0,-0.433883739117558,-0.9009688679024191,-0.8660254037844386,0.5000000000000001,-0.2993631229733582,-0.9541392564000488,1765
2025-10-18,15296602,49,43,12,14,312175.55102040817,5000.0,10528602,18,25,5,18,42,10,4,2025,1,0,0,0,153.0,221.0,-0.9749279121818236,-0.2225209339563146,-0.8660254037844386,0.5000000000000001,-0.4853019625310808,-0.8743466161445822,1766
2025-10-19,8231500,44,43,14,14,187079.54545454544,10000.0,2500000,13,30,6,19,42,10,4,2025,1,0,0,0,152.0,220.0,-0.7818314824680299,0.6234898018587334,-0.8660254037844386,0.5000000000000001,-0.651372482722222,-0.7587581226927911,1767
2025-10-20,4376100,61,50,19,13,71739.34426229508,5000.0,1705000,11,39,0,20,43,10,4,2025,0,0,0,0,151.0,219.0,0.0,1.0,-0.8660254037844386,0.5000000000000001,-0.7907757369376986,-0.6121059825476627,1768
2025-10-21,11113500,55,51,15,15,202063.63636363635,10000.0,8688000,9,42,1,21,43,10,4,2025,0,0,0,0,150.0,218.0,0.7818314824680298,0.6234898018587336,-0.8660254037844386,0.5000000000000001,-0.8978045395707417,-0.44039415155763423,1769
2025-10-22,9268509,67,52,19,14,138335.9552238806,10000.0,3667000,12,40,2,22,43,10,4,2025,0,0,0,0,149.0,217.0,0.9749279121818236,-0.22252093395631434,-0.8660254037844386,0.5000000000000001,-0.9680771188662041,-0.2506525322587213,1770
2025-10-23,15465900,90,64,18,17,171843.33333333334,5800.0,5000000,17,47,3,23,43,10,4,2025,0,0,0,0,148.0,216.0,0.43388373911755823,-0.900968867902419,-0.8660254037844386,0.5000000000000001,-0.9987165071710528,-0.05064916883871355,1771
2025-10-24,43050373,148,136,28,17,290880.89864864864,50000.0,5000000,35,101,4,24,43,10,4,2025,0,0,0,0,147.0,215.0,-0.433883739117558,-0.9009688679024191,-0.8660254037844386,0.5000000000000001,-0.9884683243281114,0.15142777750457667,1772
2025-10-25,18306969,61,55,20,15,300114.24590163934,50000.0,6257000,16,39,5,25,43,10,4,2025,1,0,0,0,146.0,214.0,-0.9749279121818236,-0.2225209339563146,-0.8660254037844386,0.5000000000000001,-0.9377521321470804,0.3473052528448203,1773
2025-10-26,7493509,37,34,12,12,202527.27027027027,20000.0,1250000,7,27,6,26,43,10,4,2025,1,0,0,0,145.0,213.0,-0.7818314824680299,0.6234898018587334,-0.8660254037844386,0.5000000000000001,-0.848644257494751,0.5289640103269624,1774
2025-10-27,25583938,66,57,19,15,387635.42424242425,10000.0,5168000,10,47,0,27,44,10,4,2025,0,0,0,0,144.0,212.0,0.0,1.0,-0.8660254037844386,0.5000000000000001,-0.72479278722912,0.6889669190756865,1775
2025-10-28,14568468,66,58,20,15,220734.36363636365,10000.0,4000000,11,47,1,28,44,10,4,2025,0,0,0,0,143.0,211.0,0.7818314824680298,0.6234898018587336,-0.8660254037844386,0.5000000000000001,-0.5712682150947924,0.8207634412072763,1776
2025-10-29,20236927,86,64,27,15,235313.10465116278,10000.0,10000000,14,50,2,29,44,10,4,2025,0,0,0,0,142.0,210.0,0.9749279121818236,-0.22252093395631434,-0.8660254037844386,0.5000000000000001,-0.3943558551133187,0.9189578116202306,1777
2025-10-30,19617500,56,53,19,13,350312.5,10000.0,12380000,12,41,3,30,44,10,4,2025,0,0,0,0,141.0,209.0,0.43388373911755823,-0.900968867902419,-0.8660254037844386,0.5000000000000001,-0.20129852008866114,0.9795299412524943,1778
2025-10-31,34591247,137,119,30,19,252490.85401459853,50000.0,10000000,29,90,4,31,44,10,4,2025,0,1,0,0,140.0,208.0,-0.433883739117558,-0.9009688679024191,-0.8660254037844386,0.5000000000000001,-2.4492935982947064e-16,1.0,1779
2025-11-01,10218501,65,53,20,15,157207.70769230768,100000.0,1000001,6,47,5,1,44,11,4,2025,1,0,1,0,139.0,207.0,-0.9749279121818236,-0.2225209339563146,-0.5000000000000004,0.8660254037844384,0.20129852008866006,0.9795299412524945,1780
2025-11-02,6479500,62,54,20,14,104508.06451612903,10000.0,750000,5,49,6,2,44,11,4,2025,1,0,0,0,138.0,206.0,-0.7818314824680299,0.6234898018587334,-0.5000000000000004,0.8660254037844384,0.39435585511331855,0.9189578116202306,1781
2025-11-03,26026719,100,90,24,16,260267.19,12500.0,5625000,37,53,0,3,45,11,4,2025,0,0,0,0,137.0,205.0,0.0,1.0,-0.5000000000000004,0.8660254037844384,0.5712682150947923,0.8207634412072763,1782
2025-11-04,21823870,76,67,20,16,287156.1842105263,10000.0,5000000,13,54,1,4,45,11,4,2025,0,0,0,0,136.0,204.0,0.7818314824680298,0.6234898018587336,-0.5000000000000004,0.8660254037844384,0.7247927872291199,0.6889669190756866,1783
2025-11-05,22959795,78,61,29,15,294356.3461538461,10000.0,5530000,7,54,2,5,45,11,4,2025,0,0,0,0,135.0,203.0,0.9749279121818236,-0.22252093395631434,-0.5000000000000004,0.8660254037844384,0.8486442574947509,0.5289640103269624,1784
2025-11-06,20903825,98,62,24,14,213304.33673469388,10000.0,3000000,9,53,3,6,45,11,4,2025,0,0,0,0,134.0,202.0,0.43388373911755823,-0.900968867902419,-0.5000000000000004,0.8660254037844384,0.9377521321470804,0.3473052528448203,1785
2025-11-07,102840588,105,92,24,17,979434.1714285715,50000.0,87900000,24,68,4,7,45,11,4,2025,0,0,0,0,133.0,201.0,-0.433883739117558,-0.9009688679024191,-0.5000000000000004,0.8660254037844384,0.9884683243281114,0.1514277775045767,1786
2025-11-08,8770600,40,37,16,11,219265.0,22500.0,2000000,11,26,5,8,45,11,4,2025,1,0,0,0,132.0,200.0,-0.9749279121818236,-0.2225209339563146,-0.5000000000000004,0.8660254037844384,0.9987165071710528,-0.05064916883871264,1787
2025-11-09,16999080,77,48,19,12,220767.27272727274,1000.0,5000000,25,23,6,9,45,11,4,2025,1,0,0,0,131.0,199.0,-0.7818314824680299,0.6234898018587334,-0.5000000000000004,0.8660254037844384,0.9680771188662043,-0.2506525322587204,1788
2025-11-10,8097326,121,76,21,15,66920.04958677686,1000.0,1056000,23,53,0,10,46,11,4,2025,0,0,0,0,130.0,198.0,0.0,1.0,-0.5000000000000004,0.8660254037844384,0.8978045395707416,-0.4403941515576344,1789
2025-11-11,15998300,84,58,24,13,190455.95238095237,10000.0,5680800,20,38,1,11,46,11,4,2025,0,0,0,0,129.0,197.0,0.7818314824680298,0.6234898018587336,-0.5000000000000004,0.8660254037844384,0.7907757369376989,-0.6121059825476626,1790
2025-11-12,8025358,137,78,18,13,58579.255474452555,1000.0,875300,22,56,2,12,46,11,4,2025,0,0,0,0,128.0,196.0,0.9749279121818236,-0.22252093395631434,-0.5000000000000004,0.8660254037844384,0.6513724827222223,-0.7587581226927909,1791
2025-11-13,9468040,120,60,47,15,78900.33333333333,1000.0,4000000,22,38,3,13,46,11,4,2025,0,0,0,0,127.0,195.0,0.43388373911755823,-0.900968867902419,-0.5000000000000004,0.8660254037844384,0.48530196253108104,-0.8743466161445821,1792
2025-11-14,13707214,330,116,32,17,41537.01212121212,1000.0,1922000,26,90,4,14,46,11,4,2025,0,0,0,0,126.0,194.0,-0.433883739117558,-0.9009688679024191,-0.5000000000000004,0.8660254037844384,0.29936312297335804,-0.9541392564000488,1793
2025-11-15,5373219,377,112,21,10,14252.570291777189,1000.0,1500000,51,61,5,15,46,11,4,2025,1,0,0,0,125.0,193.0,-0.9749279121818236,-0.2225209339563146,-0.5000000000000004,0.8660254037844384,0.10116832198743272,-0.994869323391895,1794
2025-11-16,2644000,30,29,9,9,88133.33333333333,12500.0,1000000,3,26,6,16,46,11,4,2025,1,0,0,0,124.0,192.0,-0.7818314824680299,0.6234898018587334,-0.5000000000000004,0.8660254037844384,-0.10116832198743204,-0.9948693233918952,1795
2025-11-17,27634200,39,37,14,12,708569.2307692308,10000.0,13445000,12,25,0,17,47,11,4,2025,0,0,0,0,123.0,191.0,0.0,1.0,-0.5000000000000004,0.8660254037844384,-0.2993631229733582,-0.9541392564000488,1796
2025-11-18,7923400,74,61,21,14,107072.97297297297,10000.0,1200000,13,48,1,18,47,11,4,2025,0,0,0,0,122.0,190.0,0.7818314824680298,0.6234898018587336,-0.5000000000000004,0.8660254037844384,-0.4853019625310808,-0.8743466161445822,1797
2025-11-19,23757884,66,59,21,16,359967.9393939394,14000.0,4500000,12,47,2,19,47,11,4,2025,0,0,0,0,121.0,189.0,0.9749279121818236,-0.22252093395631434,-0.5000000000000004,0.8660254037844384,-0.651372482722222,-0.7587581226927911,1798
2025-11-20,22071175,60,54,19,12,367852.9166666667,11500.0,9300000,8,46,3,20,47,11,4,2025,0,0,0,0,120.0,188.0,0.43388373911755823,-0.900968867902419,-0.5000000000000004,0.8660254037844384,-0.7907757369376986,-0.6121059825476627,1799
2025-11-21,54971800,146,122,34,18,376519.1780821918,50000.0,16000000,34,88,4,21,47,11,4,2025,0,0,0,0,119.0,187.0,-0.433883739117558,-0.9009688679024191,-0.5000000000000004,0.8660254037844384,-0.8978045395707417,-0.44039415155763423,1800
2025-11-22,6626200,52,51,17,14,127426.92307692308,14550.0,1150000,10,41,5,22,47,11,4,2025,1,0,0,0,118.0,186.0,-0.9749279121818236,-0.2225209339563146,-0.5000000000000004,0.8660254037844384,-0.9680771188662041,-0.2506525322587213,1801
2025-11-23,3992650,43,42,17,13,92852.32558139534,17500.0,1300000,10,32,6,23,47,11,4,2025,1,0,0,0,117.0,185.0,-0.7818314824680299,0.6234898018587334,-0.5000000000000004,0.8660254037844384,-0.9987165071710528,-0.05064916883871355,1802
2025-11-24,12513000,79,56,19,15,158392.40506329114,10000.0,6263000,18,38,0,24,48,11,4,2025,0,0,0,0,116.0,184.0,0.0,1.0,-0.5000000000000004,0.8660254037844384,-0.9884683243281114,0.15142777750457667,1803
2025-11-25,79883870,105,101,22,16,760798.7619047619,100000.0,50000000,18,83,1,25,48,11,4,2025,0,0,0,0,115.0,183.0,0.7818314824680298,0.6234898018587336,-0.5000000000000004,0.8660254037844384,-0.9377521321470804,0.3473052528448203,1804
2025-11-26,37330367,89,68,24,15,419442.32584269665,10000.0,24530000,19,49,2,26,48,11,4,2025,0,0,0,0,114.0,182.0,0.9749279121818236,-0.22252093395631434,-0.5000000000000004,0.8660254037844384,-0.848644257494751,0.5289640103269624,1805
2025-11-27,15243600,93,72,22,16,163909.67741935485,20000.0,2750000,13,59,3,27,48,11,4,2025,0,0,0,0,113.0,181.0,0.43388373911755823,-0.900968867902419,-0.5000000000000004,0.8660254037844384,-0.72479278722912,0.6889669190756865,1806
2025-11-28,49966730,170,155,36,17,293921.9411764706,150000.0,2650000,54,101,4,28,48,11,4,2025,0,0,0,0,112.0,180.0,-0.433883739117558,-0.9009688679024191,-0.5000000000000004,0.8660254037844384,-0.5712682150947924,0.8207634412072763,1807
2025-11-29,17660625,108,103,17,15,163524.30555555556,10000.0,7540625,51,52,5,29,48,11,4,2025,1,0,0,0,111.0,179.0,-0.9749279121818236,-0.2225209339563146,-0.5000000000000004,0.8660254037844384,-0.3943558551133187,0.9189578116202306,1808
2025-11-30,62135113,193,181,16,17,321943.5906735751,100000.0,3000000,87,94,6,30,48,11,4,2025,1,1,0,0,110.0,178.0,-0.7818314824680299,0.6234898018587334,-0.5000000000000004,0.8660254037844384,-0.20129852008866114,0.9795299412524943,1809
2025-12-01,106784404,333,287,27,19,320673.88588588586,200000.0,7050000,136,151,0,1,49,12,4,2025,0,0,1,0,109.0,177.0,0.0,1.0,-2.4492935982947064e-16,1.0,0.20129852008866006,0.9795299412524945,1810
2025-12-02,109340635,361,313,41,22,302882.6454293629,110000.0,5000000,161,152,1,2,49,12,4,2025,0,0,0,0,108.0,176.0,0.7818314824680298,0.6234898018587336,-2.4492935982947064e-16,1.0,0.39435585511331855,0.9189578116202306,1811
2025-12-03,142134511,346,316,27,22,410793.3843930636,200000.0,16710000,163,153,2,3,49,12,4,2025,0,0,0,0,107.0,175.0,0.9749279121818236,-0.22252093395631434,-2.4492935982947064e-16,1.0,0.5712682150947923,0.8207634412072763,1812
2025-12-04,84281249,288,252,24,19,292643.22569444444,100000.0,5000000,141,111,3,4,49,12,4,2025,0,0,0,0,106.0,174.0,0.43388373911755823,-0.900968867902419,-2.4492935982947064e-16,1.0,0.7247927872291199,0.6889669190756866,1813
2025-12-05,220232558,419,393,23,20,525614.6968973747,200000.0,10000000,205,188,4,5,49,12,4,2025,0,0,0,0,105.0,173.0,-0.433883739117558,-0.9009688679024191,-2.4492935982947064e-16,1.0,0.8486442574947509,0.5289640103269624,1814
2025-12-06,111215862,235,176,22,20,473258.98723404255,200000.0,10500000,103,73,5,6,49,12,4,2025,1,0,0,0,104.0,172.0,-0.9749279121818236,-0.2225209339563146,-2.4492935982947064e-16,1.0,0.9377521321470804,0.3473052528448203,1815
2025-12-07,79141600,144,135,18,18,549594.4444444445,275000.0,15000000,78,57,6,7,49,12,4,2025,1,0,0,0,103.0,171.0,-0.7818314824680299,0.6234898018587334,-2.4492935982947064e-16,1.0,0.9884683243281114,0.1514277775045767,1816
2025-12-08,61816070,217,174,16,20,284866.6820276498,100000.0,5000000,95,79,0,8,50,12,4,2025,0,0,0,0,102.0,170.0,0.0,1.0,-2.4492935982947064e-16,1.0,0.9987165071710528,-0.05064916883871264,1817
2025-12-09,111974825,211,179,19,21,530686.3744075829,100000.0,25000000,93,86,1,9,50,12,4,2025,0,0,0,0,101.0,169.0,0.7818314824680298,0.6234898018587336,-2.4492935982947064e-16,1.0,0.9680771188662043,-0.2506525322587204,1818
2025-12-10,64456066,206,158,19,20,312893.52427184465,50000.0,6000000,101,57,2,10,50,12,4,2025,0,0,0,0,100.0,168.0,0.9749279121818236,-0.22252093395631434,-2.4492935982947064e-16,1.0,0.8978045395707416,-0.4403941515576344,1819
2025-12-11,55604258,166,141,21,21,334965.4096385542,100000.0,5050000,69,72,3,11,50,12,4,2025,0,0,0,0,99.0,167.0,0.43388373911755823,-0.900968867902419,-2.4492935982947064e-16,1.0,0.7907757369376989,-0.6121059825476626,1820
2025-12-12,140695556,277,209,32,19,507926.1949458484,100000.0,12028000,113,96,4,12,50,12,4,2025,0,0,0,0,98.0,166.0,-0.433883739117558,-0.9009688679024191,-2.4492935982947064e-16,1.0,0.6513724827222223,-0.7587581226927909,1821
2025-12-13,51081905,88,63,19,16,580476.1931818182,16000.0,10000000,28,35,5,13,50,12,4,2025,1,0,0,0,97.0,165.0,-0.9749279121818236,-0.2225209339563146,-2.4492935982947064e-16,1.0,0.48530196253108104,-0.8743466161445821,1822
2025-12-14,45044800,192,107,19,17,234608.33333333334,10000.0,3050000,57,50,6,14,50,12,4,2025,1,0,0,0,96.0,164.0,-0.7818314824680299,0.6234898018587334,-2.4492935982947064e-16,1.0,0.29936312297335804,-0.9541392564000488,1823
2025-12-15,70089600,465,168,26,20,150730.32258064515,1000.0,10000000,84,84,0,15,51,12,4,2025,0,0,0,0,95.0,163.0,0.0,1.0,-2.4492935982947064e-16,1.0,0.10116832198743272,-0.994869323391895,1824
2025-12-16,103396054,133,98,21,19,777413.9398496241,300000.0,17500000,39,59,1,16,51,12,4,2025,0,0,0,0,94.0,162.0,0.7818314824680298,0.6234898018587336,-2.4492935982947064e-16,1.0,-0.10116832198743204,-0.9948693233918952,1825
2025-12-17,51713000,66,57,20,18,783530.303030303,50000.0,15000000,23,34,2,17,51,12,4,2025,0,0,0,0,93.0,161.0,0.9749279121818236,-0.22252093395631434,-2.4492935982947064e-16,1.0,-0.2993631229733582,-0.9541392564000488,1826
2025-12-18,43132209,77,71,17,19,560158.5584415584,100000.0,7962000,27,44,3,18,51,12,4,2025,0,0,0,0,92.0,160.0,0.43388373911755823,-0.900968867902419,-2.4492935982947064e-16,1.0,-0.4853019625310808,-0.8743466161445822,1827
2025-12-19,151682800,164,128,25,20,924895.1219512195,112500.0,80000000,51,77,4,19,51,12,4,2025,0,0,0,0,91.0,159.0,-0.433883739117558,-0.9009688679024191,-2.4492935982947064e-16,1.0,-0.651372482722222,-0.7587581226927911,1828
2025-12-20,44781087,68,57,15,14,658545.3970588235,125000.0,10000000,21,36,5,20,51,12,4,2025,1,0,0,0,90.0,158.0,-0.9749279121818236,-0.2225209339563146,-2.4492935982947064e-16,1.0,-0.7907757369376986,-0.6121059825476627,1829
2025-12-21,15920220,53,47,11,13,300381.5094339623,200000.0,2000000,15,32,6,21,51,12,4,2025,1,0,0,0,89.0,157.0,-0.7818314824680299,0.6234898018587334,-2.4492935982947064e-16,1.0,-0.8978045395707417,-0.44039415155763423,1830
2025-12-22,79644500,74,62,14,15,1076277.027027027,250000.0,10560000,22,40,0,22,52,12,4,2025,0,0,0,0,88.0,156.0,0.0,1.0,-2.4492935982947064e-16,1.0,-0.9680771188662041,-0.2506525322587213,1831
2025-12-23,44938600,109,95,18,17,412280.7339449541,100000.0,10000000,42,53,1,23,52,12,4,2025,0,0,0,0,87.0,155.0,0.7818314824680298,0.6234898018587336,-2.4492935982947064e-16,1.0,-0.9987165071710528,-0.05064916883871355,1832
2025-12-24,57796451,123,111,22,19,469889.8455284553,200000.0,12750000,36,75,2,24,52,12,4,2025,0,0,0,0,86.0,154.0,0.9749279121818236,-0.22252093395631434,-2.4492935982947064e-16,1.0,-0.9884683243281114,0.15142777750457667,1833
2025-12-25,65600218,95,79,20,14,690528.6105263158,130000.0,14362401,28,51,3,25,52,12,4,2025,0,0,0,0,85.0,153.0,0.43388373911755823,-0.900968867902419,-2.4492935982947064e-16,1.0,-0.9377521321470804,0.3473052528448203,1834
2025-12-26,121030967,152,127,25,20,796256.3618421053,200000.0,25000000,47,80,4,26,52,12,4,2025,0,0,0,0,84.0,152.0,-0.433883739117558,-0.9009688679024191,-2.4492935982947064e-16,1.0,-0.848644257494751,0.5289640103269624,1835
2025-12-27,83112004,66,62,16,17,1259272.7878787878,200000.0,50000000,22,40,5,27,52,12,4,2025,1,0,0,0,83.0,151.0,-0.9749279121818236,-0.2225209339563146,-2.4492935982947064e-16,1.0,-0.72479278722912,0.6889669190756865,1836
2025-12-28,13966600,52,49,16,16,268588.46153846156,75000.0,3500000,15,34,6,28,52,12,4,2025,1,0,0,0,82.0,150.0,-0.7818314824680299,0.6234898018587334,-2.4492935982947064e-16,1.0,-0.5712682150947924,0.8207634412072763,1837
2025-12-29,20338400,77,64,21,17,264135.06493506493,50000.0,5000000,23,41,0,29,1,12,4,2025,0,0,0,0,81.0,149.0,0.0,1.0,-2.4492935982947064e-16,1.0,-0.3943558551133187,0.9189578116202306,1838
2025-12-30,60320800,112,91,22,20,538578.5714285715,50000.0,25000000,36,55,1,30,1,12,4,2025,0,0,0,0,80.0,148.0,0.7818314824680298,0.6234898018587336,-2.4492935982947064e-16,1.0,-0.20129852008866114,0.9795299412524943,1839
2025-12-31,51010215,105,82,20,18,485811.5714285714,80000.0,10000000,25,57,2,31,1,12,4,2025,0,1,0,0,79.0,147.0,0.9749279121818236,-0.22252093395631434,-2.4492935982947064e-16,1.0,-2.4492935982947064e-16,1.0,1840
2026-01-01,24962580,99,71,18,18,252147.27272727274,100000.0,5500000,27,44,3,1,1,1,1,2026,0,0,1,0,78.0,146.0,0.43388373911755823,-0.900968867902419,0.49999999999999994,0.8660254037844387,0.20129852008866006,0.9795299412524945,1841
2026-01-02,40782050,177,134,38,20,230407.06214689265,100000.0,5000000,40,94,4,2,1,1,1,2026,0,0,0,0,77.0,145.0,-0.433883739117558,-0.9009688679024191,0.49999999999999994,0.8660254037844387,0.39435585511331855,0.9189578116202306,1842
2026-01-03,20573523,65,61,17,16,316515.73846153845,180000.0,2000000,18,43,5,3,1,1,1,2026,1,0,0,0,76.0,144.0,-0.9749279121818236,-0.2225209339563146,0.49999999999999994,0.8660254037844387,0.5712682150947923,0.8207634412072763,1843
2026-01-04,19843107,93,58,28,17,213366.74193548388,10000.0,5000000,18,40,6,4,1,1,1,2026,1,0,0,0,75.0,143.0,-0.7818314824680299,0.6234898018587334,0.49999999999999994,0.8660254037844387,0.7247927872291199,0.6889669190756866,1844
2026-01-05,84260352,106,81,23,17,794908.9811320754,21250.0,51156000,17,64,0,5,2,1,1,2026,0,0,0,0,74.0,142.0,0.0,1.0,0.49999999999999994,0.8660254037844387,0.8486442574947509,0.5289640103269624,1845
2026-01-06,45571312,246,190,28,19,185249.23577235773,20000.0,6260000,123,67,1,6,2,1,1,2026,0,0,0,0,73.0,141.0,0.7818314824680298,0.6234898018587336,0.49999999999999994,0.8660254037844387,0.9377521321470804,0.3473052528448203,1846
2026-01-07,35143836,189,155,30,16,185946.22222222222,20200.0,8000000,87,68,2,7,2,1,1,2026,0,0,0,0,72.0,140.0,0.9749279121818236,-0.22252093395631434,0.49999999999999994,0.8660254037844387,0.9884683243281114,0.1514277775045767,1847
2026-01-08,19116545,116,99,22,15,164797.80172413794,15750.0,4380000,24,75,3,8,2,1,1,2026,0,0,0,0,71.0,139.0,0.43388373911755823,-0.900968867902419,0.49999999999999994,0.8660254037844387,0.9987165071710528,-0.05064916883871264,1848
2026-01-09,24124077,156,131,30,19,154641.51923076922,25000.0,2000000,38,93,4,9,2,1,1,2026,0,0,0,0,70.0,138.0,-0.433883739117558,-0.9009688679024191,0.49999999999999994,0.8660254037844387,0.9680771188662043,-0.2506525322587204,1849
2026-01-10,12561700,77,71,17,18,163138.96103896105,20000.0,3000000,19,52,5,10,2,1,1,2026,1,0,0,0,69.0,137.0,-0.9749279121818236,-0.2225209339563146,0.49999999999999994,0.8660254037844387,0.8978045395707416,-0.4403941515576344,1850
2026-01-11,10456100,74,58,20,16,141298.64864864864,10000.0,3000000,13,45,6,11,2,1,1,2026,1,0,0,0,68.0,136.0,-0.7818314824680299,0.6234898018587334,0.49999999999999994,0.8660254037844387,0.7907757369376989,-0.6121059825476626,1851
2026-01-12,18022542,125,103,21,18,144180.336,10000.0,2800000,33,70,0,12,3,1,1,2026,0,0,0,0,67.0,135.0,0.0,1.0,0.49999999999999994,0.8660254037844387,0.6513724827222223,-0.7587581226927909,1852
2026-01-13,7491800,119,70,18,15,62956.3025210084,1000.0,1000000,16,54,1,13,3,1,1,2026,0,0,0,0,66.0,134.0,0.7818314824680298,0.6234898018587336,0.49999999999999994,0.8660254037844387,0.48530196253108104,-0.8743466161445821,1853
2026-01-14,10252151,291,110,58,17,35230.75945017182,649.0,1000000,39,71,2,14,3,1,1,2026,0,0,0,0,65.0,133.0,0.9749279121818236,-0.22252093395631434,0.49999999999999994,0.8660254037844387,0.29936312297335804,-0.9541392564000488,1854
2026-01-15,12545652,465,141,23,15,26979.89677419355,1000.0,3500000,73,68,3,15,3,1,1,2026,0,0,0,0,64.0,132.0,0.43388373911755823,-0.900968867902419,0.49999999999999994,0.8660254037844387,0.10116832198743272,-0.994869323391895,1855
2026-01-16,38711700,117,105,29,19,330869.23076923075,100000.0,6000000,29,76,4,16,3,1,1,2026,0,0,0,0,63.0,131.0,-0.433883739117558,-0.9009688679024191,0.49999999999999994,0.8660254037844387,-0.10116832198743204,-0.9948693233918952,1856
2026-01-17,85766200,59,46,24,16,1453664.406779661,50000.0,30000000,14,32,5,17,3,1,1,2026,1,0,0,0,62.0,130.0,-0.9749279121818236,-0.2225209339563146,0.49999999999999994,0.8660254037844387,-0.2993631229733582,-0.9541392564000488,1857
2026-01-18,10338500,78,60,14,17,132544.87179487178,15000.0,1000000,17,43,6,18,3,1,1,2026,1,0,0,0,61.0,129.0,-0.7818314824680299,0.6234898018587334,0.49999999999999994,0.8660254037844387,-0.4853019625310808,-0.8743466161445822,1858
2026-01-19,20310900,83,79,15,16,244709.63855421686,50000.0,5000000,19,60,0,19,4,1,1,2026,0,0,0,0,60.0,128.0,0.0,1.0,0.49999999999999994,0.8660254037844387,-0.651372482722222,-0.7587581226927911,1859
2026-01-20,23765350,76,73,19,17,312701.9736842105,175000.0,5000000,22,51,1,20,4,1,1,2026,0,0,0,0,59.0,127.0,0.7818314824680298,0.6234898018587336,0.49999999999999994,0.8660254037844387,-0.7907757369376986,-0.6121059825476627,1860
2026-01-21,21745475,74,67,19,14,293857.7702702703,100000.0,5000000,19,48,2,21,4,1,1,2026,0,0,0,0,58.0,126.0,0.9749279121818236,-0.22252093395631434,0.49999999999999994,0.8660254037844387,-0.8978045395707417,-0.44039415155763423,1861
2026-01-22,20397100,60,59,17,18,339951.6666666667,50000.0,10000000,20,39,3,22,4,1,1,2026,0,0,0,0,57.0,125.0,0.43388373911755823,-0.900968867902419,0.49999999999999994,0.8660254037844387,-0.9680771188662041,-0.2506525322587213,1862
2026-01-23,49484900,170,126,30,18,291087.64705882355,50000.0,12500000,34,92,4,23,4,1,1,2026,0,0,0,0,56.0,124.0,-0.433883739117558,-0.9009688679024191,0.49999999999999994,0.8660254037844387,-0.9987165071710528,-0.05064916883871355,1863
2026-01-24,20422173,84,76,25,16,243121.10714285713,50000.0,5000000,21,55,5,24,4,1,1,2026,1,0,0,0,55.0,123.0,-0.9749279121818236,-0.2225209339563146,0.49999999999999994,0.8660254037844387,-0.9884683243281114,0.15142777750457667,1864
2026-01-25,32536009,105,84,25,19,309866.75238095236,10000.0,10000000,31,53,6,25,4,1,1,2026,1,0,0,0,54.0,122.0,-0.7818314824680299,0.6234898018587334,0.49999999999999994,0.8660254037844387,-0.9377521321470804,0.3473052528448203,1865
2026-01-26,63425000,145,108,30,19,437413.7931034483,10000.0,25000000,38,70,0,26,5,1,1,2026,0,0,0,0,53.0,121.0,0.0,1.0,0.49999999999999994,0.8660254037844387,-0.848644257494751,0.5289640103269624,1866
2026-01-27,14042100,111,90,24,18,126505.4054054054,10000.0,1100000,24,66,1,27,5,1,1,2026,0,0,0,0,52.0,120.0,0.7818314824680298,0.6234898018587336,0.49999999999999994,0.8660254037844387,-0.72479278722912,0.6889669190756865,1867
2026-01-28,22047416,120,108,24,18,183728.46666666667,59050.0,2750000,29,79,2,28,5,1,1,2026,0,0,0,0,51.0,119.0,0.9749279121818236,-0.22252093395631434,0.49999999999999994,0.8660254037844387,-0.5712682150947924,0.8207634412072763,1868
2026-01-29,30356552,114,109,31,17,266285.5438596491,100000.0,3000000,40,69,3,29,5,1,1,2026,0,0,0,0,50.0,118.0,0.43388373911755823,-0.900968867902419,0.49999999999999994,0.8660254037844387,-0.3943558551133187,0.9189578116202306,1869
2026-01-30,42597750,174,162,38,19,244814.6551724138,100000.0,5000000,42,120,4,30,5,1,1,2026,0,0,0,0,49.0,117.0,-0.433883739117558,-0.9009688679024191,0.49999999999999994,0.8660254037844387,-0.20129852008866114,0.9795299412524943,1870
2026-01-31,27199203,114,106,27,16,238589.5,295000.0,2250000,37,69,5,31,5,1,1,2026,1,1,0,0,48.0,116.0,-0.9749279121818236,-0.2225209339563146,0.49999999999999994,0.8660254037844387,-2.4492935982947064e-16,1.0,1871
2026-02-01,41481024,121,112,28,18,342818.3801652893,200000.0,8850000,42,70,6,1,5,2,1,2026,1,0,1,0,47.0,115.0,-0.7818314824680299,0.6234898018587334,0.8660254037844386,0.5000000000000001,0.20129852008866006,0.9795299412524945,1872
2026-02-02,28292097,159,129,29,18,177937.71698113208,30000.0,2000000,43,86,0,2,6,2,1,2026,0,0,0,0,46.0,114.0,0.0,1.0,0.8660254037844386,0.5000000000000001,0.39435585511331855,0.9189578116202306,1873
2026-02-03,22528690,149,103,28,20,151199.26174496644,10000.0,1697000,33,70,1,3,6,2,1,2026,0,0,0,0,45.0,113.0,0.7818314824680298,0.6234898018587336,0.8660254037844386,0.5000000000000001,0.5712682150947923,0.8207634412072763,1874
2026-02-04,21918100,177,111,31,19,123831.07344632769,10000.0,2050000,36,75,2,4,6,2,1,2026,0,0,0,0,44.0,112.0,0.9749279121818236,-0.22252093395631434,0.8660254037844386,0.5000000000000001,0.7247927872291199,0.6889669190756866,1875
2026-02-05,21291500,121,103,31,18,175962.80991735536,15000.0,5000000,33,70,3,5,6,2,1,2026,0,0,0,0,43.0,111.0,0.43388373911755823,-0.900968867902419,0.8660254037844386,0.5000000000000001,0.8486442574947509,0.5289640103269624,1876
2026-02-06,52306400,179,150,43,19,292214.5251396648,100000.0,5000000,36,114,4,6,6,2,1,2026,0,0,0,0,42.0,110.0,-0.433883739117558,-0.9009688679024191,0.8660254037844386,0.5000000000000001,0.9377521321470804,0.3473052528448203,1877
2026-02-07,32042650,111,104,30,14,288672.52252252254,100000.0,10000000,41,63,5,7,6,2,1,2026,1,0,0,0,41.0,109.0,-0.9749279121818236,-0.2225209339563146,0.8660254037844386,0.5000000000000001,0.9884683243281114,0.1514277775045767,1878
2026-02-08,15550315,139,93,53,17,111872.76978417266,10000.0,2000000,37,56,6,8,6,2,1,2026,1,0,0,0,40.0,108.0,-0.7818314824680299,0.6234898018587334,0.8660254037844386,0.5000000000000001,0.9987165071710528,-0.05064916883871264,1879
2026-02-09,25016587,135,113,36,18,185308.05185185187,20000.0,2926000,42,71,0,9,7,2,1,2026,0,0,0,0,39.0,107.0,0.0,1.0,0.8660254037844386,0.5000000000000001,0.9680771188662043,-0.2506525322587204,1880
2026-02-10,45522529,157,121,40,20,289952.41401273885,20000.0,10000000,40,81,1,10,7,2,1,2026,0,0,0,0,38.0,106.0,0.7818314824680298,0.6234898018587336,0.8660254037844386,0.5000000000000001,0.8978045395707416,-0.4403941515576344,1881
2026-02-11,42423800,136,107,30,18,311939.70588235295,42500.0,15000000,28,79,2,11,7,2,1,2026,0,0,0,0,37.0,105.0,0.9749279121818236,-0.22252093395631434,0.8660254037844386,0.5000000000000001,0.7907757369376989,-0.6121059825476626,1882
2026-02-12,47865350,232,147,37,20,206316.16379310345,2250.0,8000000,49,98,3,12,7,2,1,2026,0,0,0,0,36.0,104.0,0.43388373911755823,-0.900968867902419,0.8660254037844386,0.5000000000000001,0.6513724827222223,-0.7587581226927909,1883
2026-02-13,39185489,225,166,42,16,174157.7288888889,50000.0,4750000,62,104,4,13,7,2,1,2026,0,0,0,0,35.0,103.0,-0.433883739117558,-0.9009688679024191,0.8660254037844386,0.5000000000000001,0.48530196253108104,-0.8743466161445821,1884
2026-02-14,78750678,167,141,31,16,471560.9461077844,1000.0,18000000,91,50,5,14,7,2,1,2026,1,0,0,0,34.0,102.0,-0.9749279121818236,-0.2225209339563146,0.8660254037844386,0.5000000000000001,0.29936312297335804,-0.9541392564000488,1885
2026-02-15,27446382,387,168,32,19,70920.88372093023,1000.0,1950000,100,68,6,15,7,2,1,2026,1,0,0,0,33.0,101.0,-0.7818314824680299,0.6234898018587334,0.8660254037844386,0.5000000000000001,0.10116832198743272,-0.994869323391895,1886
2026-02-16,32713138,118,92,28,16,277229.9830508475,100000.0,10000000,37,55,0,16,8,2,1,2026,0,0,0,0,32.0,100.0,0.0,1.0,0.8660254037844386,0.5000000000000001,-0.10116832198743204,-0.9948693233918952,1887
2026-02-17,39400477,111,97,27,16,354959.25225225225,100000.0,7500000,43,54,1,17,8,2,1,2026,0,0,0,0,31.0,99.0,0.7818314824680298,0.6234898018587336,0.8660254037844386,0.5000000000000001,-0.2993631229733582,-0.9541392564000488,1888
2026-02-18,65796280,203,184,43,19,324119.60591133,202500.0,18000000,81,103,2,18,8,2,1,2026,0,0,0,1,30.0,98.0,0.9749279121818236,-0.22252093395631434,0.8660254037844386,0.5000000000000001,-0.4853019625310808,-0.8743466161445822,1889
2026-02-19,88765444,452,415,67,23,196383.72566371682,47500.0,10000000,216,199,3,19,8,2,1,2026,0,0,0,1,29.0,97.0,0.43388373911755823,-0.900968867902419,0.8660254037844386,0.5000000000000001,-0.651372482722222,-0.7587581226927911,1890
2026-02-20,229453616,700,632,81,24,327790.88,50000.0,15000000,313,319,4,20,8,2,1,2026,0,0,0,1,28.0,96.0,-0.433883739117558,-0.9009688679024191,0.8660254037844386,0.5000000000000001,-0.7907757369376986,-0.6121059825476627,1891
2026-02-21,106895998,469,405,70,23,227923.236673774,32000.0,10000000,189,216,5,21,8,2,1,2026,1,0,0,1,27.0,95.0,-0.9749279121818236,-0.2225209339563146,0.8660254037844386,0.5000000000000001,-0.8978045395707417,-0.44039415155763423,1892
2026-02-22,132412350,380,355,64,21,348453.55263157893,50000.0,20000000,140,215,6,22,8,2,1,2026,1,0,0,1,26.0,94.0,-0.7818314824680299,0.6234898018587334,0.8660254037844386,0.5000000000000001,-0.9680771188662041,-0.2506525322587213,1893
2026-02-23,175333781,452,408,70,24,387906.59513274336,34000.0,15000000,166,242,0,23,9,2,1,2026,0,0,0,1,25.0,93.0,0.0,1.0,0.8660254037844386,0.5000000000000001,-0.9987165071710528,-0.05064916883871355,1894
2026-02-24,172404304,472,436,80,24,365263.3559322034,25000.0,20625000,205,231,1,24,9,2,1,2026,0,0,0,1,24.0,92.0,0.7818314824680298,0.6234898018587336,0.8660254037844386,0.5000000000000001,-0.9884683243281114,0.15142777750457667,1895
2026-02-25,357906941,545,471,72,23,656709.9834862385,50000.0,80117077,213,258,2,25,9,2,1,2026,0,0,0,1,23.0,91.0,0.9749279121818236,-0.22252093395631434,0.8660254037844386,0.5000000000000001,-0.9377521321470804,0.3473052528448203,1896
2026-02-26,314299653,596,519,75,24,527348.4110738256,50000.0,43700000,263,256,3,26,9,2,1,2026,0,0,0,1,22.0,90.0,0.43388373911755823,-0.900968867902419,0.8660254037844386,0.5000000000000001,-0.848644257494751,0.5289640103269624,1897
2026-02-27,618632321,956,779,91,24,647104.9382845188,50000.0,54000000,392,387,4,27,9,2,1,2026,0,0,0,1,21.0,89.0,-0.433883739117558,-0.9009688679024191,0.8660254037844386,0.5000000000000001,-0.72479278722912,0.6889669190756865,1898
2026-02-28,305381727,585,520,83,23,522020.04615384614,50000.0,50000000,241,279,5,28,9,2,1,2026,1,1,0,1,20.0,88.0,-0.9749279121818236,-0.2225209339563146,0.8660254037844386,0.5000000000000001,-0.5712682150947924,0.8207634412072763,1899
2026-03-01,370988786,645,560,85,21,575176.4124031008,60000.0,100000000,273,287,6,1,9,3,1,2026,1,0,1,1,19.0,87.0,-0.7818314824680299,0.6234898018587334,1.0,6.123233995736766e-17,0.20129852008866006,0.9795299412524945,1900
2026-03-02,673811117,786,661,80,24,857266.0521628499,50000.0,300000000,348,313,0,2,10,3,1,2026,0,0,0,1,18.0,86.0,0.0,1.0,1.0,6.123233995736766e-17,0.39435585511331855,0.9189578116202306,1901
2026-03-03,435937531,802,679,93,23,543563.006234414,100000.0,30000000,331,348,1,3,10,3,1,2026,0,0,0,1,17.0,85.0,0.7818314824680298,0.6234898018587336,1.0,6.123233995736766e-17,0.5712682150947923,0.8207634412072763,1902
2026-03-04,398892555,845,699,92,22,472062.1952662722,50000.0,20000000,379,320,2,4,10,3,1,2026,0,0,0,1,16.0,84.0,0.9749279121818236,-0.22252093395631434,1.0,6.123233995736766e-17,0.7247927872291199,0.6889669190756866,1903
2026-03-05,554385446,858,707,85,24,646136.8834498834,52500.0,100000000,354,353,3,5,10,3,1,2026,0,0,0,1,15.0,83.0,0.43388373911755823,-0.900968867902419,1.0,6.123233995736766e-17,0.8486442574947509,0.5289640103269624,1904
2026-03-06,786976279,1400,1118,107,23,562125.9135714286,100000.0,25000000,617,501,4,6,10,3,1,2026,0,0,0,1,14.0,82.0,-0.433883739117558,-0.9009688679024191,1.0,6.123233995736766e-17,0.9377521321470804,0.3473052528448203,1905
2026-03-07,451799156,943,760,81,23,479108.33085896075,100000.0,17000000,382,378,5,7,10,3,1,2026,1,0,0,1,13.0,81.0,-0.9749279121818236,-0.2225209339563146,1.0,6.123233995736766e-17,0.9884683243281114,0.1514277775045767,1906
2026-03-08,588881938,1103,865,100,22,533891.1495920217,100000.0,50000000,492,373,6,8,10,3,1,2026,1,0,0,1,12.0,80.0,-0.7818314824680299,0.6234898018587334,1.0,6.123233995736766e-17,0.9987165071710528,-0.05064916883871264,1907
2026-03-09,908369700,1597,1199,110,23,568797.557921102,90000.0,60000000,714,485,0,9,11,3,1,2026,0,0,0,1,11.0,79.0,0.0,1.0,1.0,6.123233995736766e-17,0.9680771188662043,-0.2506525322587204,1908
2026-03-10,1512097883,2011,1514,114,24,751913.4177026355,100000.0,400000000,951,563,1,10,11,3,1,2026,0,0,0,1,10.0,78.0,0.7818314824680298,0.6234898018587336,1.0,6.123233995736766e-17,0.8978045395707416,-0.4403941515576344,1909
2026-03-11,1172643720,2496,1854,123,24,469809.1826923077,60000.0,30000000,1142,712,2,11,11,3,1,2026,0,0,0,1,9.0,77.0,0.9749279121818236,-0.22252093395631434,1.0,6.123233995736766e-17,0.7907757369376989,-0.6121059825476626,1910
2026-03-12,1300630913,2916,2196,118,25,446032.5490397805,50000.0,32900000,1314,882,3,12,11,3,1,2026,0,0,0,1,8.0,76.0,0.43388373911755823,-0.900968867902419,1.0,6.123233995736766e-17,0.6513724827222223,-0.7587581226927909,1911
2026-03-13,1890322810,3667,2728,140,25,515495.7212980638,100000.0,74030000,1615,1113,4,13,11,3,1,2026,0,0,0,1,7.0,75.0,-0.433883739117558,-0.9009688679024191,1.0,6.123233995736766e-17,0.48530196253108104,-0.8743466161445821,1912
2026-03-14,1720010156,3457,2539,142,25,497544.1585189471,100000.0,50000000,1532,1007,5,14,11,3,1,2026,1,0,0,1,6.0,74.0,-0.9749279121818236,-0.2225209339563146,1.0,6.123233995736766e-17,0.29936312297335804,-0.9541392564000488,1913
2026-03-15,1466525980,3731,2548,133,26,393065.1246314661,100000.0,40000000,1493,1055,6,15,11,3,1,2026,1,0,0,1,5.0,73.0,-0.7818314824680299,0.6234898018587334,1.0,6.123233995736766e-17,0.10116832198743272,-0.994869323391895,1914
2026-03-16,2380806471,3690,2756,131,25,645205.005691057,100000.0,100000000,1687,1069,0,16,12,3,1,2026,0,0,0,1,4.0,72.0,0.0,1.0,1.0,6.123233995736766e-17,-0.10116832198743204,-0.9948693233918952,1915
2026-03-17,2025814972,4290,3080,142,26,472217.9421911422,100000.0,50000000,1887,1193,1,17,12,3,1,2026,0,0,0,1,3.0,71.0,0.7818314824680298,0.6234898018587336,1.0,6.123233995736766e-17,-0.2993631229733582,-0.9541392564000488,1916
2026-03-18,1620225913,3453,2564,125,25,469222.6796988126,100000.0,49591000,1610,954,2,18,12,3,1,2026,0,0,0,1,2.0,70.0,0.9749279121818236,-0.22252093395631434,1.0,6.123233995736766e-17,-0.4853019625310808,-0.8743466161445822,1917
2026-03-19,1626705287,3262,2460,125,25,498683.4110974862,100000.0,50000000,1499,961,3,19,12,3,1,2026,0,0,0,1,1.0,69.0,0.43388373911755823,-0.900968867902419,1.0,6.123233995736766e-17,-0.651372482722222,-0.7587581226927911,1918
2026-03-20,865261668,1643,1367,106,24,526635.2209373098,100000.0,33800000,749,618,4,20,12,3,1,2026,0,0,0,0,0.0,68.0,-0.433883739117558,-0.9009688679024191,1.0,6.123233995736766e-17,-0.7907757369376986,-0.6121059825476627,1919
2026-03-21,135607835,150,132,42,20,904052.2333333333,100000.0,24000000,66,66,5,21,12,3,1,2026,1,0,0,0,353.0,67.0,-0.9749279121818236,-0.2225209339563146,1.0,6.123233995736766e-17,-0.8978045395707417,-0.44039415155763423,1920
2026-03-22,11966499,87,74,33,15,137545.9655172414,10000.0,2000000,31,43,6,22,12,3,1,2026,1,0,0,0,352.0,66.0,-0.7818314824680299,0.6234898018587334,1.0,6.123233995736766e-17,-0.9680771188662041,-0.2506525322587213,1921
2026-03-23,13279000,74,64,27,16,179445.94594594595,17500.0,5000000,21,43,0,23,13,3,1,2026,0,0,0,0,351.0,65.0,0.0,1.0,1.0,6.123233995736766e-17,-0.9987165071710528,-0.05064916883871355,1922
2026-03-24,9931500,71,66,25,17,139880.28169014084,10000.0,2050000,21,45,1,24,13,3,1,2026,0,0,0,0,350.0,64.0,0.7818314824680298,0.6234898018587336,1.0,6.123233995736766e-17,-0.9884683243281114,0.15142777750457667,1923
2026-03-25,30754885,113,103,30,21,272167.1238938053,50000.0,8550000,30,73,2,25,13,3,1,2026,0,0,0,0,349.0,63.0,0.9749279121818236,-0.22252093395631434,1.0,6.123233995736766e-17,-0.9377521321470804,0.3473052528448203,1924
2026-03-26,26786625,102,96,30,18,262613.9705882353,50000.0,10000000,32,64,3,26,13,3,1,2026,0,0,0,0,348.0,62.0,0.43388373911755823,-0.900968867902419,1.0,6.123233995736766e-17,-0.848644257494751,0.5289640103269624,1925
2026-03-27,41928000,155,143,36,22,270503.22580645164,50000.0,5000000,45,98,4,27,13,3,1,2026,0,0,0,0,347.0,61.0,-0.433883739117558,-0.9009688679024191,1.0,6.123233995736766e-17,-0.72479278722912,0.6889669190756865,1926
2026-03-28,39153459,94,84,24,19,416526.1595744681,27500.0,6500000,28,56,5,28,13,3,1,2026,1,0,0,0,346.0,60.0,-0.9749279121818236,-0.2225209339563146,1.0,6.123233995736766e-17,-0.5712682150947924,0.8207634412072763,1927
2026-03-29,13998846,82,74,26,18,170717.63414634147,27500.0,2827846,18,56,6,29,13,3,1,2026,1,0,0,0,345.0,59.0,-0.7818314824680299,0.6234898018587334,1.0,6.123233995736766e-17,-0.3943558551133187,0.9189578116202306,1928
2026-03-30,42719872,102,87,28,16,418822.2745098039,15000.0,15000000,21,66,0,30,14,3,1,2026,0,0,0,0,344.0,58.0,0.0,1.0,1.0,6.123233995736766e-17,-0.20129852008866114,0.9795299412524943,1929
2026-03-31,45316986,151,143,30,18,300112.4900662252,70000.0,5700000,51,92,1,31,14,3,1,2026,0,1,0,0,343.0,57.0,0.7818314824680298,0.6234898018587336,1.0,6.123233995736766e-17,-2.4492935982947064e-16,1.0,1930
2026-04-01,29583953,125,109,39,18,236671.624,30000.0,10000000,28,81,2,1,14,4,2,2026,0,0,1,0,342.0,56.0,0.9749279121818236,-0.22252093395631434,0.8660254037844387,-0.4999999999999998,0.20129852008866006,0.9795299412524945,1931
2026-04-02,39446791,137,113,32,16,287932.7810218978,13000.0,10000000,24,89,3,2,14,4,2,2026,0,0,0,0,341.0,55.0,0.43388373911755823,-0.900968867902419,0.8660254037844387,-0.4999999999999998,0.39435585511331855,0.9189578116202306,1932
2026-04-03,18757611,147,127,43,19,127602.79591836735,30000.0,4000000,36,91,4,3,14,4,2,2026,0,0,0,0,340.0,54.0,-0.433883739117558,-0.9009688679024191,0.8660254037844387,-0.4999999999999998,0.5712682150947923,0.8207634412072763,1933
2026-04-04,39497500,85,77,27,19,464676.4705882353,10000.0,20000000,26,51,5,4,14,4,2,2026,1,0,0,0,339.0,53.0,-0.9749279121818236,-0.2225209339563146,0.8660254037844387,-0.4999999999999998,0.7247927872291199,0.6889669190756866,1934
2026-04-05,108419528,98,64,25,13,1106321.7142857143,10000.0,50000000,16,48,6,5,14,4,2,2026,1,0,0,0,338.0,52.0,-0.7818314824680299,0.6234898018587334,0.8660254037844387,-0.4999999999999998,0.8486442574947509,0.5289640103269624,1935
2026-04-06,18540900,112,88,29,18,165543.75,10000.0,4000000,19,69,0,6,15,4,2,2026,0,0,0,0,337.0,51.0,0.0,1.0,0.8660254037844387,-0.4999999999999998,0.9377521321470804,0.3473052528448203,1936
2026-04-07,19099300,91,80,28,19,209882.41758241758,10000.0,7000000,23,57,1,7,15,4,2,2026,0,0,0,0,336.0,50.0,0.7818314824680298,0.6234898018587336,0.8660254037844387,-0.4999999999999998,0.9884683243281114,0.1514277775045767,1937
2026-04-08,25739640,108,80,31,17,238330.0,10000.0,4500000,20,60,2,8,15,4,2,2026,0,0,0,0,335.0,49.0,0.9749279121818236,-0.22252093395631434,0.8660254037844387,-0.4999999999999998,0.9987165071710528,-0.05064916883871264,1938
2026-04-09,7930933,79,73,29,17,100391.55696202532,10000.0,2500000,7,66,3,9,15,4,2,2026,0,0,0,0,334.0,48.0,0.43388373911755823,-0.900968867902419,0.8660254037844387,-0.4999999999999998,0.9680771188662043,-0.2506525322587204,1939
2026-04-10,51565980,178,114,42,18,289696.5168539326,7500.0,10000000,25,89,4,10,15,4,2,2026,0,0,0,0,333.0,47.0,-0.433883739117558,-0.9009688679024191,0.8660254037844387,-0.4999999999999998,0.8978045395707416,-0.4403941515576344,1940
2026-04-11,16294597,95,70,24,17,171522.07368421054,10000.0,6076000,20,50,5,11,15,4,2,2026,1,0,0,0,332.0,46.0,-0.9749279121818236,-0.2225209339563146,0.8660254037844387,-0.4999999999999998,0.7907757369376989,-0.6121059825476626,1941
2026-04-12,28246221,118,58,32,15,239374.75423728814,1000.0,7000000,10,48,6,12,15,4,2,2026,1,0,0,0,331.0,45.0,-0.7818314824680299,0.6234898018587334,0.8660254037844387,-0.4999999999999998,0.6513724827222223,-0.7587581226927909,1942
2026-04-13,38298024,192,99,38,18,199468.875,1000.0,5000000,21,78,0,13,16,4,2,2026,0,0,0,0,330.0,44.0,0.0,1.0,0.8660254037844387,-0.4999999999999998,0.48530196253108104,-0.8743466161445821,1943
2026-04-14,29546532,359,106,43,19,82302.31754874652,1000.0,13500000,21,85,1,14,16,4,2,2026,0,0,0,0,329.0,43.0,0.7818314824680298,0.6234898018587336,0.8660254037844387,-0.4999999999999998,0.29936312297335804,-0.9541392564000488,1944
